id,difficulty,era,shown,from,to,width,start_tell,end_tell,labels,lon,lat,km,region
N0000,N,0,1874-01-28,1871-05-10,1878-07-12,7,"The border between France and Germany is already in its new place, set on 10 May 1871.",There is no Serbia yet. It appeared on 13 July 1878.,GERMANY / FRANCE / SPAIN / AUSTRIA-HUNGARY / SWEDEN-NORWAY / UNITED KINGDOM / RUSSIA / ITALY,4.529,50.776,2510,europe 1816-1885
N0001,N,0,1876-05-17,1871-05-10,1878-07-12,7,"The border between France and Germany is already in its new place, set on 10 May 1871.",There is no Romania yet. It appeared on 13 July 1878.,RUSSIA / AUSTRIA-HUNGARY / GERMANY / OTTOMAN EMPIRE / FRANCE / ITALY / SWEDEN-NORWAY,16.095,48.436,2493,europe 1816-1885
N0002,N,0,1874-05-11,1871-05-10,1878-07-12,7,"The border between France and Germany is already in its new place, set on 10 May 1871.",There is no Serbia yet. It appeared on 13 July 1878.,FRANCE / GERMANY / AUSTRIA-HUNGARY / ITALY / SPAIN / UNITED KINGDOM / RUSSIA / OTTOMAN EMPIRE,8.176,44.913,1931,europe 1816-1885
N0003,N,0,1871-03-15,1871-01-01,1871-05-09,0,There is no Bavaria. It disappeared in 1871.,The border between France and Germany has not moved yet. It moved on 10 May 1871.,RUSSIA / SWEDEN-NORWAY / GERMANY / AUSTRIA-HUNGARY / FRANCE / UNITED KINGDOM,10.446,57.192,2186,europe 1816-1885
N0004,N,0,1877-08-04,1871-05-10,1878-07-12,7,"The border between France and Germany is already in its new place, set on 10 May 1871.",There is no Romania yet. It appeared on 13 July 1878.,RUSSIA / AUSTRIA-HUNGARY / OTTOMAN EMPIRE / GERMANY / FRANCE / ITALY,16.422,45.122,2612,europe 1816-1885
N0005,N,0,1879-12-27,1878-07-13,1905-08-25,27,Bosnia is on the map. It appeared on 13 July 1878.,There is no Norway yet. It appeared on 26 August 1905.,GERMANY / AUSTRIA-HUNGARY / FRANCE / RUSSIA / ITALY / BOSNIA / SPAIN,11.203,50.055,1725,europe 1816-1885
N0006,N,0,1871-06-28,1871-01-01,1878-07-12,7,There is no Bavaria. It disappeared in 1871.,There is no Romania yet. It appeared on 13 July 1878.,RUSSIA / AUSTRIA-HUNGARY / OTTOMAN EMPIRE / GERMANY / ITALY,23.952,50.04,2032,europe 1816-1885
N0007,N,0,1876-08-30,1871-05-10,1878-07-12,7,"The border between France and Germany is already in its new place, set on 10 May 1871.",There is no Serbia yet. It appeared on 13 July 1878.,GERMANY / AUSTRIA-HUNGARY / FRANCE / ITALY / OTTOMAN EMPIRE / RUSSIA / SWITZERLAND / BELGIUM,11.3,46.997,1526,europe 1816-1885
N0008,N,0,1872-06-18,1871-01-01,1878-07-12,7,There is no Mecklenburg-Schwerin. It disappeared in 1871.,There is no Romania yet. It appeared on 13 July 1878.,RUSSIA / AUSTRIA-HUNGARY / OTTOMAN EMPIRE / SWEDEN-NORWAY / GERMANY,30.991,50.869,2617,europe 1816-1885
N0009,N,0,1874-01-29,1871-01-01,1878-07-12,7,There is no Saxony. It disappeared in 1871.,There is no Romania yet. It appeared on 13 July 1878.,RUSSIA / AUSTRIA-HUNGARY / OTTOMAN EMPIRE / GERMANY / SWEDEN-NORWAY / ITALY,26.87,50.478,2043,europe 1816-1885
N0010,N,0,1867-03-20,1866-10-03,1867-06-30,1,"The border between Austria and Prussia is already in its new place, set in 1866.",The map still says Prussia. The name changed to North German Confederation in 1867.,RUSSIA / SWEDEN-NORWAY / PRUSSIA / AUSTRIA / BAVARIA,20.287,57.565,1615,europe 1816-1885
N0011,N,0,1882-12-07,1878-07-13,1905-08-25,27,Bosnia is on the map. It appeared on 13 July 1878.,There is no Norway yet. It appeared on 26 August 1905.,RUSSIA / AUSTRIA-HUNGARY / GERMANY / SWEDEN-NORWAY / ROMANIA / ITALY / BOSNIA / SERBIA,18.81,51.804,1547,europe 1816-1885
N0012,N,0,1884-09-06,1878-07-13,1905-08-25,27,There is no Ottoman Empire. It disappeared on 13 July 1878.,There is no Norway yet. It appeared on 26 August 1905.,RUSSIA / SWEDEN-NORWAY / AUSTRIA-HUNGARY / GERMANY / ITALY,21.82,56.798,2374,europe 1816-1885
N0013,N,0,1829-10-29,1829-09-14,1830-10-03,1,"The border between Russia and Ottoman Empire is already in its new place, set on 14 September 1829.",There is no Belgium yet. It appeared on 4 October 1830.,RUSSIA / AUSTRIA / OTTOMAN EMPIRE / PRUSSIA / FRANCE,17.262,44.596,2144,europe 1816-1885
N0014,N,0,1830-08-31,1829-09-14,1830-10-03,1,"The border between Russia and Ottoman Empire is already in its new place, set on 14 September 1829.",There is no Belgium yet. It appeared on 4 October 1830.,RUSSIA / AUSTRIA / FRANCE / OTTOMAN EMPIRE / SWEDEN-NORWAY / PRUSSIA,14.285,50.004,2258,europe 1816-1885
N0015,N,0,1830-06-24,1829-09-14,1830-10-03,1,"The border between Russia and Ottoman Empire is already in its new place, set on 14 September 1829.",There is no Belgium yet. It appeared on 4 October 1830.,RUSSIA / AUSTRIA / SWEDEN-NORWAY / FRANCE / PRUSSIA / OTTOMAN EMPIRE / BAVARIA,15.345,52.927,2043,europe 1816-1885
N0016,N,0,1871-04-29,1871-01-01,1871-05-09,0,There is no Bavaria. It disappeared in 1871.,The border between France and Germany has not moved yet. It moved on 10 May 1871.,AUSTRIA-HUNGARY / FRANCE / GERMANY / RUSSIA / OTTOMAN EMPIRE / ITALY / UNITED KINGDOM / SPAIN,11.09,46.152,2164,europe 1816-1885
N0017,N,0,1877-03-11,1871-05-10,1878-07-12,7,"The border between France and Germany is already in its new place, set on 10 May 1871.",There is no Herzegovina yet. It appeared on 13 July 1878.,FRANCE / GERMANY / AUSTRIA-HUNGARY / UNITED KINGDOM / SWEDEN-NORWAY / ITALY / SPAIN,5.875,50.992,1992,europe 1816-1885
N0018,N,0,1873-07-31,1871-05-10,1878-07-12,7,"The border between France and Germany is already in its new place, set on 10 May 1871.",There is no Serbia yet. It appeared on 13 July 1878.,GERMANY / FRANCE / AUSTRIA-HUNGARY / SWEDEN-NORWAY / RUSSIA / UNITED KINGDOM / ITALY / OTTOMAN EMPIRE / SPAIN,9.038,51.849,2006,europe 1816-1885
N0019,N,0,1875-01-07,1871-05-10,1878-07-12,7,"The border between France and Germany is already in its new place, set on 10 May 1871.",There is no Serbia yet. It appeared on 13 July 1878.,AUSTRIA-HUNGARY / GERMANY / OTTOMAN EMPIRE / ITALY / FRANCE / RUSSIA / GREECE,14.6,44.212,1734,europe 1816-1885
N0020,N,0,1871-04-09,1871-01-01,1871-05-09,0,There is no Bavaria. It disappeared in 1871.,The border between France and Germany has not moved yet. It moved on 10 May 1871.,AUSTRIA-HUNGARY / GERMANY / OTTOMAN EMPIRE / ITALY / FRANCE / RUSSIA,14.425,44.255,1773,europe 1816-1885
N0021,N,0,1867-01-18,1866-10-03,1867-06-30,1,"The border between Austria and Italy is already in its new place, set in 1866.",The map still says Prussia. The name changed to North German Confederation in 1867.,RUSSIA / AUSTRIA / OTTOMAN EMPIRE / PRUSSIA / ITALY / SWEDEN-NORWAY,20.911,48.187,2536,europe 1816-1885
N0022,N,0,1871-05-11,1871-05-10,1878-07-12,7,"The border between France and Germany is already in its new place, set on 10 May 1871.",There is no Romania yet. It appeared on 13 July 1878.,RUSSIA / AUSTRIA-HUNGARY / SWEDEN-NORWAY / GERMANY / FRANCE / OTTOMAN EMPIRE / ITALY / SPAIN,14.705,53.639,2445,europe 1816-1885
N0023,N,0,1867-07-24,1867-07-01,1867-07-27,0,"The map says North German Confederation, a name in use from 1867.",The map still says Austria. The name changed to Austria-Hungary in 1867.,RUSSIA / AUSTRIA / OTTOMAN EMPIRE / FRANCE / NORTH GERMAN CONFEDERATION / SWEDEN-NORWAY / ITALY,14.945,49.916,2301,europe 1816-1885
N0024,N,0,1873-06-13,1871-05-10,1878-07-12,7,"The border between France and Germany is already in its new place, set on 10 May 1871.",There is no Serbia yet. It appeared on 13 July 1878.,FRANCE / AUSTRIA-HUNGARY / ITALY / GERMANY / OTTOMAN EMPIRE / SWITZERLAND / SPAIN,10.569,42.187,1585,europe 1816-1885
N0025,N,0,1884-12-28,1878-07-13,1908-10-06,30,Serbia is on the map. It appeared on 13 July 1878.,Bosnia is still on the map. It disappeared on 7 October 1908.,AUSTRIA-HUNGARY / GERMANY / FRANCE / RUSSIA / ITALY / OTTOMAN EMPIRE / SERBIA / BOSNIA,12.508,49.355,1812,europe 1816-1885
N0026,N,0,1867-07-27,1867-07-01,1867-07-27,0,"The map says North German Confederation, a name in use from 1867.",The map still says Austria. The name changed to Austria-Hungary in 1867.,AUSTRIA / RUSSIA / OTTOMAN EMPIRE / NORTH GERMAN CONFEDERATION / ITALY / FRANCE,17.282,44.112,2160,europe 1816-1885
N0027,N,0,1870-06-16,1867-07-28,1870-12-31,3,"The map says Austria-Hungary, a name in use from 1867.",Bavaria is still on the map. It disappeared in 1871.,SWEDEN-NORWAY / RUSSIA / NORTH GERMAN CONFEDERATION / AUSTRIA-HUNGARY / FRANCE / BAVARIA / BELGIUM,11.825,56.237,1615,europe 1816-1885
N0028,N,0,1867-06-08,1866-10-03,1867-06-30,1,"The border between Austria and Italy is already in its new place, set in 1866.",The map still says Prussia. The name changed to North German Confederation in 1867.,RUSSIA / SWEDEN-NORWAY / FRANCE / AUSTRIA / PRUSSIA / UNITED KINGDOM / OTTOMAN EMPIRE / SPAIN / ITALY,7.801,53.767,2409,europe 1816-1885
N0029,N,0,1884-11-23,1878-07-13,1905-08-25,27,Bosnia is on the map. It appeared on 13 July 1878.,There is no Norway yet. It appeared on 26 August 1905.,RUSSIA / AUSTRIA-HUNGARY / SWEDEN-NORWAY / GERMANY / FRANCE / ROMANIA / ITALY,14.232,55.387,2129,europe 1816-1885
N0030,N,0,1875-10-24,1871-05-10,1878-07-12,7,"The border between France and Germany is already in its new place, set on 10 May 1871.",There is no Bosnia yet. It appeared on 13 July 1878.,RUSSIA / SWEDEN-NORWAY / AUSTRIA-HUNGARY / GERMANY / FRANCE / UNITED KINGDOM / OTTOMAN EMPIRE / ITALY / ICELAND (DEN.),6.711,56.982,2622,europe 1816-1885
N0031,N,0,1869-01-13,1867-07-28,1870-12-31,3,"The map says Austria-Hungary, a name in use from 1867.",Bavaria is still on the map. It disappeared in 1871.,AUSTRIA-HUNGARY / RUSSIA / SWEDEN-NORWAY / NORTH GERMAN CONFEDERATION / FRANCE / BAVARIA / ITALY,13.552,53.575,1741,europe 1816-1885
N0032,N,0,1885-10-12,1878-07-13,1905-08-25,27,Bosnia is on the map. It appeared on 13 July 1878.,There is no Norway yet. It appeared on 26 August 1905.,AUSTRIA-HUNGARY / GERMANY / RUSSIA / SWEDEN-NORWAY / FRANCE / ITALY / BOSNIA / SERBIA,13.789,52.847,1778,europe 1816-1885
N0033,N,0,1866-12-15,1866-10-03,1867-07-27,1,"The border between Austria and Italy is already in its new place, set in 1866.",The map still says Austria. The name changed to Austria-Hungary in 1867.,AUSTRIA / FRANCE / ITALY / OTTOMAN EMPIRE / BAVARIA / SWITZERLAND,11.673,42.785,1513,europe 1816-1885
N0034,N,0,1866-12-13,1866-10-03,1867-05-10,1,"The border between Austria and Prussia is already in its new place, set in 1866.",There is no Luxembourg yet. It appeared on 11 May 1867.,SWEDEN-NORWAY / RUSSIA / PRUSSIA / AUSTRIA / BAVARIA / FRANCE,14.056,56.348,1510,europe 1816-1885
N0035,N,0,1874-04-15,1871-05-10,1878-07-12,7,"The border between France and Germany is already in its new place, set on 10 May 1871.",There is no Herzegovina yet. It appeared on 13 July 1878.,FRANCE / AUSTRIA-HUNGARY / GERMANY / ITALY / OTTOMAN EMPIRE / SWITZERLAND / RUSSIA / BELGIUM / SPAIN,10.111,44.828,1500,europe 1816-1885
N0036,N,0,1863-01-24,1861-03-17,1866-10-02,5,Italy is on the map. It appeared on 17 March 1861.,The border between Austria and Italy has not moved yet. It moved in 1866.,AUSTRIA / OTTOMAN EMPIRE / RUSSIA / ITALY / BAVARIA,21.278,41.905,1720,europe 1816-1885
N0037,N,0,1867-02-03,1866-10-03,1867-05-10,1,"The border between Austria and Italy is already in its new place, set in 1866.",There is no Luxembourg yet. It appeared on 11 May 1867.,FRANCE / UNITED KINGDOM / PRUSSIA / SPAIN / ITALY / AUSTRIA / BAVARIA / BELGIUM,3.021,49.683,1641,europe 1816-1885
N0038,N,0,1879-03-27,1878-07-13,1905-08-25,27,Serbia is on the map. It appeared on 13 July 1878.,There is no Norway yet. It appeared on 26 August 1905.,AUSTRIA-HUNGARY / GERMANY / RUSSIA / FRANCE / SWEDEN-NORWAY / UNITED KINGDOM / ITALY / OTTOMAN EMPIRE / SPAIN / SERBIA / BOSNIA,11.45,52.035,2060,europe 1816-1885
N0039,N,0,1871-04-09,1871-01-01,1871-05-09,0,There is no Bavaria. It disappeared in 1871.,The border between France and Germany has not moved yet. It moved on 10 May 1871.,GERMANY / FRANCE / AUSTRIA-HUNGARY / ITALY / RUSSIA / OTTOMAN EMPIRE / BELGIUM / SPAIN,10.539,50.21,1641,europe 1816-1885
N0040,N,0,1867-02-10,1866-10-03,1867-05-10,1,"The border between Austria and Italy is already in its new place, set in 1866.",There is no Luxembourg yet. It appeared on 11 May 1867.,AUSTRIA / RUSSIA / PRUSSIA / OTTOMAN EMPIRE / SWEDEN-NORWAY / ITALY / FRANCE / BAVARIA,15.978,51.51,1584,europe 1816-1885
N0041,N,0,1882-05-24,1878-07-13,1905-08-25,27,Bosnia is on the map. It appeared on 13 July 1878.,There is no Norway yet. It appeared on 26 August 1905.,AUSTRIA-HUNGARY / GERMANY / RUSSIA / SWEDEN-NORWAY / ITALY / SWITZERLAND / BOSNIA / SERBIA,15.186,51.792,1547,europe 1816-1885
N0042,N,0,1863-07-03,1861-03-17,1866-10-02,5,Italy is on the map. It appeared on 17 March 1861.,The border between Austria and Italy has not moved yet. It moved in 1866.,AUSTRIA / OTTOMAN EMPIRE / ITALY / FRANCE / SWITZERLAND / BAVARIA,13.744,40.535,1589,europe 1816-1885
N0043,N,0,1883-12-13,1878-07-13,1905-08-25,27,Bosnia is on the map. It appeared on 13 July 1878.,There is no Norway yet. It appeared on 26 August 1905.,RUSSIA / SWEDEN-NORWAY / GERMANY / AUSTRIA-HUNGARY / FRANCE / UNITED KINGDOM,7.205,57.37,2458,europe 1816-1885
N0044,N,0,1872-01-18,1871-05-10,1878-07-12,7,"The border between France and Germany is already in its new place, set on 10 May 1871.",There is no Bulgaria yet. It appeared on 13 July 1878.,RUSSIA / SWEDEN-NORWAY / AUSTRIA-HUNGARY / GERMANY / FRANCE / OTTOMAN EMPIRE / UNITED KINGDOM / ITALY,13.944,57.33,2770,europe 1816-1885
N0045,N,0,1871-03-28,1871-01-01,1871-05-09,0,There is no Bavaria. It disappeared in 1871.,The border between France and Germany has not moved yet. It moved on 10 May 1871.,RUSSIA / AUSTRIA-HUNGARY / GERMANY / SWEDEN-NORWAY / FRANCE / OTTOMAN EMPIRE / ITALY,15.84,53.315,1890,europe 1816-1885
N0046,N,0,1879-10-09,1878-07-13,1905-08-25,27,Bosnia is on the map. It appeared on 13 July 1878.,There is no Norway yet. It appeared on 26 August 1905.,RUSSIA / AUSTRIA-HUNGARY / SWEDEN-NORWAY / GERMANY / ROMANIA / BOSNIA / SERBIA,24.392,53.447,1886,europe 1816-1885
N0047,N,0,1872-04-07,1871-05-10,1878-07-12,7,"The border between France and Germany is already in its new place, set on 10 May 1871.",There is no Serbia yet. It appeared on 13 July 1878.,GERMANY / AUSTRIA-HUNGARY / FRANCE / RUSSIA / SWEDEN-NORWAY / ITALY / OTTOMAN EMPIRE / SWITZERLAND / BELGIUM,11.827,51.791,1565,europe 1816-1885
N0048,N,0,1884-01-19,1878-07-13,1905-08-25,27,Serbia is on the map. It appeared on 13 July 1878.,There is no Norway yet. It appeared on 26 August 1905.,GERMANY / AUSTRIA-HUNGARY / RUSSIA / SWEDEN-NORWAY / FRANCE / UNITED KINGDOM / ITALY / BOSNIA,11.129,54.126,1938,europe 1816-1885
N0049,N,0,1872-12-23,1871-05-10,1878-07-12,7,"The border between France and Germany is already in its new place, set on 10 May 1871.",There is no Herzegovina yet. It appeared on 13 July 1878.,GERMANY / FRANCE / SPAIN / AUSTRIA-HUNGARY / ITALY / UNITED KINGDOM / RUSSIA,6.112,46.464,2137,europe 1816-1885
N0050,N,0,1866-07-29,1861-03-17,1866-10-02,5,Italy is on the map. It appeared on 17 March 1861.,The border between Austria and Italy has not moved yet. It moved in 1866.,RUSSIA / AUSTRIA / OTTOMAN EMPIRE / PRUSSIA / ITALY,25.284,42.968,2068,europe 1816-1885
N0051,N,0,1832-03-24,1830-10-04,1837-06-19,7,Belgium is on the map. It appeared on 4 October 1830.,There is no Hanover yet. It appeared in 1837.,FRANCE / UNITED KINGDOM / SPAIN / PRUSSIA / SARDINIA / BELGIUM,-0.921,48.715,1505,europe 1816-1885
N0052,N,0,1830-09-23,1829-09-14,1830-10-03,1,"The border between Russia and Ottoman Empire is already in its new place, set on 14 September 1829.",There is no Belgium yet. It appeared on 4 October 1830.,RUSSIA / AUSTRIA / SWEDEN-NORWAY / OTTOMAN EMPIRE / PRUSSIA,23.401,54.962,2711,europe 1816-1885
N0053,N,0,1867-02-25,1866-10-03,1867-07-27,1,"The border between Austria and Italy is already in its new place, set in 1866.",The map still says Austria. The name changed to Austria-Hungary in 1867.,FRANCE / SPAIN / ITALY / AUSTRIA / BAVARIA / SWITZERLAND,4.593,43.13,1538,europe 1816-1885
N0054,N,0,1866-11-17,1866-10-03,1867-05-10,1,"The border between Austria and Italy is already in its new place, set in 1866.",There is no Luxembourg yet. It appeared on 11 May 1867.,FRANCE / PRUSSIA / AUSTRIA / SWEDEN-NORWAY / UNITED KINGDOM / ITALY / BAVARIA / BELGIUM,7.856,52.148,1656,europe 1816-1885
N0055,N,0,1830-08-13,1829-09-14,1830-10-03,1,"The border between Russia and Ottoman Empire is already in its new place, set on 14 September 1829.",There is no Belgium yet. It appeared on 4 October 1830.,RUSSIA / AUSTRIA / SWEDEN-NORWAY / FRANCE / OTTOMAN EMPIRE / PRUSSIA / UNITED KINGDOM / SPAIN,13.945,53.297,2380,europe 1816-1885
N0056,N,0,1876-06-24,1871-05-10,1878-07-12,7,"The border between France and Germany is already in its new place, set on 10 May 1871.",There is no Herzegovina yet. It appeared on 13 July 1878.,FRANCE / GERMANY / AUSTRIA-HUNGARY / ITALY / SPAIN / UNITED KINGDOM / BELGIUM,7.793,46.961,1655,europe 1816-1885
N0057,N,0,1881-07-13,1878-07-13,1905-08-25,27,Bosnia is on the map. It appeared on 13 July 1878.,There is no Norway yet. It appeared on 26 August 1905.,RUSSIA / SWEDEN-NORWAY / AUSTRIA-HUNGARY / GERMANY / ROMANIA / ITALY / BOSNIA,19.395,55.649,2323,europe 1816-1885
N0058,N,0,1874-05-07,1871-05-10,1878-07-12,7,"The border between France and Germany is already in its new place, set on 10 May 1871.",There is no Herzegovina yet. It appeared on 13 July 1878.,GERMANY / FRANCE / SPAIN / AUSTRIA-HUNGARY / UNITED KINGDOM / ITALY,3.992,46.316,2364,europe 1816-1885
N0059,N,1,1910-05-19,1908-10-07,1912-12-31,4,There is no Bosnia. It disappeared on 7 October 1908.,There is no Albania yet. It appeared in 1913.,RUSSIA / AUSTRIA-HUNGARY / SWEDEN / GERMANY / ROMANIA / BULGARIA,36.609,56.72,3231,eastern europe
N0060,N,1,1904-12-24,1902-12-25,1905-08-25,3,There is no French West Africa. It disappeared on 25 December 1902.,There is no Norway yet. It appeared on 26 August 1905.,RUSSIA / OTTOMAN EMPIRE / ALGERIA (FR.) / AUSTRIA-HUNGARY / GERMANY / FRANCE / ITALY / EGYPT / SPAIN / ROMANIA,17.553,46.611,3311,balkans
N0061,N,1,1894-11-18,1893-11-12,1912-12-31,19,"The border between Afghanistan and India (Br.) is already in its new place, set on 12 November 1893.",There is no Tibet yet. It appeared in 1913.,INDIA (BR.) / CHINA / RUSSIA / AFGHANISTAN / PERSIA / BOKHARA (RUSS.) / NEPAL,71.443,30.577,2387,south asia
N0062,N,1,1912-08-28,1907-03-23,1912-12-31,5,"The border between Siam and Cambodia (Fr.) is already in its new place, set on 23 March 1907.",There is no Tibet yet. It appeared in 1913.,CHINA / SIAM / ANNAM (FR.) / LAOS (FR.) / CAMBODIA (FR.),110.172,20.73,2451,east asia
N0063,N,1,1895-08-15,1895-05-03,1896-08-05,1,"The map says Rhodesia (Br.), a name in use from May 1895.",Madagascar is not yet marked French. It came under French rule on 6 August 1896.,GERMAN EAST AFRICA / BRITISH EAST AFRICA / CONGO FREE STATE / RHODESIA (BR.) / MOZAMBIQUE (PORT.) / UGANDA (BR.) / ITALIAN SOMALILAND / MADAGASCAR,38.227,-5.815,2500,sub-saharan africa
N0064,N,1,1901-05-29,1898-06-14,1902-12-24,4,"French West Africa has already given up land, on 14 June 1898.",The border between French West Africa and Algeria (Fr.) has not moved yet. It moved on 25 December 1902.,FRENCH WEST AFRICA / ALGERIA (FR.) / FRANCE / SPAIN / MOROCCO / GERMANY / ITALY,-5.682,33.167,4140,north africa
N0065,N,1,1900-10-08,1893-11-12,1912-12-31,19,"The border between Afghanistan and India (Br.) is already in its new place, set on 12 November 1893.",There is no Tibet yet. It appeared in 1913.,INDIA (BR.) / CHINA / RUSSIA / AFGHANISTAN / BOKHARA (RUSS.) / NEPAL,79.534,31.446,3076,south asia
N0066,N,1,1901-05-18,1899-01-19,1902-12-24,3,Egypt already holds land it gained on 19 January 1899.,French West Africa is still on the map. It disappeared on 25 December 1902.,RUSSIA / OTTOMAN EMPIRE / EGYPT / ALGERIA (FR.) / AUSTRIA-HUNGARY / FRENCH WEST AFRICA / GERMANY / FRANCE / ITALY / SPAIN,19.32,46.012,3904,west-central europe
N0067,N,1,1901-11-01,1899-01-19,1902-12-24,3,Egypt already holds land it gained on 19 January 1899.,French West Africa is still on the map. It disappeared on 25 December 1902.,RUSSIA / OTTOMAN EMPIRE / ALGERIA (FR.) / AUSTRIA-HUNGARY / GERMANY / FRANCE / SPAIN / FRENCH WEST AFRICA / ITALY / EGYPT / ROMANIA,14.304,44.91,3220,west-central europe
N0068,N,1,1895-07-16,1893-11-12,1912-12-31,19,"The border between Afghanistan and India (Br.) is already in its new place, set on 12 November 1893.",There is no Tibet yet. It appeared in 1913.,RUSSIA / INDIA (BR.) / PERSIA / AFGHANISTAN / CHINA / BOKHARA (RUSS.) / KHIVA (RUSS.),66.089,37.386,2512,central asia
N0069,N,1,1902-04-16,1893-11-12,1912-12-31,19,"The border between Afghanistan and India (Br.) is already in its new place, set on 12 November 1893.",There is no Tibet yet. It appeared in 1913.,RUSSIA / INDIA (BR.) / PERSIA / CHINA / AFGHANISTAN,62.446,36.924,3849,central asia
N0070,N,1,1903-06-17,1902-12-25,1903-12-28,1,"The border between French West Africa and Algeria (Fr.) is already in its new place, set on 25 December 1902.",The map still says French Congo. The name changed to Middle Congo (Fr.) in 1903.,FRENCH WEST AFRICA / ALGERIA (FR.) / CHAD (FR.) / OTTOMAN EMPIRE / NORTHERN NIGERIA (BR.) / SPAIN / EGYPT / MOROCCO / KAMERUN (GER.) / FRENCH CONGO / FRENCH GUINEA,3.694,24.292,3893,north africa
N0071,N,1,1910-08-30,1905-01-01,1912-11-26,7,Niger (Fr.) is on the map. It appeared in 1905.,There is no Spanish Morocco yet. It appeared on 27 November 1912.,ALGERIA (FR.) / UPPER SENEGAL AND NIGER (FR.) / MAURITANIA (FR.) / NIGER (FR.) / SPAIN / FRANCE / MOROCCO / ITALY / FRENCH GUINEA,-8.002,28.782,3830,north africa
N0072,N,1,1897-01-24,1893-11-12,1899-01-18,6,"The border between Afghanistan and India (Br.) is already in its new place, set on 12 November 1893.",There is no Anglo-Egyptian Sudan yet. It appeared on 19 January 1899.,RUSSIA / PERSIA / OTTOMAN EMPIRE / INDIA (BR.) / AFGHANISTAN,54.066,39.426,3824,middle east
N0073,N,1,1895-07-27,1895-06-16,1898-06-13,3,French West Africa is on the map. It appeared on 16 June 1895.,There is no French Congo yet. It appeared on 14 June 1898.,OTTOMAN EMPIRE / FRENCH WEST AFRICA / EGYPT / RUSSIA / AUSTRIA-HUNGARY / ALGERIA (FR.) / FRANCE / GERMANY / ITALY / ROMANIA / SPAIN,17.343,37.812,3146,balkans
N0074,N,1,1899-10-15,1899-01-19,1913-05-29,14,Anglo-Egyptian Sudan is on the map. It appeared on 19 January 1899.,Ottoman Empire still holds land it gave up on 30 May 1913.,RUSSIA / OTTOMAN EMPIRE / PERSIA / ANGLO-EGYPTIAN SUDAN / EGYPT / ROMANIA,44.448,32.994,3731,middle east
N0075,N,1,1895-09-25,1895-06-16,1898-06-13,3,French West Africa is on the map. It appeared on 16 June 1895.,There is no French Congo yet. It appeared on 14 June 1898.,FRENCH WEST AFRICA / RUSSIA / OTTOMAN EMPIRE / EGYPT / ALGERIA (FR.) / AUSTRIA-HUNGARY / GERMANY / FRANCE / SPAIN / ITALY,19.306,36.766,4293,balkans
N0076,N,1,1899-04-02,1899-01-19,1902-12-24,3,Egypt already holds land it gained on 19 January 1899.,French West Africa is still on the map. It disappeared on 25 December 1902.,OTTOMAN EMPIRE / EGYPT / AUSTRIA-HUNGARY / FRENCH WEST AFRICA / ITALY / ALGERIA (FR.) / FRANCE / RUSSIA / ROMANIA / BULGARIA / GERMANY / SERBIA,17.679,37.005,2432,balkans
N0077,N,1,1896-01-22,1895-06-16,1898-06-13,3,French West Africa is on the map. It appeared on 16 June 1895.,There is no French Congo yet. It appeared on 14 June 1898.,RUSSIA / OTTOMAN EMPIRE / EGYPT / FRENCH WEST AFRICA / AUSTRIA-HUNGARY / GERMANY / FRANCE / ALGERIA (FR.) / ITALY,24.93,41.776,4230,balkans
N0078,N,1,1895-06-28,1895-06-16,1898-06-13,3,French West Africa is on the map. It appeared on 16 June 1895.,There is no French Congo yet. It appeared on 14 June 1898.,FRENCH WEST AFRICA / ALGERIA (FR.) / OTTOMAN EMPIRE / SPAIN / ITALY / MOROCCO / FRANCE / TUNISIA (FR.) / BOSNIA,5.989,33.638,2325,north africa
N0079,N,1,1910-11-18,1910-05-31,1911-08-17,1,Union of South Africa is on the map. It appeared on 31 May 1910.,There is no Northern Rhodesia (Br.) yet. It appeared on 18 August 1911.,ANGOLA (PORT.) / UNION OF SOUTH AFRICA / GERMAN SOUTH WEST AFRICA / BECHUANALAND (BR.) / NORTH-WESTERN RHODESIA (BR.) / BELGIAN CONGO / SOUTHERN RHODESIA (BR.),19.3,-20.328,2416,sub-saharan africa
N0080,N,1,1912-01-27,1908-10-07,1912-12-31,4,There is no Bosnia. It disappeared on 7 October 1908.,There is no Albania yet. It appeared in 1913.,RUSSIA / AUSTRIA-HUNGARY / GERMANY / OTTOMAN EMPIRE / SWEDEN / NORWAY / ITALY / ROMANIA,23.564,56.137,3278,scandinavia and baltic
N0081,N,1,1903-01-30,1902-12-25,1904-04-07,2,"The border between French West Africa and Algeria (Fr.) is already in its new place, set on 25 December 1902.",There is no Mauritania (Fr.) yet. It appeared on 8 April 1904.,FRENCH WEST AFRICA / ALGERIA (FR.) / OTTOMAN EMPIRE / FRANCE / SPAIN / AUSTRIA-HUNGARY / CHAD (FR.) / NORTHERN NIGERIA (BR.) / MOROCCO / ITALY,-0.479,30.938,3943,north africa
N0082,N,1,1901-01-14,1893-11-12,1912-12-31,19,"The border between Afghanistan and India (Br.) is already in its new place, set on 12 November 1893.",There is no Tibet yet. It appeared in 1913.,INDIA (BR.) / PERSIA / AFGHANISTAN / CHINA / RUSSIA / MUSCAT AND OMAN / BOKHARA (RUSS.),68.201,24.932,2902,south asia
N0083,N,1,1910-07-05,1908-10-07,1912-12-31,4,There is no Bosnia. It disappeared on 7 October 1908.,There is no Albania yet. It appeared in 1913.,RUSSIA / AUSTRIA-HUNGARY / GERMANY / OTTOMAN EMPIRE / SWEDEN / ITALY / NORWAY / ROMANIA / BULGARIA / SERBIA,20.051,51.501,2486,west-central europe
N0084,N,1,1899-01-17,1898-10-20,1900-01-28,2,"The map says Southern Rhodesia (Br.), a name in use from 20 October 1898.",There is no North-Western Rhodesia (Br.) yet. It appeared on 29 January 1900.,ANGOLA (PORT.) / CONGO FREE STATE / SOUTHERN RHODESIA (BR.) / GERMAN SOUTH WEST AFRICA / GERMAN EAST AFRICA / MOZAMBIQUE (PORT.) / CAPE COLONY (BR.) / BECHUANALAND (BR.) / TRANSVAAL,26.291,-18.877,3114,sub-saharan africa
N0085,N,1,1913-01-17,1912-10-18,1914-12-17,2,Libya (It.) is on the map. It appeared on 18 October 1912.,Egypt is not yet marked British. It came under British rule on 18 December 1914.,ANGLO-EGYPTIAN SUDAN / CHAD (FR.) / BELGIAN CONGO / EGYPT / KAMERUN (GER.) / NIGER (FR.) / UBANGI-SHARI (FR.) / ETHIOPIA / UGANDA (BR.) / LIBYA (IT.) / GABON (FR.),24.723,12.414,2983,sub-saharan africa
N0086,N,1,1912-03-09,1908-10-07,1912-10-17,4,There is no Bosnia. It disappeared on 7 October 1908.,There is no Libya (It.) yet. It appeared on 18 October 1912.,RUSSIA / OTTOMAN EMPIRE / EGYPT / AUSTRIA-HUNGARY / GERMANY / PERSIA / ITALY / ROMANIA,29.437,40.75,3696,balkans
N0087,N,1,1896-05-13,1895-06-16,1902-12-24,7,French West Africa is on the map. It appeared on 16 June 1895.,The border between French West Africa and French West Africa has not moved yet. It moved on 25 December 1902.,FRENCH WEST AFRICA / ALGERIA (FR.) / SPAIN / OTTOMAN EMPIRE / MOROCCO / FRANCE / ITALY,1.573,34.106,2659,north africa
N0088,N,1,1912-01-13,1908-10-07,1912-12-31,4,There is no Bosnia. It disappeared on 7 October 1908.,There is no Albania yet. It appeared in 1913.,RUSSIA / AUSTRIA-HUNGARY / GERMANY / SWEDEN / NORWAY / ITALY / ROMANIA,24.063,57.55,3304,eastern europe
N0089,N,1,1911-09-21,1902-05-15,1912-10-17,10,"The border between Anglo-Egyptian Sudan and Ethiopia is already in its new place, set on 15 May 1902.",There is no Libya (It.) yet. It appeared on 18 October 1912.,ANGLO-EGYPTIAN SUDAN / EGYPT / OTTOMAN EMPIRE / ETHIOPIA / ERITREA (IT.),32.734,20.746,2244,middle east
N0090,N,1,1902-09-30,1900-09-05,1902-12-24,2,Chad (Fr.) is on the map. It appeared on 5 September 1900.,The border between French West Africa and Algeria (Fr.) has not moved yet. It moved on 25 December 1902.,FRENCH WEST AFRICA / CHAD (FR.) / OTTOMAN EMPIRE / NORTHERN NIGERIA (BR.) / ALGERIA (FR.) / KAMERUN (GER.) / SPAIN / MOROCCO / EGYPT / FRENCH GUINEA,1.062,23.266,4177,north africa
N0091,N,1,1911-06-24,1908-10-07,1912-10-17,4,There is no Bosnia. It disappeared on 7 October 1908.,There is no Libya (It.) yet. It appeared on 18 October 1912.,RUSSIA / OTTOMAN EMPIRE / PERSIA / EGYPT / GERMANY / ROMANIA,42.612,44.79,3878,eastern europe
N0092,N,1,1897-11-16,1893-11-12,1912-12-31,19,"The border between Afghanistan and India (Br.) is already in its new place, set on 12 November 1893.",There is no Tibet yet. It appeared in 1913.,RUSSIA / CHINA / PERSIA / AFGHANISTAN / BOKHARA (RUSS.) / INDIA (BR.),67.932,48.575,2684,central asia
N0093,N,1,1910-01-13,1908-11-15,1910-06-15,2,"The map says Belgian Congo, a name in use from 15 November 1908.",The border between Belgian Congo and Anglo-Egyptian Sudan has not moved yet. It moved on 16 June 1910.,ANGLO-EGYPTIAN SUDAN / CHAD (FR.) / BELGIAN CONGO / UBANGI-SHARI (FR.) / EGYPT / ETHIOPIA / UGANDA (BR.),27.109,12.457,2439,middle east
N0094,N,1,1909-04-03,1908-10-07,1912-10-17,4,There is no Bosnia. It disappeared on 7 October 1908.,There is no Libya (It.) yet. It appeared on 18 October 1912.,OTTOMAN EMPIRE / RUSSIA / EGYPT / AUSTRIA-HUNGARY / GERMANY / ROMANIA / BULGARIA,28.527,39.73,2752,balkans
N0095,N,1,1910-04-05,1908-10-07,1912-10-17,4,There is no Bosnia. It disappeared on 7 October 1908.,There is no Libya (It.) yet. It appeared on 18 October 1912.,RUSSIA / OTTOMAN EMPIRE / AUSTRIA-HUNGARY / ALGERIA (FR.) / GERMANY / FRANCE / ITALY / NORWAY / SPAIN / EGYPT / ROMANIA,17.212,46.896,3248,balkans
N0096,N,1,1908-10-30,1908-10-07,1912-10-17,4,There is no Bosnia. It disappeared on 7 October 1908.,There is no Libya (It.) yet. It appeared on 18 October 1912.,OTTOMAN EMPIRE / EGYPT / ANGLO-EGYPTIAN SUDAN / RUSSIA / CHAD (FR.) / AUSTRIA-HUNGARY / ROMANIA / BULGARIA,29.744,32.719,2795,north africa
N0097,N,1,1897-08-19,1896-07-01,1912-12-31,16,Federated Malay States (Br.) is on the map. It appeared on 1 July 1896.,There is no Tibet yet. It appeared in 1913.,CHINA / INDIA (BR.) / RUSSIA / PERSIA / AFGHANISTAN / SIAM,79.666,24.14,5161,south asia
N0098,N,1,1911-03-14,1908-10-07,1912-12-31,4,There is no Bosnia. It disappeared on 7 October 1908.,There is no Albania yet. It appeared in 1913.,RUSSIA / OTTOMAN EMPIRE / PERSIA / SWEDEN / GERMANY / ROMANIA / BULGARIA,37.986,50.838,3051,eastern europe
N0099,N,1,1895-12-29,1893-11-12,1914-11-02,21,"The border between Afghanistan and India (Br.) is already in its new place, set on 12 November 1893.",Ottoman Empire still holds land it gave up on 3 November 1914.,RUSSIA / PERSIA / INDIA (BR.) / OTTOMAN EMPIRE / AFGHANISTAN,57.01,40.279,3343,central asia
N0100,N,1,1903-06-06,1902-12-25,1904-04-07,2,"The border between French West Africa and Algeria (Fr.) is already in its new place, set on 25 December 1902.",There is no Mauritania (Fr.) yet. It appeared on 8 April 1904.,FRENCH WEST AFRICA / ALGERIA (FR.) / OTTOMAN EMPIRE / NORTHERN NIGERIA (BR.) / CHAD (FR.) / SPAIN / MOROCCO / KAMERUN (GER.) / FRENCH GUINEA,0.138,24.696,3824,north africa
N0101,N,1,1896-08-19,1895-06-16,1898-06-13,3,French West Africa is on the map. It appeared on 16 June 1895.,There is no French Congo yet. It appeared on 14 June 1898.,FRENCH WEST AFRICA / OTTOMAN EMPIRE / ALGERIA (FR.) / AUSTRIA-HUNGARY / FRANCE / SPAIN / MOROCCO / ITALY / RUSSIA,6.206,31.066,4157,north africa
N0102,N,1,1912-05-01,1906-02-11,1912-10-17,6,"Ubangi-Shari (Fr.) holds this area, which passed to it from Middle Congo (Fr.) on 11 February 1906.",There is no Libya (It.) yet. It appeared on 18 October 1912.,ANGLO-EGYPTIAN SUDAN / EGYPT / CHAD (FR.) / OTTOMAN EMPIRE / ETHIOPIA / UBANGI-SHARI (FR.) / ERITREA (IT.),28.733,19.43,2557,middle east
N0103,N,1,1902-05-09,1900-01-29,1902-05-14,2,North-Western Rhodesia (Br.) is on the map. It appeared on 29 January 1900.,The border between Uganda (Br.) and British East Africa has not moved yet. It moved on 15 May 1902.,CONGO FREE STATE / GERMAN EAST AFRICA / MOZAMBIQUE (PORT.) / ANGOLA (PORT.) / BECHUANALAND (BR.) / SOUTHERN RHODESIA (BR.) / BRITISH EAST AFRICA / NORTH-WESTERN RHODESIA (BR.) / UGANDA (BR.) / TRANSVAAL,30.639,-11.978,2798,sub-saharan africa
N0104,N,1,1898-05-25,1895-11-16,1900-01-28,5,There is no British Bechuanaland. It disappeared on 16 November 1895.,There is no North-Western Rhodesia (Br.) yet. It appeared on 29 January 1900.,ANGOLA (PORT.) / GERMAN SOUTH WEST AFRICA / CONGO FREE STATE / BECHUANALAND (BR.) / CAPE COLONY (BR.),14.719,-17.377,2514,sub-saharan africa
N0105,N,1,1898-02-07,1895-06-16,1899-01-18,4,French West Africa is on the map. It appeared on 16 June 1895.,Egypt has not yet taken in land it gained on 19 January 1899.,RUSSIA / OTTOMAN EMPIRE / FRENCH WEST AFRICA / EGYPT / ALGERIA (FR.) / AUSTRIA-HUNGARY / GERMANY / FRANCE / SPAIN / ITALY / ROMANIA,18.074,42.29,3761,balkans
N0106,N,1,1913-06-14,1913-01-01,1914-04-16,1,Tibet is on the map. It appeared in 1913.,The border between China and Russia has not moved yet. It moved on 17 April 1914.,RUSSIA / CHINA / INDIA (BR.) / TIBET / AFGHANISTAN,86.081,47.026,5080,central asia
N0107,N,1,1912-12-04,1912-10-18,1912-12-31,0,Libya (It.) is on the map. It appeared on 18 October 1912.,There is no Albania yet. It appeared in 1913.,RUSSIA / OTTOMAN EMPIRE / EGYPT / LIBYA (IT.) / ALGERIA (FR.) / AUSTRIA-HUNGARY / GERMANY / FRANCE / ITALY / ROMANIA,22.809,40.175,3364,balkans
N0108,N,1,1913-05-06,1913-01-01,1914-07-02,1,Tibet is on the map. It appeared in 1913.,The border between Tibet and India (Br.) has not moved yet. It moved on 3 July 1914.,INDIA (BR.) / TIBET / CHINA / AFGHANISTAN / RUSSIA / NEPAL,76.796,23.675,3438,south asia
N0109,N,1,1913-09-09,1908-10-07,1917-12-05,9,There is no Bosnia. It disappeared on 7 October 1908.,There is no Finland yet. It appeared on 6 December 1917.,RUSSIA / AUSTRIA-HUNGARY / GERMANY / SWEDEN / NORWAY,31.556,61.821,3349,eastern europe
N0110,N,1,1911-11-20,1908-10-07,1912-10-17,4,There is no Bosnia. It disappeared on 7 October 1908.,There is no Libya (It.) yet. It appeared on 18 October 1912.,RUSSIA / OTTOMAN EMPIRE / AUSTRIA-HUNGARY / GERMANY / ITALY / ROMANIA / BULGARIA / SERBIA,22.008,42.481,2289,west-central europe
N0111,N,1,1901-06-26,1893-11-12,1912-12-31,19,"The border between Afghanistan and India (Br.) is already in its new place, set on 12 November 1893.",There is no Tibet yet. It appeared in 1913.,INDIA (BR.) / CHINA / PERSIA / RUSSIA / AFGHANISTAN / NEPAL,69.218,24.221,4063,south asia
N0112,N,1,1912-12-29,1912-10-18,1912-12-31,0,Libya (It.) is on the map. It appeared on 18 October 1912.,There is no Albania yet. It appeared in 1913.,RUSSIA / ALGERIA (FR.) / AUSTRIA-HUNGARY / LIBYA (IT.) / GERMANY / FRANCE / OTTOMAN EMPIRE / SPAIN / EGYPT / ITALY / ROMANIA,13.292,46.316,3612,balkans
N0113,N,1,1900-04-22,1900-01-29,1905-05-29,5,North-Western Rhodesia (Br.) is on the map. It appeared on 29 January 1900.,The border between Angola (Port.) and North-Western Rhodesia (Br.) has not moved yet. It moved on 30 May 1905.,ANGOLA (PORT.) / GERMAN SOUTH WEST AFRICA / CAPE COLONY (BR.) / BECHUANALAND (BR.) / SOUTHERN RHODESIA (BR.) / NORTH-WESTERN RHODESIA (BR.) / TRANSVAAL,21.259,-24.581,2838,sub-saharan africa
N0114,N,1,1895-08-11,1895-06-16,1899-01-18,4,French West Africa is on the map. It appeared on 16 June 1895.,Egypt has not yet taken in land it gained on 19 January 1899.,RUSSIA / OTTOMAN EMPIRE / FRENCH WEST AFRICA / EGYPT / ALGERIA (FR.) / AUSTRIA-HUNGARY / GERMANY / FRANCE / SPAIN / ITALY,19.965,44.667,4091,balkans
N0115,N,1,1903-01-02,1902-12-25,1903-12-28,1,"The border between French West Africa and Algeria (Fr.) is already in its new place, set on 25 December 1902.",The map still says French Congo. The name changed to Middle Congo (Fr.) in 1903.,FRENCH WEST AFRICA / ALGERIA (FR.) / CONGO FREE STATE / CHAD (FR.) / FRENCH CONGO / OTTOMAN EMPIRE / EGYPT / NORTHERN NIGERIA (BR.) / KAMERUN (GER.) / GABON (FR.) / MOROCCO,6.124,12.138,4184,sub-saharan africa
N0116,N,1,1894-06-15,1893-10-03,1895-04-16,2,Laos (Fr.) is on the map. It appeared on 3 October 1893.,There is no Formosa (Jap.) yet. It appeared on 17 April 1895.,CHINA / SIAM / ANNAM (FR.) / LAOS (FR.) / CAMBODIA (FR.),110.131,21.408,2328,southeast asia
N0117,N,1,1900-12-22,1878-07-13,1905-08-25,27,Bosnia is on the map. It appeared on 13 July 1878.,There is no Norway yet. It appeared on 26 August 1905.,RUSSIA / SWEDEN-NORWAY / AUSTRIA-HUNGARY / GERMANY / ROMANIA / BOSNIA,25.47,55.977,2376,eastern europe
N0118,N,1,1909-07-16,1908-10-07,1912-10-17,4,There is no Bosnia. It disappeared on 7 October 1908.,There is no Libya (It.) yet. It appeared on 18 October 1912.,RUSSIA / OTTOMAN EMPIRE / EGYPT / AUSTRIA-HUNGARY / PERSIA / GERMANY / FRANCE / NIGER (FR.),28.701,42.567,4394,balkans
N0119,N,1,1913-03-19,1911-08-18,1915-08-15,4,Northern Rhodesia (Br.) is on the map. It appeared on 18 August 1911.,The map still says German South West Africa. The name changed to South West Africa on 16 August 1915.,ANGOLA (PORT.) / UNION OF SOUTH AFRICA / GERMAN SOUTH WEST AFRICA / NORTHERN RHODESIA (BR.) / BELGIAN CONGO / BECHUANALAND (BR.) / SOUTHERN RHODESIA (BR.),20.507,-18.929,2668,sub-saharan africa
N0120,N,1,1897-08-09,1895-11-16,1898-10-19,3,There is no British Bechuanaland. It disappeared on 16 November 1895.,The map still says Rhodesia (Br.). The name changed to Southern Rhodesia (Br.) on 20 October 1898.,CONGO FREE STATE / ANGOLA (PORT.) / RHODESIA (BR.) / GERMAN SOUTH WEST AFRICA / GERMAN EAST AFRICA / BECHUANALAND (BR.) / TRANSVAAL / CAPE COLONY (BR.) / FRENCH CONGO,24.114,-15.996,2872,sub-saharan africa
N0121,N,1,1911-03-31,1910-06-16,1912-03-29,2,"The border between Belgian Congo and Anglo-Egyptian Sudan is already in its new place, set on 16 June 1910.",The border between Ubangi-Shari (Fr.) and Kamerun (Ger.) has not moved yet. It moved on 30 March 1912.,ANGLO-EGYPTIAN SUDAN / EGYPT / CHAD (FR.) / OTTOMAN EMPIRE / BELGIAN CONGO / NIGER (FR.) / UBANGI-SHARI (FR.) / KAMERUN (GER.) / ETHIOPIA / ALGERIA (FR.) / UGANDA (BR.) / GABON (FR.),24.212,15.212,3136,north africa
N0122,N,1,1894-02-17,1891-06-11,1894-06-07,3,Angola (Port.) already holds land it gained on 11 June 1891.,There is no Uganda (Br.) yet. It appeared on 8 June 1894.,CONGO FREE STATE / BRITISH SOUTH AFRICA COMPANY / GERMAN EAST AFRICA / BRITISH EAST AFRICA / ANGOLA (PORT.) / CAPE COLONY (BR.),35.124,-16.544,3877,sub-saharan africa
N0123,N,1,1912-12-30,1908-10-07,1912-12-31,4,There is no Bosnia. It disappeared on 7 October 1908.,There is no Albania yet. It appeared in 1913.,RUSSIA / AUSTRIA-HUNGARY / SWEDEN / OTTOMAN EMPIRE / GERMANY / ROMANIA / BULGARIA / SERBIA,31.758,53.061,2457,eastern europe
N0124,N,1,1911-05-06,1908-10-07,1912-10-17,4,There is no Bosnia. It disappeared on 7 October 1908.,There is no Libya (It.) yet. It appeared on 18 October 1912.,AUSTRIA-HUNGARY / ALGERIA (FR.) / OTTOMAN EMPIRE / FRANCE / GERMANY / ITALY / RUSSIA / ROMANIA / BULGARIA / SPAIN / SERBIA,13.358,40.964,2278,balkans
N0125,N,1,1907-10-10,1906-02-11,1907-12-05,1,"Ubangi-Shari (Fr.) holds this area, which passed to it from Middle Congo (Fr.) on 11 February 1906.",The border between British East Africa and Ethiopia has not moved yet. It moved on 6 December 1907.,CONGO FREE STATE / GERMAN EAST AFRICA / BRITISH EAST AFRICA / ANGLO-EGYPTIAN SUDAN / ETHIOPIA / MOZAMBIQUE (PORT.) / NORTH-WESTERN RHODESIA (BR.) / UBANGI-SHARI (FR.) / ANGOLA (PORT.) / UGANDA (BR.),32.245,-3.333,2779,sub-saharan africa
N0126,N,1,1910-10-24,1910-06-16,1920-01-09,10,"The border between Belgian Congo and Anglo-Egyptian Sudan is already in its new place, set on 16 June 1910.",The map still says German East Africa. The name changed to Tanganyika in 1920.,ANGLO-EGYPTIAN SUDAN / BELGIAN CONGO / ETHIOPIA / CHAD (FR.) / UBANGI-SHARI (FR.) / BRITISH EAST AFRICA / GERMAN EAST AFRICA / UGANDA (BR.) / ERITREA (IT.),29.178,6.558,2294,sub-saharan africa
N0127,N,1,1907-03-28,1893-10-03,1912-12-31,19,Laos (Fr.) is on the map. It appeared on 3 October 1893.,There is no Tibet yet. It appeared in 1913.,INDIA (BR.) / CHINA / SIAM / NEPAL / LAOS (FR.),90.569,23.306,2658,south asia
N0128,N,1,1899-04-23,1899-01-19,1900-09-04,1,Anglo-Egyptian Sudan is on the map. It appeared on 19 January 1899.,There is no Chad (Fr.) yet. It appeared on 5 September 1900.,CONGO FREE STATE / FRENCH CONGO / ANGOLA (PORT.) / ANGLO-EGYPTIAN SUDAN / KAMERUN (GER.) / NORTHERN NIGERIA (BR.) / GABON (FR.),19.175,0.392,2398,sub-saharan africa
N0129,N,1,1903-07-01,1902-12-25,1903-12-28,1,"The border between French West Africa and Algeria (Fr.) is already in its new place, set on 25 December 1902.",The map still says French Congo. The name changed to Middle Congo (Fr.) in 1903.,FRENCH WEST AFRICA / ALGERIA (FR.) / CHAD (FR.) / OTTOMAN EMPIRE / FRENCH CONGO / NORTHERN NIGERIA (BR.) / EGYPT / KAMERUN (GER.) / CONGO FREE STATE / GABON (FR.),9.567,16.025,3384,north africa
N0130,N,1,1903-03-11,1899-01-19,1912-10-17,13,Egypt already holds land it gained on 19 January 1899.,There is no Libya (It.) yet. It appeared on 18 October 1912.,RUSSIA / OTTOMAN EMPIRE / EGYPT / PERSIA / ROMANIA / BULGARIA,37.231,39.234,2629,middle east
N0131,N,1,1912-08-06,1908-10-07,1912-12-31,4,There is no Bosnia. It disappeared on 7 October 1908.,There is no Albania yet. It appeared in 1913.,RUSSIA / AUSTRIA-HUNGARY / SWEDEN / OTTOMAN EMPIRE / NORWAY / GERMANY / ROMANIA / BULGARIA,33.771,55.176,3109,eastern europe
N0132,N,1,1910-06-24,1908-10-07,1912-12-31,4,There is no Bosnia. It disappeared on 7 October 1908.,There is no Albania yet. It appeared in 1913.,RUSSIA / AUSTRIA-HUNGARY / GERMANY / FRANCE / SPAIN / OTTOMAN EMPIRE / ALGERIA (FR.) / ITALY / ROMANIA,12.725,51.364,3621,west-central europe
N0133,N,1,1900-03-31,1893-11-12,1914-11-02,21,"The border between Afghanistan and India (Br.) is already in its new place, set on 12 November 1893.",Ottoman Empire still holds land it gave up on 3 November 1914.,RUSSIA / PERSIA / OTTOMAN EMPIRE / AFGHANISTAN / INDIA (BR.) / BOKHARA (RUSS.),52.844,35.618,3201,central asia
N0134,N,1,1912-10-17,1908-10-07,1912-12-31,4,There is no Bosnia. It disappeared on 7 October 1908.,There is no Albania yet. It appeared in 1913.,RUSSIA / AUSTRIA-HUNGARY / GERMANY / FRANCE / SWEDEN / UNITED KINGDOM / NORWAY / SPAIN / ITALY / ICELAND (DEN.),5.674,55.525,2860,west-central europe
N0135,N,1,1903-08-30,1902-12-25,1905-08-25,3,There is no French West Africa. It disappeared on 25 December 1902.,There is no Norway yet. It appeared on 26 August 1905.,RUSSIA / OTTOMAN EMPIRE / ALGERIA (FR.) / AUSTRIA-HUNGARY / GERMANY / FRANCE / SWEDEN-NORWAY / ITALY / EGYPT / SPAIN / ROMANIA,16.611,45.678,3144,balkans
N0136,N,1,1907-09-23,1906-02-16,1908-11-14,2,There is no Lagos (Br.). It disappeared on 16 February 1906.,The map still says Congo Free State. The name changed to Belgian Congo on 15 November 1908.,CONGO FREE STATE / ANGLO-EGYPTIAN SUDAN / CHAD (FR.) / NIGER (FR.) / ANGOLA (PORT.) / NORTHERN NIGERIA (BR.) / UBANGI-SHARI (FR.) / KAMERUN (GER.) / GABON (FR.) / UGANDA (BR.),18.512,2.816,3457,sub-saharan africa
N0137,N,1,1900-02-23,1899-01-19,1900-09-04,1,Anglo-Egyptian Sudan is on the map. It appeared on 19 January 1899.,There is no Chad (Fr.) yet. It appeared on 5 September 1900.,ANGLO-EGYPTIAN SUDAN / EGYPT / OTTOMAN EMPIRE / ETHIOPIA / FRENCH CONGO / PERSIA,34.043,22.398,3040,middle east
N0138,N,1,1912-02-26,1908-10-07,1912-10-17,4,There is no Bosnia. It disappeared on 7 October 1908.,There is no Libya (It.) yet. It appeared on 18 October 1912.,RUSSIA / OTTOMAN EMPIRE / PERSIA / EGYPT / INDIA (BR.) / GERMANY,46.248,52.741,4694,central asia
N0139,N,1,1911-11-24,1908-10-07,1912-10-17,4,There is no Bosnia. It disappeared on 7 October 1908.,There is no Libya (It.) yet. It appeared on 18 October 1912.,OTTOMAN EMPIRE / EGYPT / ALGERIA (FR.) / RUSSIA / AUSTRIA-HUNGARY / FRANCE / GERMANY / ITALY / ROMANIA / BULGARIA,19.123,37.597,3113,balkans
N0140,N,1,1912-05-01,1905-01-01,1912-11-26,7,Upper Senegal and Niger (Fr.) is on the map. It appeared in 1905.,There is no Spanish Morocco yet. It appeared on 27 November 1912.,ALGERIA (FR.) / MAURITANIA (FR.) / UPPER SENEGAL AND NIGER (FR.) / MOROCCO / SPAIN,-5.113,30.444,2247,north africa
N0141,N,1,1898-01-09,1895-06-16,1898-06-13,3,French West Africa is on the map. It appeared on 16 June 1895.,There is no French Congo yet. It appeared on 14 June 1898.,FRENCH WEST AFRICA / OTTOMAN EMPIRE / ALGERIA (FR.) / ITALY / EGYPT / SPAIN / FRANCE / BULGARIA,13.095,31.576,2701,north africa
N0142,N,1,1912-03-30,1908-10-07,1913-05-29,5,There is no Bosnia. It disappeared on 7 October 1908.,Ottoman Empire still holds land it gave up on 30 May 1913.,RUSSIA / OTTOMAN EMPIRE / CANADA / PERSIA / ALGERIA (FR.) / GERMANY / SPAIN,31.063,67.431,6508,scandinavia and baltic
N0143,N,1,1906-06-04,1906-02-16,1912-11-26,6,There is no Lagos (Br.). It disappeared on 16 February 1906.,There is no Spanish Morocco yet. It appeared on 27 November 1912.,ALGERIA (FR.) / UPPER SENEGAL AND NIGER (FR.) / MAURITANIA (FR.) / NIGER (FR.) / IVORY COAST (FR.) / MOROCCO / FRENCH GUINEA / SENEGAL (FR.),-8.047,17.308,3210,north africa
N0144,N,1,1907-04-22,1906-02-16,1912-11-26,6,There is no Lagos (Br.). It disappeared on 16 February 1906.,There is no Spanish Morocco yet. It appeared on 27 November 1912.,UPPER SENEGAL AND NIGER (FR.) / ALGERIA (FR.) / MAURITANIA (FR.) / IVORY COAST (FR.) / FRENCH GUINEA / NIGER (FR.) / SENEGAL (FR.) / MOROCCO / LIBERIA,-6.332,18.101,2630,north africa
N0145,N,1,1912-02-18,1908-10-07,1912-10-17,4,There is no Bosnia. It disappeared on 7 October 1908.,There is no Libya (It.) yet. It appeared on 18 October 1912.,OTTOMAN EMPIRE / EGYPT / ALGERIA (FR.) / RUSSIA / AUSTRIA-HUNGARY / FRANCE / ANGLO-EGYPTIAN SUDAN / ITALY / NIGER (FR.) / GERMANY / CHAD (FR.) / ROMANIA,19.988,36.057,3189,balkans
N0146,N,1,1899-06-21,1899-01-19,1900-09-04,1,Anglo-Egyptian Sudan is on the map. It appeared on 19 January 1899.,There is no Chad (Fr.) yet. It appeared on 5 September 1900.,ANGLO-EGYPTIAN SUDAN / ETHIOPIA / CONGO FREE STATE / BRITISH EAST AFRICA / EGYPT / UGANDA (BR.) / FRENCH CONGO / ERITREA (IT.),34.431,12.393,2515,sub-saharan africa
N0147,N,1,1894-06-07,1893-11-12,1897-05-13,4,"The border between Afghanistan and India (Br.) is already in its new place, set on 12 November 1893.",There is no Ethiopia yet. It appeared on 14 May 1897.,INDIA (BR.) / PERSIA / AFGHANISTAN / CHINA / RUSSIA,63.256,19.008,3739,south asia
N0148,N,1,1905-02-09,1903-12-29,1906-02-10,3,"The map says Middle Congo (Fr.), a name in use from 1903.",There is no Ubangi-Shari (Fr.) yet. It appeared on 11 February 1906.,CONGO FREE STATE / ANGLO-EGYPTIAN SUDAN / MIDDLE CONGO (FR.) / GERMAN EAST AFRICA / CHAD (FR.) / ANGOLA (PORT.) / UGANDA (BR.),25.272,1.164,2388,sub-saharan africa
N0149,N,1,1897-09-11,1895-11-16,1898-10-19,3,There is no British Bechuanaland. It disappeared on 16 November 1895.,The map still says Rhodesia (Br.). The name changed to Southern Rhodesia (Br.) on 20 October 1898.,CONGO FREE STATE / ANGOLA (PORT.) / GERMAN SOUTH WEST AFRICA / RHODESIA (BR.) / BECHUANALAND (BR.) / FRENCH CONGO / TRANSVAAL / GABON (FR.),16.235,-12.632,3113,sub-saharan africa
N0150,N,1,1911-02-11,1908-10-07,1912-10-17,4,There is no Bosnia. It disappeared on 7 October 1908.,There is no Libya (It.) yet. It appeared on 18 October 1912.,OTTOMAN EMPIRE / EGYPT / AUSTRIA-HUNGARY / RUSSIA / ITALY / ROMANIA / BULGARIA / SERBIA,25.245,38.282,2240,balkans
N0151,N,1,1912-04-23,1908-10-07,1912-12-31,4,There is no Bosnia. It disappeared on 7 October 1908.,There is no Albania yet. It appeared in 1913.,RUSSIA / AUSTRIA-HUNGARY / OTTOMAN EMPIRE / GERMANY / FRANCE / SPAIN / ITALY,12.998,56.591,3945,scandinavia and baltic
N0152,N,1,1909-11-19,1908-10-07,1912-10-17,4,There is no Bosnia. It disappeared on 7 October 1908.,There is no Libya (It.) yet. It appeared on 18 October 1912.,RUSSIA / OTTOMAN EMPIRE / PERSIA / EGYPT / AUSTRIA-HUNGARY / GERMANY,38.804,47.209,4324,eastern europe
N0153,N,1,1903-05-25,1902-12-25,1904-04-07,2,"The border between French West Africa and Algeria (Fr.) is already in its new place, set on 25 December 1902.",French West Africa is still on the map. It disappeared on 8 April 1904.,ALGERIA (FR.) / FRENCH WEST AFRICA / OTTOMAN EMPIRE / CHAD (FR.) / EGYPT / SPAIN,10.506,26.981,2888,north africa
N0154,N,1,1909-11-04,1908-10-07,1912-10-17,4,There is no Bosnia. It disappeared on 7 October 1908.,There is no Libya (It.) yet. It appeared on 18 October 1912.,RUSSIA / OTTOMAN EMPIRE / AUSTRIA-HUNGARY / GERMANY / FRANCE / PERSIA,27.732,53.793,4354,eastern europe
N0155,N,1,1899-11-28,1899-01-19,1902-12-24,3,"The border between Egypt and Egypt is already in its new place, set on 19 January 1899.",French West Africa is still on the map. It disappeared on 25 December 1902.,OTTOMAN EMPIRE / FRENCH WEST AFRICA / ALGERIA (FR.) / AUSTRIA-HUNGARY / EGYPT / FRANCE / RUSSIA / GERMANY / ITALY / SPAIN / ROMANIA / BULGARIA,13.194,38.352,2860,balkans
N0156,N,1,1911-06-22,1900-09-05,1912-10-17,12,"Chad (Fr.) holds this area, which passed to it from French Congo on 5 September 1900.",There is no Libya (It.) yet. It appeared on 18 October 1912.,ANGLO-EGYPTIAN SUDAN / EGYPT / OTTOMAN EMPIRE / CHAD (FR.) / ETHIOPIA / ERITREA (IT.),30.68,23.289,2387,middle east
N0157,N,1,1912-06-18,1908-10-07,1912-10-17,4,There is no Bosnia. It disappeared on 7 October 1908.,There is no Libya (It.) yet. It appeared on 18 October 1912.,OTTOMAN EMPIRE / EGYPT / RUSSIA / AUSTRIA-HUNGARY / ROMANIA / BULGARIA,32.721,34.375,2517,north africa
N0158,N,1,1909-09-29,1908-10-07,1912-10-17,4,There is no Bosnia. It disappeared on 7 October 1908.,There is no Libya (It.) yet. It appeared on 18 October 1912.,RUSSIA / AUSTRIA-HUNGARY / ALGERIA (FR.) / GERMANY / FRANCE / SPAIN / ITALY / MOROCCO / ROMANIA,11.03,49.36,3556,west-central europe
N0159,N,1,1913-05-24,1912-10-18,1914-12-17,2,Libya (It.) is on the map. It appeared on 18 October 1912.,Egypt is not yet marked British. It came under British rule on 18 December 1914.,ANGLO-EGYPTIAN SUDAN / EGYPT / CHAD (FR.) / ETHIOPIA / LIBYA (IT.) / BELGIAN CONGO / UBANGI-SHARI (FR.) / BRITISH EAST AFRICA / UGANDA (BR.),29.022,16.985,3339,north africa
N0160,N,1,1902-08-16,1899-01-19,1905-08-25,6,Egypt already holds land it gained on 19 January 1899.,There is no Norway yet. It appeared on 26 August 1905.,RUSSIA / OTTOMAN EMPIRE / PERSIA / EGYPT / GERMANY / INDIA (BR.),44.651,50.595,4533,eastern europe
N0161,N,1,1909-08-18,1908-10-07,1912-12-31,4,There is no Bosnia. It disappeared on 7 October 1908.,There is no Albania yet. It appeared in 1913.,RUSSIA / AUSTRIA-HUNGARY / GERMANY / FRANCE / ITALY / OTTOMAN EMPIRE / ROMANIA / BULGARIA / SWEDEN / SERBIA,15.25,47.373,2126,west-central europe
N0162,N,1,1911-10-18,1908-10-07,1912-12-31,4,There is no Bosnia. It disappeared on 7 October 1908.,There is no Albania yet. It appeared in 1913.,RUSSIA / OTTOMAN EMPIRE / AUSTRIA-HUNGARY / GERMANY / SWEDEN / ITALY / NORWAY / ROMANIA / BULGARIA,27.318,51.547,3046,eastern europe
N0163,N,1,1909-12-24,1908-10-07,1912-10-17,4,There is no Bosnia. It disappeared on 7 October 1908.,There is no Libya (It.) yet. It appeared on 18 October 1912.,RUSSIA / OTTOMAN EMPIRE / EGYPT / ALGERIA (FR.) / AUSTRIA-HUNGARY / ANGLO-EGYPTIAN SUDAN / GERMANY / NIGER (FR.) / FRANCE / CHAD (FR.) / PERSIA / ITALY,27.15,39.11,4120,balkans
N0164,N,1,1902-09-03,1899-01-01,1902-12-24,3,Northern Nigeria (Br.) is on the map. It appeared in 1899.,The border between French West Africa and Algeria (Fr.) has not moved yet. It moved on 25 December 1902.,FRENCH WEST AFRICA / ALGERIA (FR.) / OTTOMAN EMPIRE / MOROCCO / NORTHERN NIGERIA (BR.) / SPAIN,1.635,25.598,2779,north africa
N0165,N,1,1911-09-30,1908-10-07,1912-10-17,4,There is no Bosnia. It disappeared on 7 October 1908.,There is no Libya (It.) yet. It appeared on 18 October 1912.,RUSSIA / OTTOMAN EMPIRE / AUSTRIA-HUNGARY / GERMANY / ALGERIA (FR.) / FRANCE / EGYPT / ITALY / SWEDEN / ROMANIA,21.204,44.92,3252,west-central europe
N0166,N,1,1908-10-13,1908-10-07,1912-10-17,4,There is no Bosnia. It disappeared on 7 October 1908.,There is no Libya (It.) yet. It appeared on 18 October 1912.,ALGERIA (FR.) / OTTOMAN EMPIRE / RUSSIA / AUSTRIA-HUNGARY / GERMANY / FRANCE / ITALY / SPAIN / UNITED KINGDOM / EGYPT / ROMANIA / BULGARIA,13.194,42.411,2785,west-central europe
N0167,N,1,1905-03-18,1902-12-25,1905-08-25,3,There is no French West Africa. It disappeared on 25 December 1902.,There is no Norway yet. It appeared on 26 August 1905.,RUSSIA / OTTOMAN EMPIRE / ALGERIA (FR.) / AUSTRIA-HUNGARY / GERMANY / FRANCE / EGYPT / PERSIA,25.052,50.805,4471,eastern europe
N0168,N,1,1909-06-05,1908-10-07,1912-10-17,4,There is no Bosnia. It disappeared on 7 October 1908.,There is no Libya (It.) yet. It appeared on 18 October 1912.,RUSSIA / OTTOMAN EMPIRE / ALGERIA (FR.) / EGYPT / AUSTRIA-HUNGARY / ANGLO-EGYPTIAN SUDAN / GERMANY / FRANCE / NIGER (FR.) / CHAD (FR.) / SPAIN / ITALY,21.99,40.609,4372,balkans
N0169,N,1,1909-09-12,1908-10-07,1912-10-17,4,There is no Bosnia. It disappeared on 7 October 1908.,There is no Libya (It.) yet. It appeared on 18 October 1912.,RUSSIA / OTTOMAN EMPIRE / ALGERIA (FR.) / AUSTRIA-HUNGARY / GERMANY / FRANCE / EGYPT / SPAIN / ITALY,20.636,50.195,4495,eastern europe
N0170,N,1,1911-03-28,1910-06-16,1911-08-17,1,"The border between Belgian Congo and Anglo-Egyptian Sudan is already in its new place, set on 16 June 1910.",There is no Northern Rhodesia (Br.) yet. It appeared on 18 August 1911.,ANGLO-EGYPTIAN SUDAN / BELGIAN CONGO / CHAD (FR.) / ANGOLA (PORT.) / ETHIOPIA / GERMAN EAST AFRICA / BRITISH EAST AFRICA / UBANGI-SHARI (FR.) / NIGER (FR.),30.664,1.978,4165,sub-saharan africa
N0171,N,1,1898-09-13,1895-06-16,1902-12-24,7,French West Africa is on the map. It appeared on 16 June 1895.,The border between Algeria (Fr.) and Algeria (Fr.) has not moved yet. It moved on 25 December 1902.,FRENCH WEST AFRICA / ALGERIA (FR.) / OTTOMAN EMPIRE / SPAIN / FRANCE / MOROCCO / ITALY / AUSTRIA-HUNGARY / GERMANY,2.66,35.58,2732,north africa
N0172,N,1,1912-02-23,1908-10-07,1912-10-17,4,There is no Bosnia. It disappeared on 7 October 1908.,There is no Libya (It.) yet. It appeared on 18 October 1912.,RUSSIA / OTTOMAN EMPIRE / PERSIA / SWEDEN / EGYPT / GERMANY / ROMANIA,40.517,47.556,3541,eastern europe
N0173,N,1,1895-07-05,1895-06-16,1898-06-13,3,French West Africa is on the map. It appeared on 16 June 1895.,There is no French Congo yet. It appeared on 14 June 1898.,FRENCH WEST AFRICA / RUSSIA / OTTOMAN EMPIRE / EGYPT / ALGERIA (FR.) / AUSTRIA-HUNGARY / GERMANY / FRANCE / SPAIN / MOROCCO / ITALY,13.477,41.163,4549,balkans
N0174,N,1,1908-09-01,1907-12-06,1908-11-14,1,"The border between British East Africa and Ethiopia is already in its new place, set on 6 December 1907.",The map still says Congo Free State. The name changed to Belgian Congo on 15 November 1908.,ANGLO-EGYPTIAN SUDAN / CONGO FREE STATE / ETHIOPIA / GERMAN EAST AFRICA / CHAD (FR.) / BRITISH EAST AFRICA / UBANGI-SHARI (FR.) / UGANDA (BR.) / ANGOLA (PORT.),31.51,5.254,3049,sub-saharan africa
N0175,N,1,1904-11-13,1902-12-25,1905-08-25,3,There is no French West Africa. It disappeared on 25 December 1902.,There is no Norway yet. It appeared on 26 August 1905.,RUSSIA / OTTOMAN EMPIRE / AUSTRIA-HUNGARY / GERMANY / ALGERIA (FR.) / FRANCE / EGYPT / ITALY / ROMANIA / BULGARIA,20.704,43.922,3147,west-central europe
N0176,N,1,1910-02-10,1908-11-15,1910-06-15,2,"The map says Belgian Congo, a name in use from 15 November 1908.",The border between Belgian Congo and Anglo-Egyptian Sudan has not moved yet. It moved on 16 June 1910.,BELGIAN CONGO / ANGLO-EGYPTIAN SUDAN / ETHIOPIA / GERMAN EAST AFRICA / ANGOLA (PORT.) / BRITISH EAST AFRICA / MOZAMBIQUE (PORT.) / UBANGI-SHARI (FR.) / NORTH-WESTERN RHODESIA (BR.) / CHAD (FR.) / SOUTHERN RHODESIA (BR.) / UGANDA (BR.),30.687,-3.299,3320,sub-saharan africa
N0177,N,1,1898-10-30,1898-10-20,1900-01-28,2,"The map says Southern Rhodesia (Br.), a name in use from 20 October 1898.",There is no North-Western Rhodesia (Br.) yet. It appeared on 29 January 1900.,CONGO FREE STATE / ANGOLA (PORT.) / SOUTHERN RHODESIA (BR.) / GERMAN SOUTH WEST AFRICA / BECHUANALAND (BR.) / FRENCH CONGO / GABON (FR.) / TRANSVAAL / UGANDA (BR.) / KAMERUN (GER.),20.184,-10.796,3101,sub-saharan africa
N0178,N,1,1908-05-15,1906-02-16,1908-11-14,2,There is no Lagos (Br.). It disappeared on 16 February 1906.,The map still says Congo Free State. The name changed to Belgian Congo on 15 November 1908.,CONGO FREE STATE / ANGOLA (PORT.) / ANGLO-EGYPTIAN SUDAN / NORTHERN NIGERIA (BR.) / UBANGI-SHARI (FR.) / CHAD (FR.) / KAMERUN (GER.) / NORTH-WESTERN RHODESIA (BR.) / GERMAN SOUTH WEST AFRICA / GABON (FR.) / NIGER (FR.),14.343,-2.886,3504,sub-saharan africa
N0179,N,1,1899-02-06,1899-01-19,1900-09-04,1,Anglo-Egyptian Sudan is on the map. It appeared on 19 January 1899.,There is no Chad (Fr.) yet. It appeared on 5 September 1900.,ANGLO-EGYPTIAN SUDAN / FRENCH CONGO / CONGO FREE STATE / EGYPT / OTTOMAN EMPIRE / ETHIOPIA / BRITISH EAST AFRICA / GERMAN EAST AFRICA / UGANDA (BR.),31.29,13.398,3711,middle east
N0180,N,1,1909-05-18,1908-10-07,1912-10-17,4,There is no Bosnia. It disappeared on 7 October 1908.,There is no Libya (It.) yet. It appeared on 18 October 1912.,OTTOMAN EMPIRE / AUSTRIA-HUNGARY / RUSSIA / GERMANY / ALGERIA (FR.) / FRANCE / ITALY / EGYPT / ROMANIA / BULGARIA / SERBIA,16.619,41.552,2477,balkans
N0181,N,1,1909-06-01,1908-11-15,1910-06-15,2,"The map says Belgian Congo, a name in use from 15 November 1908.",The border between Belgian Congo and Anglo-Egyptian Sudan has not moved yet. It moved on 16 June 1910.,BELGIAN CONGO / ANGLO-EGYPTIAN SUDAN / ETHIOPIA / GERMAN EAST AFRICA / BRITISH EAST AFRICA / MOZAMBIQUE (PORT.) / ANGOLA (PORT.) / UBANGI-SHARI (FR.) / NORTH-WESTERN RHODESIA (BR.) / CHAD (FR.) / UGANDA (BR.),33.396,-0.593,3246,sub-saharan africa
N0182,N,1,1913-12-15,1913-01-01,1914-07-02,1,Tibet is on the map. It appeared in 1913.,The border between Tibet and India (Br.) has not moved yet. It moved on 3 July 1914.,CHINA / TIBET / INDIA (BR.) / SIAM / ANNAM (FR.) / LAOS (FR.) / CAMBODIA (FR.),111.173,28.273,3504,east asia
N0183,N,1,1901-09-17,1900-09-05,1902-12-24,2,"Chad (Fr.) holds this area, which passed to it from French Congo on 5 September 1900.",The border between Algeria (Fr.) and Algeria (Fr.) has not moved yet. It moved on 25 December 1902.,FRENCH WEST AFRICA / OTTOMAN EMPIRE / ALGERIA (FR.) / SPAIN / ITALY / MOROCCO / FRANCE / TUNISIA (FR.) / CHAD (FR.) / EGYPT / BOSNIA,7.212,32.892,2471,north africa
N0184,N,1,1895-03-04,1893-10-03,1896-06-30,3,Laos (Fr.) is on the map. It appeared on 3 October 1893.,There is no Federated Malay States (Br.) yet. It appeared on 1 July 1896.,CHINA / INDIA (BR.) / SIAM / ANNAM (FR.) / LAOS (FR.) / CAMBODIA (FR.),105.094,16.464,2602,southeast asia
N0185,N,1,1913-08-22,1913-01-01,1914-04-16,1,Tibet is on the map. It appeared in 1913.,The border between China and Russia has not moved yet. It moved on 17 April 1914.,RUSSIA / INDIA (BR.) / CHINA / TIBET / PERSIA / AFGHANISTAN / NEPAL,75.218,36.115,3980,south asia
N0186,N,1,1913-04-03,1913-01-01,1914-04-16,1,Tibet is on the map. It appeared in 1913.,The border between China and Russia has not moved yet. It moved on 17 April 1914.,RUSSIA / INDIA (BR.) / CHINA / PERSIA / TIBET / AFGHANISTAN,66.562,36.771,4587,south asia
N0187,N,1,1913-04-08,1912-10-18,1914-12-17,2,Libya (It.) is on the map. It appeared on 18 October 1912.,Egypt is not yet marked British. It came under British rule on 18 December 1914.,ANGLO-EGYPTIAN SUDAN / EGYPT / CHAD (FR.) / OTTOMAN EMPIRE / LIBYA (IT.) / ETHIOPIA / NIGER (FR.) / KAMERUN (GER.) / UBANGI-SHARI (FR.),25.73,23.148,3234,middle east
N0188,N,1,1895-11-21,1895-11-16,1898-10-19,3,There is no British Bechuanaland. It disappeared on 16 November 1895.,The map still says Rhodesia (Br.). The name changed to Southern Rhodesia (Br.) on 20 October 1898.,ANGOLA (PORT.) / GERMAN SOUTH WEST AFRICA / CAPE COLONY (BR.) / RHODESIA (BR.) / BECHUANALAND (BR.) / TRANSVAAL / CONGO FREE STATE / ORANGE FREE STATE,18.538,-21.993,2424,sub-saharan africa
N0189,N,1,1913-07-28,1912-10-18,1914-11-02,2,Libya (It.) is on the map. It appeared on 18 October 1912.,Ottoman Empire still holds land it gave up on 3 November 1914.,ANGLO-EGYPTIAN SUDAN / EGYPT / OTTOMAN EMPIRE / ETHIOPIA / CHAD (FR.) / LIBYA (IT.) / PERSIA,33.56,22.131,3073,middle east
N0190,N,1,1909-09-01,1908-10-07,1912-10-17,4,There is no Bosnia. It disappeared on 7 October 1908.,There is no Libya (It.) yet. It appeared on 18 October 1912.,RUSSIA / OTTOMAN EMPIRE / AUSTRIA-HUNGARY / PERSIA / SWEDEN / GERMANY / NORWAY / ROMANIA,34.676,50.266,3454,eastern europe
N0191,N,1,1913-02-18,1913-01-01,1914-07-02,1,Tibet is on the map. It appeared in 1913.,The border between Tibet and India (Br.) has not moved yet. It moved on 3 July 1914.,INDIA (BR.) / TIBET / CHINA / SIAM / NEPAL / LAOS (FR.),89.802,22.462,3055,south asia
N0192,N,1,1906-05-12,1905-08-26,1917-12-05,12,Norway is on the map. It appeared on 26 August 1905.,There is no Finland yet. It appeared on 6 December 1917.,RUSSIA / GERMANY / AUSTRIA-HUNGARY / SWEDEN / FRANCE / NORWAY / UNITED KINGDOM,13.489,58.644,2477,west-central europe
N0193,N,1,1905-06-26,1905-01-01,1906-02-10,1,Niger (Fr.) is on the map. It appeared in 1905.,There is no Ubangi-Shari (Fr.) yet. It appeared on 11 February 1906.,OTTOMAN EMPIRE / ANGLO-EGYPTIAN SUDAN / EGYPT / CHAD (FR.) / ETHIOPIA / MIDDLE CONGO (FR.) / CONGO FREE STATE / PERSIA / NIGER (FR.) / BRITISH EAST AFRICA / RUSSIA,30.327,22.107,4254,middle east
N0194,N,1,1900-10-08,1900-09-05,1902-12-24,2,"Chad (Fr.) holds this area, which passed to it from French Congo on 5 September 1900.",The border between French West Africa and French West Africa has not moved yet. It moved on 25 December 1902.,FRENCH WEST AFRICA / OTTOMAN EMPIRE / ALGERIA (FR.) / CHAD (FR.) / EGYPT / TUNISIA (FR.),10.929,28.181,2311,north africa
N0195,N,1,1903-11-23,1900-09-05,1903-12-28,3,Chad (Fr.) is on the map. It appeared on 5 September 1900.,The map still says French Congo. The name changed to Middle Congo (Fr.) in 1903.,CONGO FREE STATE / FRENCH WEST AFRICA / CHAD (FR.) / FRENCH CONGO / ANGOLA (PORT.) / NORTHERN NIGERIA (BR.) / KAMERUN (GER.) / GABON (FR.),13.893,2.75,3311,sub-saharan africa
N0196,N,1,1909-04-10,1908-10-07,1912-12-31,4,There is no Bosnia. It disappeared on 7 October 1908.,There is no Albania yet. It appeared in 1913.,GERMANY / FRANCE / AUSTRIA-HUNGARY / SPAIN / UNITED KINGDOM / ITALY / RUSSIA / SWEDEN / NORWAY,5.384,48.798,2505,west-central europe
N0197,N,1,1891-12-20,1891-06-11,1894-08-13,3,Angola (Port.) already holds land it gained on 11 June 1891.,Congo Free State has not yet taken in land it gained on 14 August 1894.,CONGO FREE STATE / ANGOLA (PORT.) / BRITISH SOUTH AFRICA COMPANY / GERMAN SOUTH WEST AFRICA / BECHUANALAND (BR.) / FRENCH CONGO / GABON (FR.) / TRANSVAAL / KAMERUN (GER.),18.125,-10.889,3183,sub-saharan africa
N0198,N,1,1908-11-19,1908-10-07,1912-12-31,4,There is no Bosnia. It disappeared on 7 October 1908.,There is no Albania yet. It appeared in 1913.,RUSSIA / OTTOMAN EMPIRE / AUSTRIA-HUNGARY / GERMANY / ROMANIA / BULGARIA / SERBIA,31.159,45.314,2323,eastern europe
N0199,N,1,1906-09-28,1902-05-15,1907-12-05,5,"The border between Anglo-Egyptian Sudan and Ethiopia is already in its new place, set on 15 May 1902.",The border between British East Africa and Ethiopia has not moved yet. It moved on 6 December 1907.,ANGLO-EGYPTIAN SUDAN / EGYPT / ETHIOPIA / OTTOMAN EMPIRE / CONGO FREE STATE / CHAD (FR.) / BRITISH EAST AFRICA,34.86,17.728,2863,middle east
N0200,N,1,1906-09-29,1906-02-16,1912-03-29,6,There is no Lagos (Br.). It disappeared on 16 February 1906.,The border between Chad (Fr.) and Kamerun (Ger.) has not moved yet. It moved on 30 March 1912.,ALGERIA (FR.) / NIGER (FR.) / CHAD (FR.) / UPPER SENEGAL AND NIGER (FR.) / OTTOMAN EMPIRE / NORTHERN NIGERIA (BR.) / EGYPT / KAMERUN (GER.) / UBANGI-SHARI (FR.),9.014,19.396,2742,north africa
N0201,N,1,1910-11-07,1908-10-07,1912-10-17,4,There is no Bosnia. It disappeared on 7 October 1908.,There is no Libya (It.) yet. It appeared on 18 October 1912.,OTTOMAN EMPIRE / ANGLO-EGYPTIAN SUDAN / EGYPT / CHAD (FR.) / RUSSIA / NIGER (FR.) / AUSTRIA-HUNGARY / ITALY / ETHIOPIA / ROMANIA,27.073,29.378,3612,north africa
N0202,N,1,1913-04-29,1912-03-30,1916-03-03,4,"The border between Ubangi-Shari (Fr.) and Kamerun (Ger.) is already in its new place, set on 30 March 1912.",Kamerun is still marked German. It became independent on 4 March 1916.,BELGIAN CONGO / ANGOLA (PORT.) / NORTHERN RHODESIA (BR.) / GERMAN EAST AFRICA / KAMERUN (GER.) / ANGLO-EGYPTIAN SUDAN / UBANGI-SHARI (FR.) / UGANDA (BR.) / SOUTHERN RHODESIA (BR.),24.932,-5.6,2617,sub-saharan africa
N0203,N,1,1904-08-20,1904-04-08,1904-10-02,0,Mauritania (Fr.) is on the map. It appeared on 8 April 1904.,Mauritania (Fr.) still holds land it gave up on 3 October 1904.,ALGERIA (FR.) / RUSSIA / OTTOMAN EMPIRE / MAURITANIA (FR.) / EGYPT / AUSTRIA-HUNGARY / GERMANY / FRANCE / SPAIN / MOROCCO / CHAD (FR.) / ITALY,4.114,42.225,4530,west-central europe
N0204,N,1,1904-10-26,1904-04-08,1904-12-31,0,There is no French West Africa. It disappeared on 8 April 1904.,There is no Niger (Fr.) yet. It appeared in 1905.,RUSSIA / OTTOMAN EMPIRE / EGYPT / ALGERIA (FR.) / AUSTRIA-HUNGARY / GERMANY / FRANCE / PERSIA / ITALY,26.731,43.273,4578,balkans
N0205,N,1,1910-01-31,1908-10-07,1912-10-17,4,There is no Bosnia. It disappeared on 7 October 1908.,There is no Libya (It.) yet. It appeared on 18 October 1912.,RUSSIA / OTTOMAN EMPIRE / ALGERIA (FR.) / EGYPT / AUSTRIA-HUNGARY / GERMANY / FRANCE / ITALY / ROMANIA,20.323,42.88,3491,balkans
N0206,N,1,1912-12-04,1911-08-18,1915-08-15,4,Northern Rhodesia (Br.) is on the map. It appeared on 18 August 1911.,The map still says German South West Africa. The name changed to South West Africa on 16 August 1915.,BELGIAN CONGO / ANGOLA (PORT.) / GERMAN SOUTH WEST AFRICA / NORTHERN RHODESIA (BR.) / BECHUANALAND (BR.) / MIDDLE CONGO (FR.) / GABON (FR.),18.913,-11.949,2272,sub-saharan africa
N0207,N,1,1905-12-30,1893-10-03,1912-12-31,19,Laos (Fr.) is on the map. It appeared on 3 October 1893.,There is no Tibet yet. It appeared in 1913.,CHINA / INDIA (BR.) / SIAM / LAOS (FR.) / ANNAM (FR.) / BHUTAN,98.812,26.314,2406,southeast asia
N0208,N,1,1909-05-26,1908-10-07,1912-10-17,4,There is no Bosnia. It disappeared on 7 October 1908.,There is no Libya (It.) yet. It appeared on 18 October 1912.,RUSSIA / ALGERIA (FR.) / OTTOMAN EMPIRE / EGYPT / AUSTRIA-HUNGARY / GERMANY / FRANCE / SPAIN / MOROCCO / ITALY,11.742,42.97,4313,west-central europe
N0209,N,1,1911-09-21,1908-10-07,1912-10-17,4,There is no Bosnia. It disappeared on 7 October 1908.,There is no Libya (It.) yet. It appeared on 18 October 1912.,RUSSIA / ALGERIA (FR.) / OTTOMAN EMPIRE / AUSTRIA-HUNGARY / GERMANY / FRANCE / SPAIN / ITALY / MOROCCO / EGYPT / ROMANIA,10.592,47.034,3560,west-central europe
N0210,N,1,1900-07-24,1899-01-01,1900-09-04,1,Northern Nigeria (Br.) is on the map. It appeared in 1899.,There is no Chad (Fr.) yet. It appeared on 5 September 1900.,FRENCH WEST AFRICA / FRENCH CONGO / NORTHERN NIGERIA (BR.) / KAMERUN (GER.) / CONGO FREE STATE / ANGOLA (PORT.) / GABON (FR.) / LAGOS (BR.),6.758,3.619,2828,sub-saharan africa
N0211,N,1,1909-07-20,1908-10-07,1912-12-31,4,There is no Bosnia. It disappeared on 7 October 1908.,There is no Albania yet. It appeared in 1913.,RUSSIA / AUSTRIA-HUNGARY / OTTOMAN EMPIRE / GERMANY / ITALY / SWEDEN / ROMANIA / BULGARIA / SERBIA,22.945,48.309,2339,eastern europe
N0212,N,1,1904-07-19,1904-04-08,1904-12-31,0,There is no French West Africa. It disappeared on 8 April 1904.,There is no Niger (Fr.) yet. It appeared in 1905.,OTTOMAN EMPIRE / RUSSIA / ALGERIA (FR.) / EGYPT / ANGLO-EGYPTIAN SUDAN / AUSTRIA-HUNGARY / CHAD (FR.) / GERMANY / FRANCE / SPAIN / ITALY,19.545,36.242,3986,balkans
N0213,N,1,1906-12-31,1900-09-05,1912-10-17,12,"Chad (Fr.) holds this area, which passed to it from French Congo on 5 September 1900.",There is no Libya (It.) yet. It appeared on 18 October 1912.,OTTOMAN EMPIRE / ANGLO-EGYPTIAN SUDAN / EGYPT / CHAD (FR.) / PERSIA / RUSSIA,33.648,27.73,2849,middle east
N0214,N,1,1900-07-05,1899-01-19,1900-09-04,1,Anglo-Egyptian Sudan is on the map. It appeared on 19 January 1899.,There is no Chad (Fr.) yet. It appeared on 5 September 1900.,ANGLO-EGYPTIAN SUDAN / FRENCH CONGO / EGYPT / FRENCH WEST AFRICA / OTTOMAN EMPIRE / KAMERUN (GER.) / NORTHERN NIGERIA (BR.) / CONGO FREE STATE,20.221,16.736,2746,north africa
N0215,N,1,1900-02-14,1895-06-16,1902-12-24,7,French West Africa is on the map. It appeared on 16 June 1895.,The border between Algeria (Fr.) and Algeria (Fr.) has not moved yet. It moved on 25 December 1902.,FRENCH WEST AFRICA / ALGERIA (FR.) / GERMANY / FRANCE / SPAIN / AUSTRIA-HUNGARY / OTTOMAN EMPIRE / MOROCCO / ITALY / RUSSIA,1.16,42.602,3120,west-central europe
N0216,N,1,1910-09-08,1910-06-16,1911-08-17,1,"The border between Belgian Congo and Anglo-Egyptian Sudan is already in its new place, set on 16 June 1910.",There is no Northern Rhodesia (Br.) yet. It appeared on 18 August 1911.,BELGIAN CONGO / ANGLO-EGYPTIAN SUDAN / ETHIOPIA / GERMAN EAST AFRICA / BRITISH EAST AFRICA / MOZAMBIQUE (PORT.) / NORTH-WESTERN RHODESIA (BR.) / UBANGI-SHARI (FR.) / ANGOLA (PORT.) / SOUTHERN RHODESIA (BR.) / BRITISH SOMALILAND,35.518,-2.579,3409,sub-saharan africa
N0217,N,1,1902-03-27,1893-11-12,1912-12-31,19,"The border between Afghanistan and India (Br.) is already in its new place, set on 12 November 1893.",China still holds this area. It passed to Tibet in 1913.,INDIA (BR.) / CHINA / AFGHANISTAN / PERSIA / NEPAL,74.032,19.872,3164,south asia
N0218,N,1,1900-02-10,1899-01-19,1900-09-04,1,Anglo-Egyptian Sudan is on the map. It appeared on 19 January 1899.,French Congo still holds this area. It passed to Chad (Fr.) on 5 September 1900.,OTTOMAN EMPIRE / RUSSIA / EGYPT / ANGLO-EGYPTIAN SUDAN / AUSTRIA-HUNGARY / PERSIA / FRENCH CONGO / ROMANIA,33.504,33.447,3397,north africa
N0219,N,1,1911-01-15,1906-02-16,1912-11-26,6,There is no Lagos (Br.). It disappeared on 16 February 1906.,There is no Spanish Morocco yet. It appeared on 27 November 1912.,ALGERIA (FR.) / UPPER SENEGAL AND NIGER (FR.) / MAURITANIA (FR.) / NIGER (FR.) / NORTHERN NIGERIA (BR.) / MOROCCO / IVORY COAST (FR.) / SPAIN / FRENCH GUINEA,-5.485,22.572,3637,north africa
N0220,N,1,1896-10-13,1895-06-16,1899-01-18,4,French West Africa is on the map. It appeared on 16 June 1895.,Egypt has not yet taken in land it gained on 19 January 1899.,RUSSIA / OTTOMAN EMPIRE / AUSTRIA-HUNGARY / GERMANY / FRANCE / ALGERIA (FR.) / EGYPT / ITALY / FRENCH WEST AFRICA / ROMANIA / BULGARIA,17.008,41.935,2853,balkans
N0221,N,1,1910-02-05,1908-10-07,1912-10-17,4,There is no Bosnia. It disappeared on 7 October 1908.,There is no Libya (It.) yet. It appeared on 18 October 1912.,OTTOMAN EMPIRE / EGYPT / RUSSIA / AUSTRIA-HUNGARY / ITALY / ROMANIA / BULGARIA,27.03,36.05,2762,balkans
N0222,N,1,1899-12-14,1899-01-19,1900-09-04,1,Anglo-Egyptian Sudan is on the map. It appeared on 19 January 1899.,There is no Chad (Fr.) yet. It appeared on 5 September 1900.,FRENCH WEST AFRICA / FRENCH CONGO / ANGLO-EGYPTIAN SUDAN / EGYPT / OTTOMAN EMPIRE / NORTHERN NIGERIA (BR.) / KAMERUN (GER.) / CONGO FREE STATE / ALGERIA (FR.),17.819,18.405,3276,north africa
N0223,N,1,1908-11-11,1908-10-07,1912-10-17,4,There is no Bosnia. It disappeared on 7 October 1908.,There is no Libya (It.) yet. It appeared on 18 October 1912.,ALGERIA (FR.) / UPPER SENEGAL AND NIGER (FR.) / NIGER (FR.) / MAURITANIA (FR.) / FRANCE / SPAIN / OTTOMAN EMPIRE / MOROCCO / ITALY / GERMANY,-2.575,31.842,3696,north africa
N0224,N,1,1911-03-27,1908-10-07,1912-10-17,4,There is no Bosnia. It disappeared on 7 October 1908.,There is no Libya (It.) yet. It appeared on 18 October 1912.,ALGERIA (FR.) / OTTOMAN EMPIRE / EGYPT / AUSTRIA-HUNGARY / FRANCE / ITALY / SPAIN / ROMANIA / GERMANY / BULGARIA / RUSSIA,13.209,36.057,2686,balkans
N0225,N,1,1909-07-03,1908-10-07,1912-12-31,4,There is no Bosnia. It disappeared on 7 October 1908.,There is no Albania yet. It appeared in 1913.,AUSTRIA-HUNGARY / RUSSIA / GERMANY / FRANCE / SPAIN / UNITED KINGDOM / ITALY / SWEDEN / NORWAY / OTTOMAN EMPIRE,8.581,49.772,2585,west-central europe
N0226,N,1,1903-01-21,1902-12-25,1903-12-28,1,"The border between French West Africa and Algeria (Fr.) is already in its new place, set on 25 December 1902.",The map still says French Congo. The name changed to Middle Congo (Fr.) in 1903.,ALGERIA (FR.) / ANGLO-EGYPTIAN SUDAN / EGYPT / CHAD (FR.) / FRENCH WEST AFRICA / OTTOMAN EMPIRE / NORTHERN NIGERIA (BR.) / FRENCH CONGO / KAMERUN (GER.),16.457,20.796,3162,north africa
N0227,N,1,1911-09-02,1908-10-07,1912-10-17,4,There is no Bosnia. It disappeared on 7 October 1908.,There is no Libya (It.) yet. It appeared on 18 October 1912.,OTTOMAN EMPIRE / EGYPT / RUSSIA / AUSTRIA-HUNGARY / ITALY / ROMANIA / GERMANY / BULGARIA,26.601,37.089,2786,balkans
N0228,N,1,1904-11-14,1904-04-08,1904-12-31,0,There is no French West Africa. It disappeared on 8 April 1904.,There is no Niger (Fr.) yet. It appeared in 1905.,OTTOMAN EMPIRE / EGYPT / RUSSIA / ANGLO-EGYPTIAN SUDAN / AUSTRIA-HUNGARY / ALGERIA (FR.) / CHAD (FR.) / GERMANY / ITALY / ROMANIA,24.774,34.829,3516,north africa
N0229,N,1,1912-12-18,1912-10-18,1912-12-31,0,Libya (It.) is on the map. It appeared on 18 October 1912.,There is no Albania yet. It appeared in 1913.,RUSSIA / OTTOMAN EMPIRE / ALGERIA (FR.) / EGYPT / LIBYA (IT.) / AUSTRIA-HUNGARY / GERMANY / FRANCE / PERSIA / ITALY,26.522,46.686,4573,balkans
N0230,N,1,1904-04-21,1893-11-12,1914-11-02,21,"The border between Afghanistan and India (Br.) is already in its new place, set on 12 November 1893.",Ottoman Empire still holds land it gave up on 3 November 1914.,RUSSIA / INDIA (BR.) / PERSIA / OTTOMAN EMPIRE / AFGHANISTAN / CHINA,57.401,39.987,3790,middle east
N0231,N,1,1896-05-14,1893-10-03,1912-12-31,19,Laos (Fr.) is on the map. It appeared on 3 October 1893.,There is no Tibet yet. It appeared in 1913.,CHINA / INDIA (BR.) / RUSSIA / SIAM / LAOS (FR.) / ANNAM (FR.) / NEPAL,93.374,31.567,3381,south asia
N0232,N,1,1905-12-04,1902-05-15,1912-10-17,10,"The border between Anglo-Egyptian Sudan and Ethiopia is already in its new place, set on 15 May 1902.",There is no Libya (It.) yet. It appeared on 18 October 1912.,ANGLO-EGYPTIAN SUDAN / OTTOMAN EMPIRE / EGYPT / PERSIA / ETHIOPIA / RUSSIA / CHAD (FR.),37.579,25.852,3763,middle east
N0233,N,1,1911-04-01,1908-10-07,1912-10-17,4,There is no Bosnia. It disappeared on 7 October 1908.,There is no Libya (It.) yet. It appeared on 18 October 1912.,OTTOMAN EMPIRE / AUSTRIA-HUNGARY / RUSSIA / GERMANY / ITALY / TUNISIA (FR.) / EGYPT / ROMANIA / BULGARIA / SERBIA,18.878,41.106,2295,balkans
N0234,N,1,1908-10-19,1907-12-06,1908-11-14,1,"The border between British East Africa and Ethiopia is already in its new place, set on 6 December 1907.",The map still says Congo Free State. The name changed to Belgian Congo on 15 November 1908.,CONGO FREE STATE / ANGLO-EGYPTIAN SUDAN / GERMAN EAST AFRICA / ANGOLA (PORT.) / ETHIOPIA / CHAD (FR.) / UBANGI-SHARI (FR.) / BRITISH EAST AFRICA / UGANDA (BR.) / MOZAMBIQUE (PORT.) / NORTH-WESTERN RHODESIA (BR.),27.204,0.426,3008,sub-saharan africa
N0235,N,1,1911-08-31,1908-10-07,1912-10-17,4,There is no Bosnia. It disappeared on 7 October 1908.,There is no Libya (It.) yet. It appeared on 18 October 1912.,OTTOMAN EMPIRE / EGYPT / AUSTRIA-HUNGARY / ITALY / ALGERIA (FR.) / TUNISIA (FR.) / ROMANIA / BULGARIA / RUSSIA / SERBIA,19.432,36.549,2266,balkans
N0236,N,1,1911-07-04,1908-10-07,1912-12-31,4,There is no Bosnia. It disappeared on 7 October 1908.,There is no Albania yet. It appeared in 1913.,RUSSIA / AUSTRIA-HUNGARY / OTTOMAN EMPIRE / GERMANY / FRANCE / ITALY / SPAIN / NORWAY / ALGERIA (FR.) / ROMANIA,16.159,52.129,3359,west-central europe
N0237,N,1,1909-05-26,1908-10-07,1912-10-17,4,There is no Bosnia. It disappeared on 7 October 1908.,There is no Libya (It.) yet. It appeared on 18 October 1912.,RUSSIA / OTTOMAN EMPIRE / EGYPT / AUSTRIA-HUNGARY / GERMANY / ITALY / ROMANIA,27.664,42.069,3237,balkans
N0238,N,1,1910-02-18,1908-10-07,1912-12-31,4,There is no Bosnia. It disappeared on 7 October 1908.,There is no Albania yet. It appeared in 1913.,RUSSIA / AUSTRIA-HUNGARY / GERMANY / FRANCE / SWEDEN / ITALY / NORWAY / OTTOMAN EMPIRE / ROMANIA / BULGARIA / SERBIA / SPAIN,14.046,51.685,2286,west-central europe
N0239,N,1,1895-10-06,1895-06-16,1898-06-13,3,French West Africa is on the map. It appeared on 16 June 1895.,There is no French Congo yet. It appeared on 14 June 1898.,FRENCH WEST AFRICA / OTTOMAN EMPIRE / ALGERIA (FR.) / SPAIN / MOROCCO / ITALY / FRANCE,8.205,29.977,3238,north africa
N0240,N,2,1916-05-09,1916-03-04,1918-10-29,2,"Kamerun is shown independent, which it became on 4 March 1916.",There is no Yemen yet. It appeared on 30 October 1918.,ANGLO-EGYPTIAN SUDAN / EGYPT (BR.) / CHAD (FR.) / OTTOMAN EMPIRE / ETHIOPIA / LIBYA (IT.) / KAMERUN / BELGIAN CONGO / UBANGI-SHARI (FR.) / NIGER (FR.) / BRITISH EAST AFRICA / UGANDA (BR.),28.459,19.583,3636,middle east
N0241,N,2,1945-03-01,1922-12-30,1945-08-14,23,"The map says U.S.S.R., a name in use from 30 December 1922.",There is no Korea (U.S. Zone) yet. It appeared on 15 August 1945.,CHINA / KOREA (JAP.) / MONGOLIA / U.S.S.R. / JAPAN,124.885,36.456,2297,east asia
N0242,N,2,1916-04-19,1916-03-04,1919-02-28,3,"Kamerun is shown independent, which it became on 4 March 1916.",There is no Upper Volta (Fr.) yet. It appeared on 1 March 1919.,ANGLO-EGYPTIAN SUDAN / ALGERIA (FR.) / EGYPT (BR.) / CHAD (FR.) / NIGER (FR.) / BELGIAN CONGO / LIBYA (IT.) / NIGERIA (BR.) / KAMERUN / UBANGI-SHARI (FR.) / GABON (FR.),16.705,15.476,3595,north africa
N0243,N,2,1921-12-03,1921-03-18,1921-12-05,0,"The border between Russia and Poland is already in its new place, set on 18 March 1921.",There is no Irish Free State yet. It appeared on 6 December 1921.,ALGERIA (FR.) / EGYPT (BR.) / LIBYA (IT.) / RUSSIA / FRANCE / GERMANY / OTTOMAN EMPIRE / POLAND / ITALY / ROMANIA / SPAIN,17.196,40.318,3237,balkans
N0244,N,2,1938-08-14,1934-07-20,1943-05-12,9,"The border between Anglo-Egyptian Sudan and Libya (It.) is already in its new place, set on 20 July 1934.",Libya is still marked Italian. It became independent on 13 May 1943.,ANGLO-EGYPTIAN SUDAN / LIBYA (IT.) / CHAD (FR.) / BELGIAN CONGO / EGYPT / ETHIOPIA / SAUDI ARABIA / UBANGI-SHARI (FR.) / KENYA (BR.) / NIGER (FR.) / UGANDA (BR.),27.262,14.781,3327,sub-saharan africa
N0245,N,2,1924-06-14,1923-10-29,1925-12-05,2,"The map says Turkey, a name in use from 29 October 1923.",The border between Egypt and Libya (It.) has not moved yet. It moved on 6 December 1925.,U.S.S.R. / EGYPT / PERSIA / LIBYA (IT.) / TURKEY / GERMANY / IRAQ (BR.) / POLAND / ROMANIA / ITALY / FINLAND / SYRIA (FR.),33.029,44.199,4087,eastern europe
N0246,N,2,1924-05-31,1923-10-29,1925-12-05,2,"The map says Turkey, a name in use from 29 October 1923.",The border between Egypt and Libya (It.) has not moved yet. It moved on 6 December 1925.,U.S.S.R. / ALGERIA (FR.) / LIBYA (IT.) / TURKEY / EGYPT / FRANCE / GERMANY / POLAND / ITALY / ROMANIA / LATVIA,20.237,44.005,3305,west-central europe
N0247,N,2,1938-10-30,1935-03-21,1947-08-14,12,"The map says Iran, a name in use from 21 March 1935.",There is no Pakistan yet. It appeared on 15 August 1947.,INDIA (BR.) / IRAN / U.S.S.R. / AFGHANISTAN / CHINA / TIBET / SAUDI ARABIA / NEPAL,67.185,23.908,3514,south asia
N0248,N,2,1926-05-13,1922-12-30,1929-10-02,7,"The map says U.S.S.R., a name in use from 30 December 1922.","The map still says Serbs, Croats and Slovenes. The name changed to Yugoslavia on 3 October 1929.","U.S.S.R. / POLAND / ROMANIA / SERBS, CROATS AND SLOVENES / GERMANY / CZECHOSLOVAKIA / HUNGARY / AUSTRIA / LITHUANIA / LATVIA / SWEDEN",22.785,50.219,1377,eastern europe
N0249,N,2,1940-07-18,1940-06-28,1940-09-06,0,"The border between Romania and U.S.S.R. is already in its new place, set on 28 June 1940.",The border between Romania and Bulgaria has not moved yet. It moved on 7 September 1940.,U.S.S.R. / POLAND / SWEDEN / FINLAND / ROMANIA / BULGARIA,36.718,54.866,2586,eastern europe
N0250,N,2,1925-10-30,1922-12-30,1935-03-20,13,"The map says U.S.S.R., a name in use from 30 December 1922.",The map still says Persia. The name changed to Iran on 21 March 1935.,U.S.S.R. / INDIA (BR.) / CHINA / TIBET / PERSIA / MONGOLIA / AFGHANISTAN,76.147,33.635,4461,south asia
N0251,N,2,1942-02-05,1940-06-28,1945-12-31,5,"The border between Romania and U.S.S.R. is already in its new place, set on 28 June 1940.",Syria is still marked French. It became independent in 1946.,SAUDI ARABIA / U.S.S.R. / IRAN / EGYPT / TURKEY / ANGLO-EGYPTIAN SUDAN / IRAQ / ROMANIA / SYRIA (FR.) / BULGARIA,41.538,33.525,3163,middle east
N0252,N,2,1930-03-09,1923-10-29,1932-10-02,9,"The map says Turkey, a name in use from 29 October 1923.",Iraq is still marked British. It became independent on 3 October 1932.,U.S.S.R. / TURKEY / FRANCE / GERMANY / SPAIN / ALGERIA (FR.) / FINLAND / POLAND / ITALY / ROMANIA / IRAQ (BR.),20.532,57.687,4589,eastern europe
N0253,N,2,1932-09-13,1925-12-06,1932-09-22,7,"The border between Egypt and Libya (It.) is already in its new place, set on 6 December 1925.",There is no Saudi Arabia yet. It appeared on 23 September 1932.,ANGLO-EGYPTIAN SUDAN / EGYPT / LIBYA (IT.) / TURKEY / U.S.S.R. / CHAD (FR.) / IRAQ (BR.) / PERSIA / ROMANIA / SYRIA (FR.) / YEMEN,32.879,31.078,3290,middle east
N0254,N,2,1926-12-12,1925-12-06,1932-09-22,7,"The border between Egypt and Libya (It.) is already in its new place, set on 6 December 1925.",There is no Saudi Arabia yet. It appeared on 23 September 1932.,ANGLO-EGYPTIAN SUDAN / EGYPT / ETHIOPIA / LIBYA (IT.) / CHAD (FR.) / IRAQ (BR.),33.184,19.422,2668,middle east
N0255,N,2,1933-04-03,1922-12-30,1937-03-31,15,"The map says U.S.S.R., a name in use from 30 December 1922.",There is no Burma (Br.) yet. It appeared on 1 April 1937.,U.S.S.R. / INDIA (BR.) / CHINA / TIBET / MONGOLIA / AFGHANISTAN / NEPAL,81.598,42.747,3670,central asia
N0256,N,2,1921-04-11,1921-03-18,1922-02-27,1,"The border between Russia and Poland is already in its new place, set on 18 March 1921.",Egypt is still marked British. It became independent on 28 February 1922.,EGYPT (BR.) / RUSSIA / LIBYA (IT.) / ALGERIA (FR.) / OTTOMAN EMPIRE / GERMANY / FRANCE / POLAND / ITALY / ROMANIA,21.113,39.169,3267,balkans
N0257,N,2,1926-11-05,1922-12-30,1937-03-31,15,"The map says U.S.S.R., a name in use from 30 December 1922.",There is no Burma (Br.) yet. It appeared on 1 April 1937.,U.S.S.R. / CHINA / MONGOLIA / TIBET / INDIA (BR.) / SIAM,116.669,40.594,4936,east asia
N0258,N,2,1916-09-11,1916-03-04,1919-06-27,3,"Kamerun is shown independent, which it became on 4 March 1916.",Kamerun is still on the map. It disappeared on 28 June 1919.,CHAD (FR.) / NIGER (FR.) / NIGERIA (BR.) / KAMERUN / UBANGI-SHARI (FR.) / BELGIAN CONGO / ALGERIA (FR.) / GABON (FR.),13.329,10.48,2245,sub-saharan africa
N0259,N,2,1918-05-29,1914-01-01,1919-02-28,5,Nigeria (Br.) is on the map. It appeared in 1914.,There is no Upper Volta (Fr.) yet. It appeared on 1 March 1919.,ALGERIA (FR.) / UPPER SENEGAL AND NIGER (FR.) / NIGER (FR.) / MAURITANIA (FR.) / NIGERIA (BR.) / IVORY COAST (FR.) / FRENCH GUINEA / MOROCCO (FR.),-0.869,19.324,2438,north africa
N0260,N,2,1943-02-19,1940-09-07,1945-05-07,5,"The border between Romania and Bulgaria is already in its new place, set on 7 September 1940.",There is no Germany (Allied Zones) yet. It appeared on 8 May 1945.,ITALY / YUGOSLAVIA / ROMANIA / GREECE / BULGARIA / HUNGARY / AUSTRIA / GERMANY / U.S.S.R.,18.168,41.258,1606,balkans
N0261,N,2,1918-02-01,1914-07-03,1937-03-31,23,"The border between Tibet and India (Br.) is already in its new place, set on 3 July 1914.",There is no Burma (Br.) yet. It appeared on 1 April 1937.,CHINA / INDIA (BR.) / SIAM / TIBET / ANNAM (FR.) / LAOS (FR.) / CAMBODIA (FR.),99.425,16.788,2797,southeast asia
N0262,N,2,1941-03-21,1940-09-07,1943-05-12,3,"The border between Romania and Bulgaria is already in its new place, set on 7 September 1940.",Libya is still marked Italian. It became independent on 13 May 1943.,LIBYA (IT.) / ALGERIA (FR.) / ITALY / YUGOSLAVIA / ROMANIA / TUNISIA (FR.) / EGYPT / GREECE / BULGARIA / FRANCE,16.54,36.392,2063,balkans
N0263,N,2,1921-04-05,1920-12-24,1922-12-29,2,Iraq (Br.) already holds land it gained on 24 December 1920.,The map still says Russia. The name changed to U.S.S.R. on 30 December 1922.,RUSSIA / INDIA (BR.) / PERSIA / CHINA / AFGHANISTAN / OTTOMAN EMPIRE / ETHIOPIA / IRAQ (BR.) / SYRIA (FR.),57.727,30.449,4379,middle east
N0264,N,2,1919-08-04,1919-06-28,1920-12-16,1,There is no Kamerun. It disappeared on 28 June 1919.,South West Africa is not yet marked South African. It came under South African rule on 17 December 1920.,BELGIAN CONGO / ANGOLA (PORT.) / NIGERIA (BR.) / SOUTH WEST AFRICA / UBANGI-SHARI (FR.) / FRENCH CAMEROONS / CHAD (FR.) / GABON (FR.),8.981,-6.439,3588,sub-saharan africa
N0265,N,2,1942-03-06,1940-09-07,1945-05-07,5,"The border between Romania and Bulgaria is already in its new place, set on 7 September 1940.",There is no Germany (Soviet Zone) yet. It appeared on 8 May 1945.,U.S.S.R. / POLAND / GERMANY / ROMANIA / YUGOSLAVIA / SWEDEN / HUNGARY / BULGARIA / AUSTRIA,24.518,51.228,1869,west-central europe
N0266,N,2,1921-06-01,1921-03-18,1922-02-27,1,"The border between Russia and Poland is already in its new place, set on 18 March 1921.",Egypt is still marked British. It became independent on 28 February 1922.,RUSSIA / OTTOMAN EMPIRE / ALGERIA (FR.) / FRANCE / GERMANY / LIBYA (IT.) / POLAND / ITALY / ROMANIA / EGYPT (BR.) / FINLAND / SYRIA (FR.),21.859,46.796,3469,balkans
N0267,N,2,1919-01-08,1914-07-03,1937-03-31,23,"The border between Tibet and India (Br.) is already in its new place, set on 3 July 1914.",There is no Burma (Br.) yet. It appeared on 1 April 1937.,INDIA (BR.) / TIBET / CHINA / SIAM / NEPAL / LAOS (FR.) / BHUTAN,91.201,20.126,2615,south asia
N0268,N,2,1940-01-19,1937-04-01,1947-08-14,10,Burma (Br.) is on the map. It appeared on 1 April 1937.,There is no Jammu and Kashmir yet. It appeared on 15 August 1947.,CHINA / TIBET / INDIA (BR.) / U.S.S.R. / MONGOLIA / BURMA (BR.) / NEPAL / BHUTAN,87.557,36.141,2483,south asia
N0269,N,2,1943-09-18,1943-05-13,1945-05-07,2,"Libya is shown independent, which it became on 13 May 1943.",There is no Germany (Soviet Zone) yet. It appeared on 8 May 1945.,ALGERIA (FR.) / LIBYA / U.S.S.R. / EGYPT / FRANCE / GERMANY / TURKEY / SPAIN / POLAND / ITALY / ROMANIA / NIGER (FR.),15.349,38.81,3562,balkans
N0270,N,2,1929-06-09,1923-10-29,1932-10-02,9,"The map says Turkey, a name in use from 29 October 1923.",Iraq is still marked British. It became independent on 3 October 1932.,U.S.S.R. / TURKEY / GERMANY / SWEDEN / POLAND / FINLAND / ITALY / ROMANIA / NORWAY / SYRIA (FR.) / IRAQ (BR.) / LATVIA,26.605,51.554,3311,eastern europe
N0271,N,2,1929-11-01,1925-12-06,1932-10-02,7,"The border between Egypt and Libya (It.) is already in its new place, set on 6 December 1925.",Iraq is still marked British. It became independent on 3 October 1932.,U.S.S.R. / TURKEY / ALGERIA (FR.) / LIBYA (IT.) / FRANCE / GERMANY / POLAND / FINLAND / EGYPT / ITALY / ROMANIA / IRAQ (BR.),23.119,48.652,4003,west-central europe
N0272,N,2,1929-09-25,1923-10-29,1935-03-20,12,"The map says Turkey, a name in use from 29 October 1923.",The map still says Persia. The name changed to Iran on 21 March 1935.,U.S.S.R. / TURKEY / POLAND / SWEDEN / ROMANIA / FINLAND / BULGARIA / HUNGARY / PERSIA / LATVIA,35.879,52.441,2853,eastern europe
N0273,N,2,1942-04-14,1940-06-28,1943-05-12,3,"The border between Romania and U.S.S.R. is already in its new place, set on 28 June 1940.",Libya is still marked Italian. It became independent on 13 May 1943.,ALGERIA (FR.) / LIBYA (IT.) / U.S.S.R. / FRANCE / SPAIN / GERMANY / POLAND / EGYPT / MOROCCO (FR.) / ITALY / ROMANIA,9.029,42.65,3852,west-central europe
N0274,N,2,1923-04-17,1922-12-30,1923-10-28,1,"The map says U.S.S.R., a name in use from 30 December 1922.",The map still says Ottoman Empire. The name changed to Turkey on 29 October 1923.,"U.S.S.R. / OTTOMAN EMPIRE / POLAND / ROMANIA / SERBS, CROATS AND SLOVENES / GERMANY / SYRIA (FR.) / BULGARIA / HUNGARY / AUSTRIA / LATVIA / ITALY",28.544,46.654,2345,balkans
N0275,N,2,1945-12-13,1943-05-13,1945-12-31,2,"Libya is shown independent, which it became on 13 May 1943.",Syria is still marked French. It became independent in 1946.,ANGLO-EGYPTIAN SUDAN / SAUDI ARABIA / EGYPT / LIBYA / IRAQ / TURKEY / SYRIA (FR.) / CHAD (FR.) / ERITREA,32.661,26.481,2432,north africa
N0276,N,2,1927-10-08,1922-12-30,1937-03-31,15,"The map says U.S.S.R., a name in use from 30 December 1922.",There is no Burma (Br.) yet. It appeared on 1 April 1937.,CHINA / TIBET / INDIA (BR.) / MONGOLIA / U.S.S.R. / NEPAL / ANNAM (FR.) / LAOS (FR.),94.375,33.567,2835,south asia
N0277,N,2,1936-05-29,1932-09-05,1943-05-12,11,There is no Upper Volta (Fr.). It disappeared on 5 September 1932.,Libya is still marked Italian. It became independent on 13 May 1943.,FRENCH SUDAN / ALGERIA (FR.) / NIGER (FR.) / CHAD (FR.) / NIGERIA (BR.) / LIBYA (IT.) / IVORY COAST (FR.) / FRENCH CAMEROONS / GABON (FR.),5.672,13.478,3049,sub-saharan africa
N0278,N,2,1932-03-22,1925-12-06,1932-09-22,7,"The border between Egypt and Libya (It.) is already in its new place, set on 6 December 1925.",There is no Saudi Arabia yet. It appeared on 23 September 1932.,U.S.S.R. / PERSIA / TURKEY / EGYPT / LIBYA (IT.) / IRAQ (BR.) / POLAND / ROMANIA / SYRIA (FR.) / FINLAND,38.021,44.72,3704,eastern europe
N0279,N,2,1932-12-04,1923-10-29,1935-03-20,12,"The map says Turkey, a name in use from 29 October 1923.",The map still says Persia. The name changed to Iran on 21 March 1935.,U.S.S.R. / TURKEY / SWEDEN / POLAND / FINLAND / NORWAY / ROMANIA / GERMANY / PERSIA,36.646,54.982,3559,eastern europe
N0280,N,2,1944-07-30,1943-05-13,1945-12-31,2,"Libya is shown independent, which it became on 13 May 1943.",Syria is still marked French. It became independent in 1946.,LIBYA / EGYPT / TURKEY / SAUDI ARABIA / U.S.S.R. / YUGOSLAVIA / ROMANIA / SYRIA (FR.) / IRAQ / BULGARIA / CHAD (FR.) / HUNGARY,28.846,34.651,2661,north africa
N0281,N,2,1944-12-02,1940-09-07,1945-05-07,5,"The border between Romania and Bulgaria is already in its new place, set on 7 September 1940.",There is no Germany (Soviet Zone) yet. It appeared on 8 May 1945.,U.S.S.R. / GERMANY / POLAND / TURKEY / ITALY / YUGOSLAVIA / ROMANIA / BULGARIA / HUNGARY / SWEDEN / AUSTRIA,20.157,47.119,2382,eastern europe
N0282,N,2,1926-05-27,1914-07-03,1937-03-31,23,"The border between Tibet and India (Br.) is already in its new place, set on 3 July 1914.",There is no Burma (Br.) yet. It appeared on 1 April 1937.,CHINA / TIBET / INDIA (BR.) / SIAM / LAOS (FR.),102.271,20.171,4108,southeast asia
N0283,N,2,1928-04-30,1923-10-29,1929-10-02,6,"The map says Turkey, a name in use from 29 October 1923.","The map still says Serbs, Croats and Slovenes. The name changed to Yugoslavia on 3 October 1929.","ROMANIA / ITALY / GERMANY / SERBS, CROATS AND SLOVENES / POLAND / U.S.S.R. / CZECHOSLOVAKIA / GREECE / TURKEY / BULGARIA / HUNGARY / AUSTRIA",18.847,43.418,1829,west-central europe
N0284,N,2,1937-01-11,1935-03-21,1937-03-31,2,"The map says Iran, a name in use from 21 March 1935.",There is no East Aden Protectorate (Br.) yet. It appeared on 1 April 1937.,U.S.S.R. / INDIA (BR.) / IRAN / SAUDI ARABIA / AFGHANISTAN / CHINA / IRAQ,61.386,34.871,3265,south asia
N0285,N,2,1914-02-18,1914-01-01,1914-12-17,0,Nigeria (Br.) is on the map. It appeared in 1914.,Egypt is not yet marked British. It came under British rule on 18 December 1914.,ALGERIA (FR.) / CHAD (FR.) / NIGER (FR.) / LIBYA (IT.) / NIGERIA (BR.) / EGYPT / UPPER SENEGAL AND NIGER (FR.) / KAMERUN (GER.) / UBANGI-SHARI (FR.),11.776,19.798,3097,north africa
N0286,N,2,1943-11-01,1941-05-19,1945-12-31,4,"Eritrea is shown independent, which it became on 19 May 1941.",Syria is still marked French. It became independent in 1946.,SAUDI ARABIA / ANGLO-EGYPTIAN SUDAN / EGYPT / IRAQ / IRAN / SYRIA (FR.) / TURKEY / YEMEN / ERITREA,39.556,26.059,2311,middle east
N0287,N,2,1936-07-27,1932-09-05,1947-01-03,15,There is no Upper Volta (Fr.). It disappeared on 5 September 1932.,There is no Upper Volta (Fr.) yet. It appeared on 4 January 1947.,BELGIAN CONGO / ANGLO-EGYPTIAN SUDAN / ANGOLA (PORT.) / NIGERIA (BR.) / TANGANYIKA (BR.) / NORTHERN RHODESIA (BR.) / SOUTH WEST AFRICA (S. AFR.) / CHAD (FR.) / UBANGI-SHARI (FR.) / NIGER (FR.) / GABON (FR.) / UGANDA (BR.),18.758,-5.329,4118,sub-saharan africa
N0288,N,2,1930-05-14,1925-12-06,1932-10-02,7,"The border between Egypt and Libya (It.) is already in its new place, set on 6 December 1925.",Iraq is still marked British. It became independent on 3 October 1932.,U.S.S.R. / LIBYA (IT.) / TURKEY / GERMANY / EGYPT / IRAQ (BR.) / POLAND / ITALY / ROMANIA / PERSIA / FINLAND / SYRIA (FR.),28.002,45.603,3770,balkans
N0289,N,2,1943-07-30,1943-05-13,1945-12-31,2,"Libya is shown independent, which it became on 13 May 1943.",Syria is still marked French. It became independent in 1946.,ANGLO-EGYPTIAN SUDAN / SAUDI ARABIA / IRAN / ETHIOPIA / EGYPT / LIBYA / BELGIAN CONGO / TURKEY / IRAQ / KENYA (BR.) / U.S.S.R. / SYRIA (FR.),40.758,19.612,4056,middle east
N0290,N,2,1938-10-15,1935-03-21,1945-12-31,10,"The map says Iran, a name in use from 21 March 1935.",Syria is still marked French. It became independent in 1946.,U.S.S.R. / IRAN / AFGHANISTAN / SAUDI ARABIA / IRAQ / INDIA (BR.) / TURKEY / SYRIA (FR.),53.56,40.384,2887,middle east
N0291,N,2,1945-04-23,1943-05-13,1945-05-07,2,"Libya is shown independent, which it became on 13 May 1943.",There is no Germany (Allied Zones) yet. It appeared on 8 May 1945.,LIBYA / ALGERIA (FR.) / FRANCE / ITALY / YUGOSLAVIA / ROMANIA / TUNISIA (FR.) / GERMANY / HUNGARY / BULGARIA / AUSTRIA / CZECHOSLOVAKIA,14.081,38.803,2211,balkans
N0292,N,2,1928-03-05,1923-10-29,1932-10-02,9,"The map says Turkey, a name in use from 29 October 1923.",Iraq is still marked British. It became independent on 3 October 1932.,U.S.S.R. / TURKEY / GERMANY / POLAND / ROMANIA / IRAQ (BR.) / LIBYA (IT.) / SYRIA (FR.) / BULGARIA / HUNGARY / LATVIA,29.135,44.996,2915,balkans
N0293,N,2,1937-01-02,1922-12-30,1937-03-31,15,"The map says U.S.S.R., a name in use from 30 December 1922.",There is no Burma (Br.) yet. It appeared on 1 April 1937.,CHINA / TIBET / U.S.S.R. / MONGOLIA / INDIA (BR.) / ANNAM (FR.),101.864,36.739,3553,east asia
N0294,N,2,1934-04-27,1932-10-03,1935-03-20,3,"Iraq is shown independent, which it became on 3 October 1932.",The map still says Persia. The name changed to Iran on 21 March 1935.,U.S.S.R. / SAUDI ARABIA / PERSIA / INDIA (BR.) / TURKEY / AFGHANISTAN / EGYPT / ETHIOPIA / IRAQ / SYRIA (FR.),50.858,31.107,4407,middle east
N0295,N,2,1914-06-17,1914-04-17,1914-07-02,0,"The border between China and Russia is already in its new place, set on 17 April 1914.",The border between Tibet and India (Br.) has not moved yet. It moved on 3 July 1914.,CHINA / INDIA (BR.) / TIBET / RUSSIA / NEPAL,87.602,35.719,2970,central asia
N0296,N,2,1945-07-22,1943-05-13,1947-01-03,4,"Libya is shown independent, which it became on 13 May 1943.",There is no Upper Volta (Fr.) yet. It appeared on 4 January 1947.,ALGERIA (FR.) / ANGLO-EGYPTIAN SUDAN / LIBYA / CHAD (FR.) / NIGER (FR.) / EGYPT / NIGERIA (BR.) / TURKEY / FRENCH SUDAN / SPAIN,16.412,25.862,3840,north africa
N0297,N,2,1940-12-31,1940-06-28,1943-05-12,3,"The border between Romania and U.S.S.R. is already in its new place, set on 28 June 1940.",Libya is still marked Italian. It became independent on 13 May 1943.,U.S.S.R. / ALGERIA (FR.) / LIBYA (IT.) / FRANCE / GERMANY / TURKEY / EGYPT / POLAND / ITALY / SPAIN / ROMANIA / FINLAND,16.587,45.571,3510,balkans
N0298,N,2,1917-01-18,1914-07-03,1937-03-31,23,"The border between Tibet and India (Br.) is already in its new place, set on 3 July 1914.",There is no Burma (Br.) yet. It appeared on 1 April 1937.,CHINA / INDIA (BR.) / TIBET / DUTCH EAST INDIES / SIAM / LAOS (FR.),100.143,18.811,4382,southeast asia
N0299,N,2,1922-07-25,1914-07-03,1937-03-31,23,"The border between Tibet and India (Br.) is already in its new place, set on 3 July 1914.",There is no Burma (Br.) yet. It appeared on 1 April 1937.,INDIA (BR.) / TIBET / AFGHANISTAN / CHINA / NEPAL,81.523,19.81,3506,south asia
N0300,N,2,1933-03-13,1932-10-03,1934-07-19,2,"Iraq is shown independent, which it became on 3 October 1932.",The border between Anglo-Egyptian Sudan and Libya (It.) has not moved yet. It moved on 20 July 1934.,ANGLO-EGYPTIAN SUDAN / SAUDI ARABIA / LIBYA (IT.) / EGYPT / CHAD (FR.) / TURKEY / IRAQ / U.S.S.R. / PERSIA / ETHIOPIA / SYRIA (FR.) / YEMEN,31.795,28.405,3331,middle east
N0301,N,2,1916-01-04,1914-12-18,1918-02-15,4,"Egypt is marked British, which it became on 18 December 1914.",There is no Lithuania yet. It appeared on 16 February 1918.,RUSSIA / PERSIA / OTTOMAN EMPIRE / EGYPT (BR.) / ROMANIA,44.313,40.292,3450,middle east
N0302,N,2,1936-03-31,1922-12-30,1937-03-31,15,"The map says U.S.S.R., a name in use from 30 December 1922.",There is no Burma (Br.) yet. It appeared on 1 April 1937.,CHINA / U.S.S.R. / MONGOLIA / TIBET / INDIA (BR.),108.249,44.843,3408,east asia
N0303,N,2,1922-02-02,1920-09-02,1922-12-29,2,There is no Bokhara (Russ.). It disappeared on 2 September 1920.,The map still says Russia. The name changed to U.S.S.R. on 30 December 1922.,RUSSIA / INDIA (BR.) / PERSIA / CHINA / AFGHANISTAN / TIBET,64.216,39.321,3419,central asia
N0304,N,2,1935-02-08,1922-12-30,1935-03-20,13,"The map says U.S.S.R., a name in use from 30 December 1922.",The map still says Persia. The name changed to Iran on 21 March 1935.,INDIA (BR.) / U.S.S.R. / CHINA / PERSIA / TIBET / AFGHANISTAN / NEPAL,71.416,30.29,3674,south asia
N0305,N,2,1933-03-14,1922-12-30,1940-03-11,18,"The map says U.S.S.R., a name in use from 30 December 1922.",The border between Finland and U.S.S.R. has not moved yet. It moved on 12 March 1940.,U.S.S.R. / FINLAND / POLAND / SWEDEN / NORWAY / LATVIA,37.284,61.556,2426,eastern europe
N0306,N,2,1938-07-13,1935-03-21,1940-06-27,5,"The map says Iran, a name in use from 21 March 1935.",The border between Romania and U.S.S.R. has not moved yet. It moved on 28 June 1940.,U.S.S.R. / TURKEY / IRAN / IRAQ / SAUDI ARABIA / EGYPT / ROMANIA / POLAND / SYRIA (FR.),40.103,41.543,2614,middle east
N0307,N,2,1945-07-08,1922-12-30,1947-08-14,25,"The map says U.S.S.R., a name in use from 30 December 1922.",There is no Pakistan yet. It appeared on 15 August 1947.,INDIA (BR.) / TIBET / AFGHANISTAN / CHINA / U.S.S.R. / NEPAL,75.897,25.448,2905,south asia
N0308,N,2,1935-09-14,1935-03-21,1937-03-31,2,"The map says Iran, a name in use from 21 March 1935.",There is no East Aden Protectorate (Br.) yet. It appeared on 1 April 1937.,U.S.S.R. / SAUDI ARABIA / IRAN / TURKEY / EGYPT / ANGLO-EGYPTIAN SUDAN / IRAQ / ROMANIA / SYRIA (FR.),43.524,34.248,3243,middle east
N0309,N,2,1939-07-06,1932-09-23,1940-06-27,8,Saudi Arabia is on the map. It appeared on 23 September 1932.,The border between Romania and U.S.S.R. has not moved yet. It moved on 28 June 1940.,TURKEY / EGYPT / LIBYA (IT.) / ROMANIA / YUGOSLAVIA / U.S.S.R. / SAUDI ARABIA / SYRIA (FR.) / GREECE / BULGARIA / HUNGARY,28.408,37.273,2066,balkans
N0310,N,2,1936-09-24,1934-07-20,1943-05-12,9,"The border between Anglo-Egyptian Sudan and Libya (It.) is already in its new place, set on 20 July 1934.",Libya is still marked Italian. It became independent on 13 May 1943.,LIBYA (IT.) / CHAD (FR.) / ANGLO-EGYPTIAN SUDAN / EGYPT / NIGER (FR.) / ALGERIA (FR.) / TUNISIA (FR.) / NIGERIA (BR.),19.934,23.572,2311,north africa
N0311,N,2,1941-08-07,1940-09-07,1943-05-12,3,"The border between Romania and Bulgaria is already in its new place, set on 7 September 1940.",Libya is still marked Italian. It became independent on 13 May 1943.,TURKEY / U.S.S.R. / YUGOSLAVIA / ROMANIA / GREECE / LIBYA (IT.) / BULGARIA / HUNGARY / EGYPT,26.858,39.75,1856,balkans
N0312,N,2,1931-06-28,1920-12-04,1932-09-04,12,"The map says French Sudan, a name in use from December 1920.",Upper Volta (Fr.) is still on the map. It disappeared on 5 September 1932.,FRENCH SUDAN / NIGER (FR.) / NIGERIA (BR.) / ALGERIA (FR.) / MAURITANIA (FR.) / IVORY COAST (FR.) / UPPER VOLTA (FR.) / GABON (FR.) / FRENCH GUINEA / LIBYA (IT.),0.264,9.999,3168,sub-saharan africa
N0313,N,2,1945-05-14,1935-03-21,1947-08-14,12,"The map says Iran, a name in use from 21 March 1935.",There is no Azad Kashmir yet. It appeared on 15 August 1947.,U.S.S.R. / IRAN / INDIA (BR.) / AFGHANISTAN / SAUDI ARABIA / CHINA,61.213,34.657,2863,middle east
N0314,N,2,1916-06-09,1914-12-18,1918-10-29,4,"Egypt is marked British, which it became on 18 December 1914.",There is no Yemen yet. It appeared on 30 October 1918.,ANGLO-EGYPTIAN SUDAN / BELGIAN CONGO / ETHIOPIA / EGYPT (BR.) / CHAD (FR.) / BRITISH EAST AFRICA / UBANGI-SHARI (FR.) / GERMAN EAST AFRICA / UGANDA (BR.),31.674,11.406,3109,sub-saharan africa
N0315,N,2,1939-12-30,1937-04-01,1947-08-14,10,Burma (Br.) is on the map. It appeared on 1 April 1937.,There is no Pakistan yet. It appeared on 15 August 1947.,U.S.S.R. / CHINA / INDIA (BR.) / TIBET / MONGOLIA / BURMA (BR.) / LAOS (FR.),89.336,39.491,4433,central asia
N0316,N,2,1939-06-24,1939-06-24,1945-08-14,6,"The map says Thailand, a name in use from 24 June 1939.",There is no Korea (U.S. Zone) yet. It appeared on 15 August 1945.,CHINA / TIBET / MONGOLIA / THAILAND / BURMA (BR.) / ANNAM (FR.) / LAOS (FR.) / CAMBODIA (FR.),113.244,27.776,3623,southeast asia
N0317,N,2,1941-04-11,1940-06-28,1943-05-12,3,"The border between Romania and U.S.S.R. is already in its new place, set on 28 June 1940.",Libya is still marked Italian. It became independent on 13 May 1943.,U.S.S.R. / LIBYA (IT.) / SAUDI ARABIA / EGYPT / TURKEY / GERMANY / IRAQ / POLAND / ITALY / ROMANIA / IRAN / SYRIA (FR.),28.676,41.385,3558,balkans
N0318,N,2,1917-01-01,1914-12-18,1917-12-05,3,"Egypt is marked British, which it became on 18 December 1914.",There is no Finland yet. It appeared on 6 December 1917.,ALGERIA (FR.) / RUSSIA / LIBYA (IT.) / AUSTRIA-HUNGARY / GERMANY / FRANCE / SPAIN / EGYPT (BR.) / MOROCCO (FR.) / ITALY / ROMANIA,8.488,43.72,3610,west-central europe
N0319,N,2,1930-12-11,1922-12-30,1937-03-31,15,"The map says U.S.S.R., a name in use from 30 December 1922.",There is no Burma (Br.) yet. It appeared on 1 April 1937.,INDIA (BR.) / CHINA / U.S.S.R. / TIBET / MONGOLIA / SIAM / LAOS (FR.),89.162,31.15,4070,south asia
N0320,N,2,1914-07-19,1913-01-01,1920-09-01,7,Tibet is on the map. It appeared in 1913.,Bokhara (Russ.) is still on the map. It disappeared on 2 September 1920.,INDIA (BR.) / TIBET / CHINA / AFGHANISTAN / NEPAL / BOKHARA (RUSS.) / RUSSIA,78.551,29.226,2237,south asia
N0321,N,2,1922-02-20,1921-03-13,1922-12-29,1,Mongolia is on the map. It appeared on 13 March 1921.,The map still says Russia. The name changed to U.S.S.R. on 30 December 1922.,RUSSIA / CHINA / MONGOLIA / TIBET / INDIA (BR.),117.653,46.939,5092,east asia
N0322,N,2,1941-07-16,1940-06-28,1945-05-07,5,"The border between Romania and U.S.S.R. is already in its new place, set on 28 June 1940.",There is no Germany (Soviet Zone) yet. It appeared on 8 May 1945.,U.S.S.R. / GERMANY / FRANCE / SWEDEN / TURKEY / POLAND / FINLAND / NORWAY / ITALY / YUGOSLAVIA / ROMANIA,20.458,54.61,3193,eastern europe
N0323,N,2,1916-08-05,1914-12-18,1918-03-02,4,"Egypt is marked British, which it became on 18 December 1914.",The border between Russia and Ottoman Empire has not moved yet. It moved on 3 March 1918.,RUSSIA / OTTOMAN EMPIRE / PERSIA / EGYPT (BR.) / ANGLO-EGYPTIAN SUDAN / ROMANIA,42.259,36.454,3545,middle east
N0324,N,2,1935-04-20,1935-03-21,1937-03-31,2,"The map says Iran, a name in use from 21 March 1935.",There is no Aden (Br.) yet. It appeared on 1 April 1937.,U.S.S.R. / INDIA (BR.) / SAUDI ARABIA / IRAN / CHINA / AFGHANISTAN / IRAQ / TURKEY / ETHIOPIA,60.473,27.312,4195,south asia
N0325,N,2,1920-03-11,1920-02-02,1920-04-25,0,There is no Khiva (Russ.). It disappeared on 2 February 1920.,There is no Mesopotamia yet. It appeared on 26 April 1920.,RUSSIA / PERSIA / OTTOMAN EMPIRE / EGYPT (BR.) / GERMANY / FINLAND / HUNGARY / POLAND / LIBYA (IT.),40.589,51.155,4370,eastern europe
N0326,N,2,1935-08-01,1935-03-21,1940-03-11,5,"The map says Iran, a name in use from 21 March 1935.",The border between Finland and U.S.S.R. has not moved yet. It moved on 12 March 1940.,U.S.S.R. / IRAN / TURKEY / SWEDEN / POLAND / FINLAND / ROMANIA / IRAQ / SYRIA (FR.),41.129,50.989,3568,eastern europe
N0327,N,2,1916-12-15,1914-12-18,1918-11-30,4,"Egypt is marked British, which it became on 18 December 1914.","There is no Serbs, Croats and Slovenes yet. It appeared on 1 December 1918.",ALGERIA (FR.) / UPPER SENEGAL AND NIGER (FR.) / NIGER (FR.) / CHAD (FR.) / LIBYA (IT.) / EGYPT (BR.) / SPAIN / NIGERIA (BR.) / MOROCCO (FR.) / FRANCE,8.519,27.555,3407,north africa
N0328,N,2,1932-05-23,1925-12-06,1932-09-22,7,"The border between Egypt and Libya (It.) is already in its new place, set on 6 December 1925.",There is no Saudi Arabia yet. It appeared on 23 September 1932.,ANGLO-EGYPTIAN SUDAN / EGYPT / ETHIOPIA / LIBYA (IT.) / CHAD (FR.) / IRAQ (BR.) / UBANGI-SHARI (FR.),32.352,20.577,2867,north africa
N0329,N,2,1933-02-15,1929-10-03,1940-06-27,11,"The map says Yugoslavia, a name in use from 3 October 1929.",The border between Romania and U.S.S.R. has not moved yet. It moved on 28 June 1940.,TURKEY / LIBYA (IT.) / EGYPT / ROMANIA / YUGOSLAVIA / U.S.S.R. / GREECE / BULGARIA / HUNGARY / ITALY,26.763,37.83,2026,balkans
N0330,N,2,1933-09-26,1932-09-05,1943-05-12,11,There is no Upper Volta (Fr.). It disappeared on 5 September 1932.,Libya is still marked Italian. It became independent on 13 May 1943.,ALGERIA (FR.) / FRENCH SUDAN / NIGER (FR.) / LIBYA (IT.) / NIGERIA (BR.) / MAURITANIA (FR.) / CHAD (FR.) / SPAIN / MOROCCO (FR.) / ITALY / FRANCE / FRENCH GUINEA,-1.75,25.477,4189,north africa
N0331,N,2,1915-12-05,1914-12-18,1917-12-05,3,"Egypt is marked British, which it became on 18 December 1914.",There is no Finland yet. It appeared on 6 December 1917.,RUSSIA / PERSIA / OTTOMAN EMPIRE / INDIA (BR.) / EGYPT (BR.) / GERMANY,47.151,51.157,5141,central asia
N0332,N,2,1924-07-14,1923-10-29,1925-12-05,2,"The map says Turkey, a name in use from 29 October 1923.",The border between Egypt and Libya (It.) has not moved yet. It moved on 6 December 1925.,EGYPT / U.S.S.R. / LIBYA (IT.) / TURKEY / ROMANIA / ITALY / GERMANY / POLAND / SYRIA (FR.) / BULGARIA / HUNGARY / AUSTRIA,25.693,38.035,2773,balkans
N0333,N,2,1920-11-02,1914-07-03,1921-03-12,7,"The border between Tibet and India (Br.) is already in its new place, set on 3 July 1914.",There is no Mongolia yet. It appeared on 13 March 1921.,CHINA / RUSSIA / TIBET / INDIA (BR.) / SIAM,104.962,41.095,4852,east asia
N0334,N,2,1944-05-05,1943-05-13,1945-12-31,2,"Libya is shown independent, which it became on 13 May 1943.",Syria is still marked French. It became independent in 1946.,SAUDI ARABIA / EGYPT / U.S.S.R. / TURKEY / IRAN / IRAQ / LIBYA / ANGLO-EGYPTIAN SUDAN / ROMANIA / SYRIA (FR.) / BULGARIA,36.343,33.639,2824,middle east
N0335,N,2,1930-12-12,1923-10-29,1932-10-02,9,"The map says Turkey, a name in use from 29 October 1923.",Iraq is still marked British. It became independent on 3 October 1932.,U.S.S.R. / PERSIA / TURKEY / AFGHANISTAN / FINLAND / SYRIA (FR.) / IRAQ (BR.),51.881,50.464,3252,central asia
N0336,N,2,1932-05-05,1925-12-06,1934-07-19,9,"The border between Libya (It.) and Libya (It.) is already in its new place, set on 6 December 1925.",The border between Anglo-Egyptian Sudan and Libya (It.) has not moved yet. It moved on 20 July 1934.,ANGLO-EGYPTIAN SUDAN / CHAD (FR.) / LIBYA (IT.) / NIGER (FR.) / UBANGI-SHARI (FR.) / EGYPT / NIGERIA (BR.) / FRENCH CAMEROONS / ALGERIA (FR.),19.739,16.524,2217,north africa
N0337,N,2,1917-12-07,1914-12-18,1918-03-02,4,"Egypt is marked British, which it became on 18 December 1914.",The border between Russia and Ottoman Empire has not moved yet. It moved on 3 March 1918.,RUSSIA / OTTOMAN EMPIRE / AUSTRIA-HUNGARY / EGYPT (BR.) / LIBYA (IT.) / GERMANY / ROMANIA / BULGARIA,28.172,40.874,2579,balkans
N0338,N,2,1943-12-13,1940-06-28,1945-05-07,5,"The border between Romania and U.S.S.R. is already in its new place, set on 28 June 1940.",There is no Germany (Soviet Zone) yet. It appeared on 8 May 1945.,U.S.S.R. / FRANCE / GERMANY / SWEDEN / POLAND / FINLAND / NORWAY / YUGOSLAVIA / ITALY / ROMANIA / SPAIN / TURKEY,15.03,56.508,3225,west-central europe
N0339,N,2,1934-05-25,1929-10-03,1938-09-29,9,"The map says Yugoslavia, a name in use from 3 October 1929.",The border between Czechoslovakia and Germany has not moved yet. It moved on 30 September 1938.,U.S.S.R. / POLAND / ROMANIA / YUGOSLAVIA / TURKEY / GERMANY / CZECHOSLOVAKIA / BULGARIA / HUNGARY / GREECE / ITALY,24.703,47.181,1529,west-central europe
N0340,N,2,1921-10-27,1921-03-18,1922-02-27,1,"The border between Russia and Poland is already in its new place, set on 18 March 1921.",Egypt is still marked British. It became independent on 28 February 1922.,RUSSIA / EGYPT (BR.) / OTTOMAN EMPIRE / IRAQ (BR.) / POLAND / PERSIA / LIBYA (IT.) / ROMANIA / GERMANY / SYRIA (FR.) / BULGARIA / HUNGARY,33.249,39.436,3136,middle east
N0341,N,2,1939-08-30,1932-09-05,1943-05-12,11,There is no Upper Volta (Fr.). It disappeared on 5 September 1932.,Libya is still marked Italian. It became independent on 13 May 1943.,ALGERIA (FR.) / NIGER (FR.) / LIBYA (IT.) / FRENCH SUDAN / CHAD (FR.) / NIGERIA (BR.) / MOROCCO (FR.) / TUNISIA (FR.),7.593,23.205,2478,north africa
N0342,N,2,1937-05-12,1929-10-03,1940-06-27,11,"The map says Yugoslavia, a name in use from 3 October 1929.",The border between Romania and U.S.S.R. has not moved yet. It moved on 28 June 1940.,TURKEY / LIBYA (IT.) / EGYPT / ROMANIA / YUGOSLAVIA / U.S.S.R. / BULGARIA / HUNGARY / ITALY,26.5,37.792,2067,balkans
N0343,N,2,1938-04-16,1935-03-21,1947-08-14,12,"The map says Iran, a name in use from 21 March 1935.",There is no Pakistan yet. It appeared on 15 August 1947.,U.S.S.R. / INDIA (BR.) / IRAN / CHINA / AFGHANISTAN / TIBET,66.681,36.575,2983,central asia
N0344,N,2,1944-03-19,1943-05-13,1945-05-07,2,"Libya is shown independent, which it became on 13 May 1943.",There is no Germany (Soviet Zone) yet. It appeared on 8 May 1945.,U.S.S.R. / TURKEY / GERMANY / POLAND / FRANCE / ITALY / YUGOSLAVIA / ROMANIA / LIBYA / SWEDEN / BULGARIA / HUNGARY,21.47,45.56,2935,west-central europe
N0345,N,2,1934-02-16,1914-07-03,1937-03-31,23,"The border between Tibet and India (Br.) is already in its new place, set on 3 July 1914.",There is no Burma (Br.) yet. It appeared on 1 April 1937.,INDIA (BR.) / CHINA / TIBET / SIAM / LAOS (FR.) / NEPAL,89.793,21.561,3459,south asia
N0346,N,2,1929-10-18,1922-12-30,1940-03-11,18,"The map says U.S.S.R., a name in use from 30 December 1922.",The border between Finland and U.S.S.R. has not moved yet. It moved on 12 March 1940.,U.S.S.R. / FRANCE / GERMANY / SWEDEN / POLAND / FINLAND / NORWAY / ROMANIA / ITALY / LATVIA,21.131,59.84,3413,scandinavia and baltic
N0347,N,2,1921-11-10,1920-12-24,1922-02-27,2,Iraq (Br.) already holds land it gained on 24 December 1920.,Egypt is still marked British. It became independent on 28 February 1922.,ANGLO-EGYPTIAN SUDAN / EGYPT (BR.) / CHAD (FR.) / OTTOMAN EMPIRE / LIBYA (IT.) / IRAQ (BR.) / ETHIOPIA / SYRIA (FR.) / RUSSIA,29.353,27.152,3170,middle east
N0348,N,2,1925-04-24,1923-10-29,1925-12-05,2,"The map says Turkey, a name in use from 29 October 1923.",The border between Egypt and Libya (It.) has not moved yet. It moved on 6 December 1925.,LIBYA (IT.) / EGYPT / U.S.S.R. / TURKEY / GERMANY / POLAND / ITALY / ROMANIA / FRANCE / BULGARIA / HUNGARY / AUSTRIA,20.326,39.935,2682,balkans
N0349,N,2,1921-07-08,1919-09-12,1922-02-27,3,"The border between Algeria (Fr.) and Libya (It.) is already in its new place, set on 12 September 1919.",Egypt is still marked British. It became independent on 28 February 1922.,CHAD (FR.) / NIGER (FR.) / ALGERIA (FR.) / LIBYA (IT.) / NIGERIA (BR.) / EGYPT (BR.),13.47,19.593,2275,north africa
N0350,N,2,1931-08-22,1922-12-30,1938-09-29,16,"The map says U.S.S.R., a name in use from 30 December 1922.",The border between Czechoslovakia and Germany has not moved yet. It moved on 30 September 1938.,U.S.S.R. / GERMANY / SWEDEN / POLAND / FINLAND / NORWAY / CZECHOSLOVAKIA / FRANCE / LATVIA / LITHUANIA / ROMANIA,16.206,57.968,1987,west-central europe
N0351,N,2,1941-01-22,1935-03-21,1945-12-31,10,"The map says Iran, a name in use from 21 March 1935.",Syria is still marked French. It became independent in 1946.,IRAN / SAUDI ARABIA / U.S.S.R. / IRAQ / TURKEY / MUSCAT AND OMAN / SYRIA (FR.),49.931,32.35,2241,middle east
N0352,N,2,1921-06-15,1921-03-13,1922-12-29,1,Mongolia is on the map. It appeared on 13 March 1921.,The map still says Russia. The name changed to U.S.S.R. on 30 December 1922.,CHINA / RUSSIA / MONGOLIA / TIBET / INDIA (BR.) / SIAM,116.488,41.912,4641,east asia
N0353,N,2,1930-03-24,1929-10-03,1938-09-29,9,"The map says Yugoslavia, a name in use from 3 October 1929.",The border between Czechoslovakia and Germany has not moved yet. It moved on 30 September 1938.,FRANCE / GERMANY / ITALY / POLAND / YUGOSLAVIA / UNITED KINGDOM / SPAIN / CZECHOSLOVAKIA / HUNGARY / SWEDEN / AUSTRIA / LATVIA,9.615,48.75,1997,west-central europe
N0354,N,2,1924-07-26,1923-10-29,1925-12-05,2,"The map says Turkey, a name in use from 29 October 1923.",The border between Egypt and Libya (It.) has not moved yet. It moved on 6 December 1925.,U.S.S.R. / EGYPT / TURKEY / LIBYA (IT.) / GERMANY / POLAND / IRAQ (BR.) / ROMANIA / ITALY / SYRIA (FR.) / HUNGARY,29.598,39.888,3166,balkans
N0355,N,2,1927-11-07,1923-10-29,1932-10-02,9,"The map says Turkey, a name in use from 29 October 1923.",Iraq is still marked British. It became independent on 3 October 1932.,U.S.S.R. / PERSIA / TURKEY / IRAQ (BR.) / SYRIA (FR.),50.43,44.911,2296,central asia
N0356,N,2,1927-02-27,1925-12-06,1932-10-02,7,"The border between Egypt and Libya (It.) is already in its new place, set on 6 December 1925.",Iraq is still marked British. It became independent on 3 October 1932.,U.S.S.R. / TURKEY / LIBYA (IT.) / EGYPT / ROMANIA / SYRIA (FR.) / POLAND / IRAQ (BR.) / BULGARIA / HUNGARY / AUSTRIA,28.254,38.865,2587,balkans
N0357,N,2,1925-08-21,1923-10-29,1925-12-05,2,"The map says Turkey, a name in use from 29 October 1923.",The border between Egypt and Libya (It.) has not moved yet. It moved on 6 December 1925.,EGYPT / ANGLO-EGYPTIAN SUDAN / U.S.S.R. / LIBYA (IT.) / TURKEY / CHAD (FR.) / IRAQ (BR.) / NIGER (FR.) / ITALY / ROMANIA / SYRIA (FR.),28.602,32.339,3474,middle east
N0358,N,2,1915-08-11,1914-12-18,1918-03-02,4,"Egypt is marked British, which it became on 18 December 1914.",The border between Russia and Ottoman Empire has not moved yet. It moved on 3 March 1918.,ANGLO-EGYPTIAN SUDAN / RUSSIA / OTTOMAN EMPIRE / EGYPT (BR.) / PERSIA / CHAD (FR.) / ETHIOPIA / LIBYA (IT.) / UBANGI-SHARI (FR.) / BELGIAN CONGO / ITALY,34.979,25.874,4559,middle east
N0359,N,2,1942-12-28,1940-06-02,1945-05-07,5,There is no Latvia. It disappeared on 2 June 1940.,There is no Germany (Soviet Zone) yet. It appeared on 8 May 1945.,U.S.S.R. / SWEDEN / GERMANY / FINLAND / NORWAY / POLAND,19.25,61.421,2210,scandinavia and baltic
N0360,N,2,1941-12-09,1940-06-02,1945-05-07,5,U.S.S.R. is on the map. It appeared on 2 June 1940.,There is no Germany (Soviet Zone) yet. It appeared on 8 May 1945.,GERMANY / FRANCE / SWEDEN / UNITED KINGDOM / NORWAY / POLAND / YUGOSLAVIA / FINLAND / ITALY / HUNGARY / CZECHOSLOVAKIA / AUSTRIA,7.547,54.433,2118,west-central europe
N0361,N,2,1943-01-04,1940-06-28,1945-05-07,5,"The border between Romania and U.S.S.R. is already in its new place, set on 28 June 1940.",There is no Germany (Soviet Zone) yet. It appeared on 8 May 1945.,U.S.S.R. / GERMANY / SWEDEN / POLAND / FRANCE / FINLAND / NORWAY / ROMANIA,14.456,61.894,3092,scandinavia and baltic
N0362,N,2,1920-04-11,1914-07-03,1921-03-12,7,"The border between Tibet and India (Br.) is already in its new place, set on 3 July 1914.",There is no Mongolia yet. It appeared on 13 March 1921.,CHINA / TIBET / INDIA (BR.) / RUSSIA / SIAM / LAOS (FR.),100.869,30.993,3960,east asia
N0363,N,2,1933-10-10,1923-10-29,1940-03-11,17,"The map says Turkey, a name in use from 29 October 1923.",The border between Finland and U.S.S.R. has not moved yet. It moved on 12 March 1940.,U.S.S.R. / TURKEY / FINLAND / POLAND / ROMANIA / SWEDEN / LATVIA,42.412,53.361,2857,eastern europe
N0364,N,2,1943-11-06,1940-09-07,1945-05-07,5,"The border between Romania and Bulgaria is already in its new place, set on 7 September 1940.",There is no Germany (Soviet Zone) yet. It appeared on 8 May 1945.,U.S.S.R. / SWEDEN / POLAND / FINLAND / ROMANIA / HUNGARY / BULGARIA,33.547,55.857,2591,eastern europe
N0365,N,2,1941-02-08,1940-06-28,1945-05-07,5,"The border between Romania and U.S.S.R. is already in its new place, set on 28 June 1940.",There is no Germany (Soviet Zone) yet. It appeared on 8 May 1945.,U.S.S.R. / FRANCE / GERMANY / POLAND / TURKEY / FINLAND / ITALY / ROMANIA / SPAIN,21.963,60.275,3969,eastern europe
N0366,N,2,1919-09-06,1919-06-28,1919-09-09,0,"The border between Germany and Poland is already in its new place, set on 28 June 1919.",The border between Austria and Poland has not moved yet. It moved on 10 September 1919.,RUSSIA / GERMANY / OTTOMAN EMPIRE / HUNGARY / ITALY / AUSTRIA / POLAND / ROMANIA / BULGARIA / LIBYA (IT.),22.569,43.392,2264,balkans
N0367,N,2,1924-11-27,1923-10-29,1940-03-11,17,"The map says Turkey, a name in use from 29 October 1923.",The border between Finland and U.S.S.R. has not moved yet. It moved on 12 March 1940.,U.S.S.R. / TURKEY / GERMANY / FRANCE / POLAND / FINLAND / ROMANIA / ITALY / LATVIA,23.483,56.012,3639,west-central europe
N0368,N,2,1921-07-12,1920-12-24,1922-12-29,2,Iraq (Br.) already holds land it gained on 24 December 1920.,The map still says Russia. The name changed to U.S.S.R. on 30 December 1922.,RUSSIA / PERSIA / INDIA (BR.) / ETHIOPIA / OTTOMAN EMPIRE / AFGHANISTAN / IRAQ (BR.) / SYRIA (FR.),52.092,24.694,4307,middle east
N0369,N,2,1924-10-06,1922-12-30,1932-09-22,10,"The map says U.S.S.R., a name in use from 30 December 1922.",There is no Saudi Arabia yet. It appeared on 23 September 1932.,INDIA (BR.) / PERSIA / U.S.S.R. / AFGHANISTAN / CHINA / IRAQ (BR.),61.786,25.093,3683,south asia
N0370,N,2,1943-03-12,1937-04-01,1947-08-14,10,Burma (Br.) is on the map. It appeared on 1 April 1937.,There is no Pakistan yet. It appeared on 15 August 1947.,INDIA (BR.) / TIBET / BURMA (BR.) / AFGHANISTAN / NEPAL,82.773,19.163,3456,south asia
N0371,N,2,1925-09-09,1914-07-03,1937-03-31,23,"The border between Tibet and India (Br.) is already in its new place, set on 3 July 1914.",There is no Burma (Br.) yet. It appeared on 1 April 1937.,CHINA / TIBET / INDIA (BR.) / SIAM / ANNAM (FR.) / LAOS (FR.) / CAMBODIA (FR.) / NEPAL,97.314,25.032,3248,southeast asia
N0372,N,2,1931-01-16,1923-10-29,1940-03-11,17,"The map says Turkey, a name in use from 29 October 1923.",The border between Finland and U.S.S.R. has not moved yet. It moved on 12 March 1940.,U.S.S.R. / FRANCE / SPAIN / GERMANY / FINLAND / POLAND / TURKEY / ROMANIA / ITALY,12.73,56.559,3633,scandinavia and baltic
N0373,N,2,1938-10-04,1938-09-30,1938-11-01,0,"The border between Czechoslovakia and Germany is already in its new place, set on 30 September 1938.",The border between Czechoslovakia and Hungary has not moved yet. It moved on 2 November 1938.,U.S.S.R. / POLAND / ROMANIA / YUGOSLAVIA / GERMANY / CZECHOSLOVAKIA / HUNGARY / LATVIA / SWEDEN / LITHUANIA / BULGARIA,25.765,50.834,1567,eastern europe
N0374,N,2,1931-10-29,1923-10-29,1940-03-11,17,"The map says Turkey, a name in use from 29 October 1923.",The border between Finland and U.S.S.R. has not moved yet. It moved on 12 March 1940.,U.S.S.R. / TURKEY / FRANCE / GERMANY / FINLAND / POLAND / ITALY / ROMANIA,22.47,55.936,3825,west-central europe
N0375,N,2,1931-08-07,1925-12-06,1932-09-22,7,"The border between Egypt and Libya (It.) is already in its new place, set on 6 December 1925.",There is no Saudi Arabia yet. It appeared on 23 September 1932.,U.S.S.R. / ANGLO-EGYPTIAN SUDAN / PERSIA / EGYPT / TURKEY / LIBYA (IT.) / IRAQ (BR.) / ROMANIA / SYRIA (FR.) / ETHIOPIA,39.124,31.944,3846,middle east
N0376,N,2,1939-01-17,1934-07-20,1943-05-12,9,"The border between Anglo-Egyptian Sudan and Libya (It.) is already in its new place, set on 20 July 1934.",Libya is still marked Italian. It became independent on 13 May 1943.,ANGLO-EGYPTIAN SUDAN / LIBYA (IT.) / CHAD (FR.) / EGYPT / SAUDI ARABIA / TURKEY / ETHIOPIA / IRAQ / NIGER (FR.) / SYRIA (FR.),28.144,25.729,3227,middle east
N0377,N,2,1944-09-14,1922-12-30,1947-08-14,25,"The map says U.S.S.R., a name in use from 30 December 1922.",There is no Azad Kashmir yet. It appeared on 15 August 1947.,U.S.S.R. / CHINA / MONGOLIA / TIBET / INDIA (BR.),88.031,54.346,4058,central asia
N0378,N,2,1922-01-06,1920-12-24,1922-12-29,2,Iraq (Br.) already holds land it gained on 24 December 1920.,The map still says Russia. The name changed to U.S.S.R. on 30 December 1922.,RUSSIA / PERSIA / OTTOMAN EMPIRE / IRAQ (BR.) / SYRIA (FR.),51.195,46.707,2509,central asia
N0379,N,2,1926-08-24,1923-10-29,1940-03-11,17,"The map says Turkey, a name in use from 29 October 1923.",The border between Finland and U.S.S.R. has not moved yet. It moved on 12 March 1940.,U.S.S.R. / TURKEY / GERMANY / FRANCE / POLAND / FINLAND / ITALY / ROMANIA / SYRIA (FR.),24.352,53.951,3638,west-central europe
N0380,N,2,1925-04-18,1923-10-29,1925-12-05,2,"The map says Turkey, a name in use from 29 October 1923.",The border between Egypt and Libya (It.) has not moved yet. It moved on 6 December 1925.,U.S.S.R. / ALGERIA (FR.) / LIBYA (IT.) / EGYPT / FRANCE / GERMANY / TURKEY / POLAND / ITALY / ROMANIA / SPAIN / LATVIA,16.134,43.366,3343,balkans
N0381,N,2,1930-01-05,1922-12-30,1937-03-31,15,"The map says U.S.S.R., a name in use from 30 December 1922.",There is no Burma (Br.) yet. It appeared on 1 April 1937.,INDIA (BR.) / CHINA / TIBET / U.S.S.R. / MONGOLIA / AFGHANISTAN / SIAM,84.249,28.651,3921,south asia
N0382,N,2,1916-05-04,1916-03-04,1919-02-28,3,"Kamerun is shown independent, which it became on 4 March 1916.",There is no Upper Volta (Fr.) yet. It appeared on 1 March 1919.,ALGERIA (FR.) / UPPER SENEGAL AND NIGER (FR.) / NIGER (FR.) / NIGERIA (BR.) / MAURITANIA (FR.) / LIBYA (IT.) / KAMERUN / FRENCH GUINEA / SPAIN / GABON (FR.),-4.214,17.627,4481,north africa
N0383,N,2,1924-12-07,1922-02-28,1925-12-05,3,"Egypt is shown independent, which it became on 28 February 1922.",The border between Egypt and Libya (It.) has not moved yet. It moved on 6 December 1925.,ALGERIA (FR.) / FRENCH SUDAN / NIGER (FR.) / CHAD (FR.) / LIBYA (IT.) / NIGERIA (BR.) / MAURITANIA (FR.) / SPAIN / EGYPT / MOROCCO (FR.) / UPPER VOLTA (FR.) / FRANCE,5.019,26.45,3709,north africa
N0384,N,2,1945-04-08,1940-06-28,1945-05-07,5,"The border between Romania and U.S.S.R. is already in its new place, set on 28 June 1940.",There is no Germany (Soviet Zone) yet. It appeared on 8 May 1945.,U.S.S.R. / TURKEY / GERMANY / SWEDEN / POLAND / FINLAND / ITALY / ROMANIA / IRAN,31.569,56.16,3632,eastern europe
N0385,N,2,1931-11-16,1929-10-03,1938-09-29,9,"The map says Yugoslavia, a name in use from 3 October 1929.",The border between Czechoslovakia and Germany has not moved yet. It moved on 30 September 1938.,POLAND / GERMANY / U.S.S.R. / ROMANIA / YUGOSLAVIA / ITALY / CZECHOSLOVAKIA / BULGARIA / TURKEY / HUNGARY / AUSTRIA / GREECE,20.734,46.847,1610,balkans
N0386,N,2,1943-03-04,1935-03-21,1947-08-14,12,"The map says Iran, a name in use from 21 March 1935.",India (Br.) still holds this area. It passed to Pakistan on 15 August 1947.,U.S.S.R. / IRAN / AFGHANISTAN / IRAQ / SAUDI ARABIA / INDIA (BR.) / TURKEY,54.309,37.985,2516,middle east
N0387,N,2,1942-09-28,1935-03-21,1945-12-31,10,"The map says Iran, a name in use from 21 March 1935.",Syria is still marked French. It became independent in 1946.,SAUDI ARABIA / EGYPT / ANGLO-EGYPTIAN SUDAN / TURKEY / IRAQ / SYRIA (FR.) / IRAN,35.341,28.4,2211,middle east
N0388,N,2,1931-05-04,1922-12-30,1932-09-22,10,"The map says U.S.S.R., a name in use from 30 December 1922.",There is no Saudi Arabia yet. It appeared on 23 September 1932.,U.S.S.R. / INDIA (BR.) / CHINA / PERSIA / TIBET / AFGHANISTAN / MONGOLIA,69.721,39.337,4561,central asia
N0389,N,2,1934-05-10,1923-10-29,1940-03-11,17,"The map says Turkey, a name in use from 29 October 1923.",The border between Finland and U.S.S.R. has not moved yet. It moved on 12 March 1940.,U.S.S.R. / TURKEY / FRANCE / ALGERIA (FR.) / GERMANY / POLAND / FINLAND / ITALY / ROMANIA / SYRIA (FR.) / SPAIN / LATVIA,20.338,49.859,3589,west-central europe
N0390,N,2,1937-01-18,1934-07-20,1937-03-31,3,"The border between Anglo-Egyptian Sudan and Libya (It.) is already in its new place, set on 20 July 1934.",There is no Aden (Br.) yet. It appeared on 1 April 1937.,ANGLO-EGYPTIAN SUDAN / SAUDI ARABIA / EGYPT / ETHIOPIA / LIBYA (IT.) / YEMEN / ERITREA (IT.) / IRAQ,34.676,18.636,2485,middle east
N0391,N,2,1932-03-08,1929-10-03,1938-09-29,9,"The map says Yugoslavia, a name in use from 3 October 1929.",The border between Czechoslovakia and Germany has not moved yet. It moved on 30 September 1938.,GERMANY / ITALY / POLAND / YUGOSLAVIA / ROMANIA / FRANCE / CZECHOSLOVAKIA / GREECE / HUNGARY / BULGARIA / AUSTRIA / TUNISIA (FR.),16.163,44.333,1770,balkans
N0392,N,2,1928-05-12,1925-12-06,1932-09-04,7,There is no Egypt. It disappeared on 6 December 1925.,Upper Volta (Fr.) is still on the map. It disappeared on 5 September 1932.,ALGERIA (FR.) / FRENCH SUDAN / LIBYA (IT.) / NIGER (FR.) / CHAD (FR.) / SPAIN / NIGERIA (BR.) / MOROCCO (FR.) / UPPER VOLTA (FR.),5.681,26.956,3361,north africa
N0393,N,2,1917-11-03,1914-01-01,1919-02-28,5,Nigeria (Br.) is on the map. It appeared in 1914.,There is no Upper Volta (Fr.) yet. It appeared on 1 March 1919.,UPPER SENEGAL AND NIGER (FR.) / ALGERIA (FR.) / NIGER (FR.) / NIGERIA (BR.) / MAURITANIA (FR.) / FRENCH GUINEA / LIBYA (IT.) / GABON (FR.),-3.912,9.747,3884,sub-saharan africa
N0394,N,2,1922-06-08,1921-03-13,1922-12-29,1,Mongolia is on the map. It appeared on 13 March 1921.,The map still says Russia. The name changed to U.S.S.R. on 30 December 1922.,RUSSIA / INDIA (BR.) / CHINA / TIBET / PERSIA / MONGOLIA / AFGHANISTAN,73.525,40.47,4546,central asia
N0395,N,2,1925-04-12,1920-06-04,1929-10-02,9,"The border between Hungary and Serbs, Croats and Slovenes is already in its new place, set on 4 June 1920.","The map still says Serbs, Croats and Slovenes. The name changed to Yugoslavia on 3 October 1929.","GERMANY / FRANCE / ITALY / SERBS, CROATS AND SLOVENES / POLAND / CZECHOSLOVAKIA / AUSTRIA / HUNGARY / SWITZERLAND / SWEDEN / BELGIUM",10.703,50.302,1396,west-central europe
N0396,N,2,1917-08-19,1914-12-18,1918-03-02,4,"Egypt is marked British, which it became on 18 December 1914.",The border between Russia and Ottoman Empire has not moved yet. It moved on 3 March 1918.,ANGLO-EGYPTIAN SUDAN / OTTOMAN EMPIRE / EGYPT (BR.) / PERSIA / ETHIOPIA / CHAD (FR.) / BELGIAN CONGO / LIBYA (IT.) / BRITISH EAST AFRICA / RUSSIA / UBANGI-SHARI (FR.),36.478,20.691,4399,middle east
N0397,N,2,1940-12-25,1940-06-28,1945-05-07,5,"The border between Romania and U.S.S.R. is already in its new place, set on 28 June 1940.",There is no Germany (Soviet Zone) yet. It appeared on 8 May 1945.,U.S.S.R. / FRANCE / GERMANY / POLAND / FINLAND / ROMANIA / ITALY,19.438,61.188,3491,scandinavia and baltic
N0398,N,2,1921-03-19,1920-07-23,1922-07-19,2,"The map says Kenya (Br.), a name in use from 23 July 1920.",Tanganyika is not yet marked British. It came under British rule on 20 July 1922.,BELGIAN CONGO / ANGLO-EGYPTIAN SUDAN / ANGOLA (PORT.) / TANGANYIKA / ETHIOPIA / CHAD (FR.) / UBANGI-SHARI (FR.) / NORTHERN RHODESIA (BR.) / KENYA (BR.) / MOZAMBIQUE (PORT.) / UGANDA (BR.),26.315,0.204,3105,sub-saharan africa
N0399,N,2,1931-12-30,1929-10-03,1938-09-29,9,"The map says Yugoslavia, a name in use from 3 October 1929.",The border between Czechoslovakia and Germany has not moved yet. It moved on 30 September 1938.,U.S.S.R. / POLAND / GERMANY / ROMANIA / CZECHOSLOVAKIA / SWEDEN / HUNGARY / AUSTRIA / LATVIA / LITHUANIA / YUGOSLAVIA / ESTONIA,21.173,52.659,1425,west-central europe
N0400,N,2,1932-04-09,1922-12-30,1940-03-11,18,"The map says U.S.S.R., a name in use from 30 December 1922.",The border between Finland and U.S.S.R. has not moved yet. It moved on 12 March 1940.,U.S.S.R. / SWEDEN / FINLAND / NORWAY / LATVIA,29.795,66.87,2401,scandinavia and baltic
N0401,N,2,1929-11-26,1925-12-06,1932-10-02,7,"The border between Egypt and Libya (It.) is already in its new place, set on 6 December 1925.",Iraq is still marked British. It became independent on 3 October 1932.,ANGLO-EGYPTIAN SUDAN / EGYPT / LIBYA (IT.) / CHAD (FR.) / ETHIOPIA / IRAQ (BR.) / SYRIA (FR.) / ERITREA (IT.),30.112,24.018,2627,north africa
N0402,N,2,1938-06-03,1929-10-03,1938-09-29,9,"The map says Yugoslavia, a name in use from 3 October 1929.",The border between Czechoslovakia and Germany has not moved yet. It moved on 30 September 1938.,FRANCE / GERMANY / ITALY / SPAIN / UNITED KINGDOM / YUGOSLAVIA / POLAND / CZECHOSLOVAKIA / HUNGARY / AUSTRIA,8.228,46.792,1986,west-central europe
N0403,N,2,1944-09-04,1943-05-13,1945-05-07,2,"Libya is shown independent, which it became on 13 May 1943.",There is no Germany (Soviet Zone) yet. It appeared on 8 May 1945.,U.S.S.R. / TURKEY / YUGOSLAVIA / POLAND / ROMANIA / BULGARIA / HUNGARY / GERMANY / SYRIA (FR.) / ITALY / AUSTRIA / LIBYA,26.936,42.13,2101,balkans
N0404,N,2,1944-06-24,1943-05-13,1945-05-07,2,"Libya is shown independent, which it became on 13 May 1943.",There is no Germany (Soviet Zone) yet. It appeared on 8 May 1945.,LIBYA / ALGERIA (FR.) / U.S.S.R. / EGYPT / FRANCE / GERMANY / TURKEY / POLAND / ITALY / YUGOSLAVIA / ROMANIA / SPAIN,17.584,39.284,3260,balkans
N0405,N,2,1927-09-25,1926-09-27,1953-07-31,27,"The border between Uganda (Br.) and Kenya (Br.) is already in its new place, set on 27 September 1926.",There is no Rhodesia and Nyasaland (Br.) yet. It appeared on 1 August 1953.,BELGIAN CONGO / TANGANYIKA (BR.) / ANGOLA (PORT.) / NORTHERN RHODESIA (BR.) / MOZAMBIQUE (PORT.) / KENYA (BR.) / ETHIOPIA / UBANGI-SHARI (FR.) / ANGLO-EGYPTIAN SUDAN / SOUTHERN RHODESIA (BR.) / BECHUANALAND (BR.) / UGANDA (BR.),30.255,-7.291,3096,sub-saharan africa
N0406,N,2,1925-03-23,1923-10-29,1932-10-02,9,"The map says Turkey, a name in use from 29 October 1923.",Iraq is still marked British. It became independent on 3 October 1932.,U.S.S.R. / TURKEY / GERMANY / POLAND / FINLAND / FRANCE / ITALY / ROMANIA / IRAQ (BR.) / SYRIA (FR.) / LATVIA,25.537,51.271,3672,eastern europe
N0407,N,2,1935-11-24,1934-07-20,1943-05-12,9,"The border between Anglo-Egyptian Sudan and Libya (It.) is already in its new place, set on 20 July 1934.",Libya is still marked Italian. It became independent on 13 May 1943.,ANGLO-EGYPTIAN SUDAN / CHAD (FR.) / LIBYA (IT.) / EGYPT / UBANGI-SHARI (FR.) / NIGER (FR.),23.905,17.631,2421,north africa
N0408,N,2,1918-05-22,1916-03-04,1919-06-27,3,"Kamerun is shown independent, which it became on 4 March 1916.",Kamerun is still on the map. It disappeared on 28 June 1919.,ANGLO-EGYPTIAN SUDAN / EGYPT (BR.) / CHAD (FR.) / LIBYA (IT.) / KAMERUN / ETHIOPIA / BELGIAN CONGO / UBANGI-SHARI (FR.) / NIGER (FR.) / UGANDA (BR.),25.622,16.381,3079,middle east
N0409,N,2,1924-01-28,1920-12-04,1932-09-04,12,"The map says French Sudan, a name in use from December 1920.",Upper Volta (Fr.) is still on the map. It disappeared on 5 September 1932.,NIGER (FR.) / FRENCH SUDAN / NIGERIA (BR.) / CHAD (FR.) / FRENCH CAMEROONS / UPPER VOLTA (FR.) / GABON (FR.) / ALGERIA (FR.),5.815,9.431,2575,sub-saharan africa
N0410,N,2,1929-05-10,1923-10-29,1932-09-22,9,"The map says Turkey, a name in use from 29 October 1923.",There is no Saudi Arabia yet. It appeared on 23 September 1932.,U.S.S.R. / PERSIA / INDIA (BR.) / AFGHANISTAN / IRAQ (BR.) / TURKEY,56.017,37.98,3123,central asia
N0411,N,2,1945-01-20,1940-09-07,1945-05-07,5,"The border between Romania and Bulgaria is already in its new place, set on 7 September 1940.",There is no Germany (Soviet Zone) yet. It appeared on 8 May 1945.,GERMANY / POLAND / ITALY / YUGOSLAVIA / ROMANIA / GREECE / HUNGARY / FRANCE / CZECHOSLOVAKIA / BULGARIA / AUSTRIA,16.649,44.927,1725,balkans
N0412,N,2,1936-08-24,1922-12-30,1937-03-31,15,"The map says U.S.S.R., a name in use from 30 December 1922.",There is no Burma (Br.) yet. It appeared on 1 April 1937.,INDIA (BR.) / CHINA / TIBET / U.S.S.R. / MONGOLIA / NEPAL / BHUTAN,83.307,35.712,2608,south asia
N0413,N,2,1929-08-20,1920-12-04,1932-09-04,12,"The map says French Sudan, a name in use from December 1920.",Upper Volta (Fr.) is still on the map. It disappeared on 5 September 1932.,ALGERIA (FR.) / FRENCH SUDAN / NIGER (FR.) / MAURITANIA (FR.) / NIGERIA (BR.) / IVORY COAST (FR.) / UPPER VOLTA (FR.) / FRENCH GUINEA / LIBYA (IT.),-1.721,16.622,2851,north africa
N0414,N,2,1944-12-16,1944-07-05,1947-01-03,3,"The border between French Sudan and Mauritania (Fr.) is already in its new place, set on 5 July 1944.",There is no Upper Volta (Fr.) yet. It appeared on 4 January 1947.,FRENCH SUDAN / NIGERIA (BR.) / NIGER (FR.) / IVORY COAST (FR.) / MAURITANIA (FR.) / FRENCH GUINEA / LIBERIA,-2.543,6.61,2592,sub-saharan africa
N0415,N,2,1916-10-01,1914-12-18,1917-12-05,3,"Egypt is marked British, which it became on 18 December 1914.",There is no Finland yet. It appeared on 6 December 1917.,RUSSIA / INDIA (BR.) / PERSIA / OTTOMAN EMPIRE / EGYPT (BR.) / CHINA / LIBYA (IT.) / GERMANY,43.981,59.834,6705,eastern europe
N0416,N,2,1942-04-07,1935-03-21,1947-08-14,12,"The map says Iran, a name in use from 21 March 1935.",There is no Pakistan yet. It appeared on 15 August 1947.,INDIA (BR.) / U.S.S.R. / IRAN / CHINA / AFGHANISTAN / TIBET / NEPAL,69.877,30.387,2885,south asia
N0417,N,2,1933-07-11,1932-10-03,1935-03-20,3,"Iraq is shown independent, which it became on 3 October 1932.",The map still says Persia. The name changed to Iran on 21 March 1935.,SAUDI ARABIA / PERSIA / IRAQ / MUSCAT AND OMAN / YEMEN / INDIA (BR.) / SYRIA (FR.),52.005,24.592,2545,middle east
N0418,N,2,1924-01-21,1922-12-30,1937-03-31,15,"The map says U.S.S.R., a name in use from 30 December 1922.",There is no Burma (Br.) yet. It appeared on 1 April 1937.,INDIA (BR.) / TIBET / CHINA / AFGHANISTAN / U.S.S.R. / NEPAL,78.49,23.926,3324,south asia
N0419,N,2,1940-11-24,1940-09-07,1945-05-07,5,"The border between Romania and Bulgaria is already in its new place, set on 7 September 1940.",There is no Germany (Soviet Zone) yet. It appeared on 8 May 1945.,U.S.S.R. / GERMANY / TURKEY / POLAND / ITALY / YUGOSLAVIA / ROMANIA / BULGARIA / HUNGARY / AUSTRIA,21.183,44.838,2432,balkans
N0420,N,2,1917-02-23,1914-12-18,1918-02-15,4,"Egypt is marked British, which it became on 18 December 1914.",There is no Lithuania yet. It appeared on 16 February 1918.,RUSSIA / OTTOMAN EMPIRE / AUSTRIA-HUNGARY / GERMANY / LIBYA (IT.) / EGYPT (BR.) / ITALY / ROMANIA / BULGARIA,25.449,42.308,2628,balkans
N0421,N,2,1934-04-21,1922-12-30,1937-03-31,15,"The map says U.S.S.R., a name in use from 30 December 1922.",There is no Burma (Br.) yet. It appeared on 1 April 1937.,INDIA (BR.) / TIBET / CHINA / U.S.S.R. / AFGHANISTAN,79.369,22.557,4028,south asia
N0422,N,2,1931-10-04,1929-10-03,1934-07-19,5,"The map says Yugoslavia, a name in use from 3 October 1929.",The border between Anglo-Egyptian Sudan and Libya (It.) has not moved yet. It moved on 20 July 1934.,LIBYA (IT.) / EGYPT / ALGERIA (FR.) / ANGLO-EGYPTIAN SUDAN / TURKEY / NIGER (FR.) / CHAD (FR.) / ITALY / YUGOSLAVIA / ROMANIA / BULGARIA,20.112,32.193,2748,north africa
N0423,N,2,1925-07-14,1922-02-28,1925-12-05,3,"Egypt is shown independent, which it became on 28 February 1922.",The border between Egypt and Libya (It.) has not moved yet. It moved on 6 December 1925.,"LIBYA (IT.) / ITALY / SERBS, CROATS AND SLOVENES / EGYPT / ROMANIA / TUNISIA (FR.) / GREECE / BULGARIA / HUNGARY",17.363,37.044,1969,balkans
N0424,N,2,1935-02-20,1932-10-03,1935-03-20,3,"Iraq is shown independent, which it became on 3 October 1932.",The map still says Persia. The name changed to Iran on 21 March 1935.,U.S.S.R. / PERSIA / TURKEY / POLAND / SWEDEN / FINLAND / IRAQ / ROMANIA / SYRIA (FR.),44.466,50.064,3617,eastern europe
N0425,N,2,1930-12-30,1925-12-06,1932-09-22,7,"The border between Egypt and Libya (It.) is already in its new place, set on 6 December 1925.",There is no Saudi Arabia yet. It appeared on 23 September 1932.,U.S.S.R. / TURKEY / PERSIA / EGYPT / IRAQ (BR.) / POLAND / ROMANIA / LIBYA (IT.) / SYRIA (FR.) / BULGARIA / HUNGARY,36.821,40.897,3004,middle east
N0426,N,2,1932-08-28,1914-07-03,1937-03-31,23,"The border between Tibet and India (Br.) is already in its new place, set on 3 July 1914.",There is no Burma (Br.) yet. It appeared on 1 April 1937.,INDIA (BR.) / TIBET / CHINA / NEPAL / BHUTAN,88.154,25.535,2362,south asia
N0427,N,2,1915-01-25,1914-12-18,1918-11-02,4,"Egypt is marked British, which it became on 18 December 1914.",There is no Austria yet. It appeared on 3 November 1918.,EGYPT (BR.) / ALGERIA (FR.) / RUSSIA / LIBYA (IT.) / AUSTRIA-HUNGARY / OTTOMAN EMPIRE / FRANCE / GERMANY / ITALY / ROMANIA / BULGARIA,19.769,37.698,3083,balkans
N0428,N,2,1918-05-26,1918-03-03,1918-11-02,0,"The border between Russia and Ottoman Empire is already in its new place, set on 3 March 1918.",There is no Austria yet. It appeared on 3 November 1918.,RUSSIA / OTTOMAN EMPIRE / ALGERIA (FR.) / AUSTRIA-HUNGARY / GERMANY / FRANCE / LIBYA (IT.) / FINLAND / ITALY / EGYPT (BR.) / SPAIN / ROMANIA,21.031,48.899,3869,eastern europe
N0429,N,2,1922-05-04,1921-03-18,1922-12-29,1,"The border between Russia and Poland is already in its new place, set on 18 March 1921.",The map still says Russia. The name changed to U.S.S.R. on 30 December 1922.,"ROMANIA / ITALY / SERBS, CROATS AND SLOVENES / CZECHOSLOVAKIA / GREECE / GERMANY / BULGARIA / HUNGARY / POLAND / AUSTRIA / RUSSIA",18.519,42.431,1626,west-central europe
N0430,N,2,1930-11-16,1925-12-06,1932-09-22,7,"The border between Egypt and Libya (It.) is already in its new place, set on 6 December 1925.",There is no Saudi Arabia yet. It appeared on 23 September 1932.,ANGLO-EGYPTIAN SUDAN / EGYPT / ETHIOPIA / LIBYA (IT.) / CHAD (FR.) / YEMEN / ERITREA (IT.) / IRAQ (BR.),33.646,19.406,2546,middle east
N0431,N,2,1929-05-03,1925-12-06,1932-10-02,7,"The border between Egypt and Libya (It.) is already in its new place, set on 6 December 1925.",Iraq is still marked British. It became independent on 3 October 1932.,LIBYA (IT.) / U.S.S.R. / EGYPT / TURKEY / ROMANIA / ITALY / SYRIA (FR.) / IRAQ (BR.) / POLAND / BULGARIA / HUNGARY,27.962,37.123,2826,balkans
N0432,N,2,1943-11-02,1943-05-13,1945-05-07,2,"Libya is shown independent, which it became on 13 May 1943.",There is no Germany (Soviet Zone) yet. It appeared on 8 May 1945.,U.S.S.R. / LIBYA / TURKEY / EGYPT / SAUDI ARABIA / GERMANY / POLAND / FRANCE / ITALY / IRAQ / ROMANIA / SYRIA (FR.),25.201,42.08,3508,balkans
N0433,N,2,1925-12-28,1923-10-29,1932-09-22,9,"The map says Turkey, a name in use from 29 October 1923.",There is no Saudi Arabia yet. It appeared on 23 September 1932.,U.S.S.R. / PERSIA / INDIA (BR.) / AFGHANISTAN / TURKEY / IRAQ (BR.) / SYRIA (FR.),55.921,36.566,3808,central asia
N0434,N,2,1926-08-05,1923-10-29,1932-09-22,9,"The map says Turkey, a name in use from 29 October 1923.",There is no Saudi Arabia yet. It appeared on 23 September 1932.,U.S.S.R. / PERSIA / INDIA (BR.) / AFGHANISTAN / IRAQ (BR.) / MUSCAT AND OMAN / TURKEY,56.176,32.865,2937,middle east
N0435,N,2,1929-05-30,1925-12-06,1934-07-19,9,"The border between Egypt and Libya (It.) is already in its new place, set on 6 December 1925.",The border between Anglo-Egyptian Sudan and Libya (It.) has not moved yet. It moved on 20 July 1934.,ANGLO-EGYPTIAN SUDAN / LIBYA (IT.) / CHAD (FR.) / EGYPT / NIGER (FR.) / NIGERIA (BR.) / UBANGI-SHARI (FR.),20.626,19.136,2275,north africa
N0436,N,2,1916-07-18,1914-12-18,1918-03-02,4,"Egypt is marked British, which it became on 18 December 1914.",The border between Russia and Ottoman Empire has not moved yet. It moved on 3 March 1918.,RUSSIA / OTTOMAN EMPIRE / EGYPT (BR.) / LIBYA (IT.) / AUSTRIA-HUNGARY / ANGLO-EGYPTIAN SUDAN / GERMANY / ITALY / CHAD (FR.) / NIGER (FR.) / ROMANIA,27.505,36.092,3372,balkans
N0437,N,2,1929-03-01,1923-10-29,1940-03-11,17,"The map says Turkey, a name in use from 29 October 1923.",The border between Finland and U.S.S.R. has not moved yet. It moved on 12 March 1940.,U.S.S.R. / TURKEY / GERMANY / SWEDEN / POLAND / FINLAND / ITALY / ROMANIA / FRANCE / NORWAY / SYRIA (FR.) / LATVIA,24.222,50.766,3224,eastern europe
N0438,N,2,1916-04-16,1914-12-18,1917-12-05,3,"Egypt is marked British, which it became on 18 December 1914.",There is no Finland yet. It appeared on 6 December 1917.,RUSSIA / ALGERIA (FR.) / EGYPT (BR.) / LIBYA (IT.) / AUSTRIA-HUNGARY / GERMANY / FRANCE / SPAIN / OTTOMAN EMPIRE / ITALY / MOROCCO (FR.) / ROMANIA,11.795,43.92,3801,west-central europe
N0439,N,2,1918-01-15,1914-07-03,1921-03-12,7,"The border between Tibet and India (Br.) is already in its new place, set on 3 July 1914.",There is no Mongolia yet. It appeared on 13 March 1921.,CHINA / TIBET / INDIA (BR.) / SIAM / LAOS (FR.),104.838,22.538,4443,east asia
N0440,N,2,1938-03-26,1929-10-03,1938-09-29,9,"The map says Yugoslavia, a name in use from 3 October 1929.",The border between Czechoslovakia and Germany has not moved yet. It moved on 30 September 1938.,U.S.S.R. / POLAND / ROMANIA / YUGOSLAVIA / GERMANY / CZECHOSLOVAKIA / HUNGARY / BULGARIA / LITHUANIA / AUSTRIA / LATVIA / SWEDEN,23.838,49.687,1502,west-central europe
N0441,N,2,1916-05-18,1914-12-18,1918-10-29,4,"Egypt is marked British, which it became on 18 December 1914.",There is no Yemen yet. It appeared on 30 October 1918.,ANGLO-EGYPTIAN SUDAN / BELGIAN CONGO / ETHIOPIA / EGYPT (BR.) / BRITISH EAST AFRICA / GERMAN EAST AFRICA / CHAD (FR.) / UBANGI-SHARI (FR.) / UGANDA (BR.) / BRITISH SOMALILAND,35.464,10.66,3413,sub-saharan africa
N0442,N,2,1943-06-18,1943-05-13,1945-12-31,2,"Libya is shown independent, which it became on 13 May 1943.",Syria is still marked French. It became independent in 1946.,ANGLO-EGYPTIAN SUDAN / SAUDI ARABIA / LIBYA / EGYPT / CHAD (FR.) / TURKEY / IRAQ / SYRIA (FR.) / IRAN / U.S.S.R. / ETHIOPIA / ERITREA,30.544,27.706,3066,north africa
N0443,N,2,1924-10-21,1923-10-29,1925-12-05,2,"The map says Turkey, a name in use from 29 October 1923.",The border between Egypt and Libya (It.) has not moved yet. It moved on 6 December 1925.,U.S.S.R. / ALGERIA (FR.) / LIBYA (IT.) / EGYPT / FRANCE / SPAIN / GERMANY / TURKEY / POLAND / ITALY / ROMANIA / FINLAND,13.951,46.013,3844,balkans
N0444,N,2,1915-07-13,1908-10-07,1917-12-05,9,There is no Bosnia. It disappeared on 7 October 1908.,There is no Finland yet. It appeared on 6 December 1917.,RUSSIA / AUSTRIA-HUNGARY / GERMANY / FRANCE / ITALY / ROMANIA,25.833,64.099,4088,scandinavia and baltic
N0445,N,2,1915-12-06,1914-12-18,1918-02-15,4,"Egypt is marked British, which it became on 18 December 1914.",There is no Lithuania yet. It appeared on 16 February 1918.,RUSSIA / OTTOMAN EMPIRE / EGYPT (BR.) / AUSTRIA-HUNGARY / LIBYA (IT.) / GERMANY / ROMANIA / BULGARIA,29.938,40.696,2907,middle east
N0446,N,2,1941-03-10,1940-09-07,1945-05-07,5,"The border between Romania and Bulgaria is already in its new place, set on 7 September 1940.",There is no Germany (Soviet Zone) yet. It appeared on 8 May 1945.,U.S.S.R. / GERMANY / POLAND / TURKEY / ITALY / YUGOSLAVIA / ROMANIA / TUNISIA (FR.) / BULGARIA / HUNGARY / AUSTRIA,20.416,43.846,2372,balkans
N0447,N,2,1917-09-02,1914-12-18,1918-10-29,4,"Egypt is marked British, which it became on 18 December 1914.",There is no Yemen yet. It appeared on 30 October 1918.,ANGLO-EGYPTIAN SUDAN / PERSIA / EGYPT (BR.) / OTTOMAN EMPIRE / ETHIOPIA / BELGIAN CONGO / BRITISH EAST AFRICA / CHAD (FR.) / LIBYA (IT.),40.137,18.063,4305,middle east
N0448,N,2,1942-04-19,1932-09-05,1943-05-12,11,There is no Upper Volta (Fr.). It disappeared on 5 September 1932.,Libya is still marked Italian. It became independent on 13 May 1943.,ALGERIA (FR.) / FRENCH SUDAN / NIGER (FR.) / NIGERIA (BR.) / MAURITANIA (FR.) / LIBYA (IT.) / MOROCCO (FR.) / FRENCH GUINEA / GABON (FR.),-3.346,15.509,3744,north africa
N0449,N,2,1937-03-16,1921-03-13,1937-03-31,16,Mongolia is on the map. It appeared on 13 March 1921.,There is no Burma (Br.) yet. It appeared on 1 April 1937.,CHINA / MONGOLIA / TIBET / INDIA (BR.) / ANNAM (FR.) / LAOS (FR.) / SIAM,106.208,33.692,3063,east asia
N0450,N,2,1921-02-07,1920-12-24,1921-03-17,1,Iraq (Br.) already holds land it gained on 24 December 1920.,The border between Russia and Poland has not moved yet. It moved on 18 March 1921.,RUSSIA / OTTOMAN EMPIRE / EGYPT (BR.) / LIBYA (IT.) / ROMANIA / SYRIA (FR.) / POLAND / BULGARIA / HUNGARY / IRAQ (BR.) / AUSTRIA,28.092,38.855,2535,balkans
N0451,N,2,1936-05-01,1932-09-23,1940-06-27,8,Saudi Arabia is on the map. It appeared on 23 September 1932.,The border between Romania and U.S.S.R. has not moved yet. It moved on 28 June 1940.,LIBYA (IT.) / EGYPT / TURKEY / ROMANIA / YUGOSLAVIA / U.S.S.R. / SAUDI ARABIA / SYRIA (FR.) / ITALY / BULGARIA / HUNGARY,27.234,36.178,2287,balkans
N0452,N,2,1923-09-02,1914-07-03,1937-03-31,23,"The border between Tibet and India (Br.) is already in its new place, set on 3 July 1914.",There is no Burma (Br.) yet. It appeared on 1 April 1937.,INDIA (BR.) / TIBET / CHINA / SIAM / NEPAL,87.104,18.467,3282,south asia
N0453,N,2,1915-03-21,1914-01-01,1916-03-03,2,Nigeria (Br.) is on the map. It appeared in 1914.,Kamerun is still marked German. It became independent on 4 March 1916.,UPPER SENEGAL AND NIGER (FR.) / NIGER (FR.) / ALGERIA (FR.) / NIGERIA (BR.) / MAURITANIA (FR.) / KAMERUN (GER.) / CHAD (FR.) / ANGOLA (PORT.) / LIBYA (IT.) / FRENCH GUINEA / GABON (FR.),1.847,8.455,3788,sub-saharan africa
N0454,N,2,1928-08-08,1914-07-03,1937-03-31,23,"The border between Tibet and India (Br.) is already in its new place, set on 3 July 1914.",There is no Burma (Br.) yet. It appeared on 1 April 1937.,CHINA / TIBET / INDIA (BR.) / SIAM / ANNAM (FR.) / LAOS (FR.) / CAMBODIA (FR.) / BHUTAN,98.066,24.895,2491,southeast asia
N0455,N,2,1922-09-23,1921-03-18,1922-12-29,1,"The border between Russia and Poland is already in its new place, set on 18 March 1921.",The map still says Russia. The name changed to U.S.S.R. on 30 December 1922.,RUSSIA / OTTOMAN EMPIRE / PERSIA / GERMANY / IRAQ (BR.) / LIBYA (IT.) / POLAND / FINLAND / FRANCE / ITALY / ROMANIA / SYRIA (FR.),29.401,51.659,4245,eastern europe
N0456,N,2,1928-02-23,1923-10-29,1932-09-22,9,"The map says Turkey, a name in use from 29 October 1923.",There is no Saudi Arabia yet. It appeared on 23 September 1932.,U.S.S.R. / PERSIA / TURKEY / IRAQ (BR.) / EGYPT / SYRIA (FR.),47.04,41.395,3129,middle east
N0457,N,2,1930-09-01,1929-10-03,1938-09-29,9,"The map says Yugoslavia, a name in use from 3 October 1929.",The border between Czechoslovakia and Germany has not moved yet. It moved on 30 September 1938.,GERMANY / FRANCE / POLAND / YUGOSLAVIA / ITALY / CZECHOSLOVAKIA / HUNGARY / AUSTRIA / SWEDEN / LITHUANIA / LATVIA,12.057,49.549,1753,west-central europe
N0458,N,2,1916-11-14,1914-12-18,1918-02-15,4,"Egypt is marked British, which it became on 18 December 1914.",There is no Lithuania yet. It appeared on 16 February 1918.,ALGERIA (FR.) / EGYPT (BR.) / RUSSIA / LIBYA (IT.) / AUSTRIA-HUNGARY / FRANCE / GERMANY / OTTOMAN EMPIRE / ITALY / SPAIN / ROMANIA,15.882,38.895,3144,balkans
N0459,N,2,1942-02-02,1940-06-02,1945-05-07,5,U.S.S.R. is on the map. It appeared on 2 June 1940.,There is no Germany (Soviet Zone) yet. It appeared on 8 May 1945.,GERMANY / POLAND / SWEDEN / NORWAY / CZECHOSLOVAKIA / FRANCE / U.S.S.R. / HUNGARY / AUSTRIA / FINLAND / BELGIUM,12.998,54.682,1428,west-central europe
N0460,N,2,1931-08-12,1922-12-30,1940-03-11,18,"The map says U.S.S.R., a name in use from 30 December 1922.",The border between Finland and U.S.S.R. has not moved yet. It moved on 12 March 1940.,U.S.S.R. / GERMANY / SWEDEN / POLAND / FINLAND / NORWAY / ROMANIA / ITALY,30.114,61.472,3502,scandinavia and baltic
N0461,N,2,1916-03-04,1915-08-16,1920-01-09,5,"The map says South West Africa, a name in use from 16 August 1915.",The map still says German East Africa. The name changed to Tanganyika in 1920.,ANGOLA (PORT.) / UNION OF SOUTH AFRICA / BELGIAN CONGO / SOUTH WEST AFRICA / NORTHERN RHODESIA (BR.) / GERMAN EAST AFRICA / BECHUANALAND (BR.) / SOUTHERN RHODESIA (BR.),25.194,-23.158,3647,sub-saharan africa
N0462,N,2,1915-09-12,1914-01-01,1919-02-28,5,Nigeria (Br.) is on the map. It appeared in 1914.,There is no Upper Volta (Fr.) yet. It appeared on 1 March 1919.,ALGERIA (FR.) / UPPER SENEGAL AND NIGER (FR.) / MAURITANIA (FR.) / MOROCCO (FR.) / NIGER (FR.) / SPANISH WEST AFRICA / FRENCH GUINEA / NIGERIA (BR.) / SENEGAL (FR.) / IVORY COAST (FR.),-6.175,20.957,2711,north africa
N0463,N,2,1915-02-15,1914-12-18,1918-02-15,4,"Egypt is marked British, which it became on 18 December 1914.",There is no Lithuania yet. It appeared on 16 February 1918.,RUSSIA / OTTOMAN EMPIRE / EGYPT (BR.) / ANGLO-EGYPTIAN SUDAN / PERSIA / CHAD (FR.) / LIBYA (IT.) / AUSTRIA-HUNGARY / GERMANY,33.439,35.924,4435,middle east
N0464,N,2,1938-07-14,1932-09-05,1943-05-12,11,There is no Upper Volta (Fr.). It disappeared on 5 September 1932.,Libya is still marked Italian. It became independent on 13 May 1943.,ALGERIA (FR.) / FRENCH SUDAN / NIGER (FR.) / LIBYA (IT.) / MOROCCO (FR.) / SPAIN / TUNISIA (FR.),2.043,26.686,2580,north africa
N0465,N,2,1945-07-20,1945-05-08,1945-12-31,0,Germany (Soviet Zone) is on the map. It appeared on 8 May 1945.,Syria is still marked French. It became independent in 1946.,U.S.S.R. / LIBYA / SAUDI ARABIA / EGYPT / TURKEY / IRAQ / POLAND / ITALY / IRAN / ROMANIA / SYRIA (FR.) / NIGER (FR.),28.372,40.255,3730,middle east
N0466,N,2,1930-04-05,1923-10-29,1932-10-02,9,"The map says Turkey, a name in use from 29 October 1923.",Iraq is still marked British. It became independent on 3 October 1932.,U.S.S.R. / PERSIA / TURKEY / IRAQ (BR.) / POLAND / ROMANIA / SWEDEN / FINLAND / SYRIA (FR.) / EGYPT / HUNGARY,39.189,47.736,3500,eastern europe
N0467,N,2,1932-08-10,1929-10-03,1938-09-29,9,"The map says Yugoslavia, a name in use from 3 October 1929.",The border between Czechoslovakia and Germany has not moved yet. It moved on 30 September 1938.,GERMANY / FRANCE / POLAND / ITALY / YUGOSLAVIA / CZECHOSLOVAKIA / ROMANIA / HUNGARY / AUSTRIA / GREECE,12.491,46.576,1833,west-central europe
N0468,N,2,1921-05-20,1921-03-18,1922-02-27,1,"The border between Russia and Poland is already in its new place, set on 18 March 1921.",Egypt is still marked British. It became independent on 28 February 1922.,RUSSIA / OTTOMAN EMPIRE / IRAQ (BR.) / EGYPT (BR.) / ROMANIA / PERSIA / SYRIA (FR.) / BULGARIA / POLAND,36.455,39.346,2326,middle east
N0469,N,2,1921-12-11,1919-09-12,1922-02-27,3,"The border between Algeria (Fr.) and Libya (It.) is already in its new place, set on 12 September 1919.",Egypt is still marked British. It became independent on 28 February 1922.,CHAD (FR.) / ALGERIA (FR.) / NIGER (FR.) / LIBYA (IT.) / EGYPT (BR.) / NIGERIA (BR.) / ANGLO-EGYPTIAN SUDAN / UBANGI-SHARI (FR.),14.857,19.306,2757,north africa
N0470,N,2,1935-05-05,1922-12-30,1940-03-11,18,"The map says U.S.S.R., a name in use from 30 December 1922.",The border between Finland and U.S.S.R. has not moved yet. It moved on 12 March 1940.,U.S.S.R. / FINLAND / POLAND / ROMANIA / SWEDEN / LATVIA,41.331,55.96,2478,eastern europe
N0471,N,2,1923-12-31,1922-07-20,1926-09-26,4,"Tanganyika is marked British, which it became on 20 July 1922.",The border between Uganda (Br.) and Kenya (Br.) has not moved yet. It moved on 27 September 1926.,BELGIAN CONGO / TANGANYIKA (BR.) / ANGLO-EGYPTIAN SUDAN / KENYA (BR.) / ETHIOPIA / NORTHERN RHODESIA (BR.) / UBANGI-SHARI (FR.) / UGANDA (BR.) / ANGOLA (PORT.) / MOZAMBIQUE (PORT.),30.629,-1.847,2304,sub-saharan africa
N0472,N,2,1944-11-27,1935-03-21,1947-08-14,12,"The map says Iran, a name in use from 21 March 1935.",India (Br.) still holds this area. It passed to Pakistan on 15 August 1947.,U.S.S.R. / IRAN / SAUDI ARABIA / AFGHANISTAN / IRAQ / INDIA (BR.) / MUSCAT AND OMAN / TURKEY,55.128,32.6,2647,middle east
N0473,N,2,1923-06-01,1922-12-30,1923-10-28,1,"The map says U.S.S.R., a name in use from 30 December 1922.",The map still says Ottoman Empire. The name changed to Turkey on 29 October 1923.,U.S.S.R. / PERSIA / OTTOMAN EMPIRE / GERMANY / POLAND / FINLAND / ROMANIA / IRAQ (BR.) / SYRIA (FR.),41.528,55.728,4493,eastern europe
N0474,N,2,1938-07-28,1934-07-20,1943-05-12,9,There is no Anglo-Egyptian Sudan. It disappeared on 20 July 1934.,Libya is still marked Italian. It became independent on 13 May 1943.,ALGERIA (FR.) / FRENCH SUDAN / LIBYA (IT.) / NIGER (FR.) / CHAD (FR.) / NIGERIA (BR.) / IVORY COAST (FR.) / FRENCH CAMEROONS / UBANGI-SHARI (FR.) / MOROCCO (FR.),5.432,16.852,3460,north africa
N0475,N,2,1921-03-29,1921-03-18,1922-12-29,1,"The border between Russia and Poland is already in its new place, set on 18 March 1921.",The map still says Russia. The name changed to U.S.S.R. on 30 December 1922.,RUSSIA / SWEDEN / POLAND / FINLAND / GERMANY / NORWAY / ROMANIA / HUNGARY / LATVIA,32.045,61.358,3231,eastern europe
N0476,N,2,1943-10-04,1940-09-07,1945-05-07,5,"The border between Romania and Bulgaria is already in its new place, set on 7 September 1940.",There is no Germany (Allied Zones) yet. It appeared on 8 May 1945.,U.S.S.R. / TURKEY / POLAND / YUGOSLAVIA / ROMANIA / GERMANY / ITALY / GREECE / BULGARIA / HUNGARY / AUSTRIA,24.443,42.619,2072,balkans
N0477,N,2,1914-01-20,1910-06-16,1914-12-17,4,"The border between Belgian Congo and Anglo-Egyptian Sudan is already in its new place, set on 16 June 1910.",Egypt is not yet marked British. It came under British rule on 18 December 1914.,ANGLO-EGYPTIAN SUDAN / ETHIOPIA / EGYPT / BELGIAN CONGO / ITALIAN SOMALILAND / BRITISH EAST AFRICA / UGANDA (BR.) / ERITREA (IT.),35.969,14.605,2518,middle east
N0478,N,2,1935-02-18,1932-10-03,1935-03-20,3,"Iraq is shown independent, which it became on 3 October 1932.",The map still says Persia. The name changed to Iran on 21 March 1935.,U.S.S.R. / PERSIA / SAUDI ARABIA / TURKEY / IRAQ / SYRIA (FR.),47.824,39.562,2493,middle east
N0479,N,2,1926-05-25,1925-12-06,1926-09-26,1,"The border between Egypt and Libya (It.) is already in its new place, set on 6 December 1925.",The border between Uganda (Br.) and Kenya (Br.) has not moved yet. It moved on 27 September 1926.,ANGLO-EGYPTIAN SUDAN / LIBYA (IT.) / CHAD (FR.) / BELGIAN CONGO / EGYPT / ETHIOPIA / UBANGI-SHARI (FR.) / NIGER (FR.) / KENYA (BR.) / UGANDA (BR.) / GABON (FR.),26.189,14.106,3418,sub-saharan africa
N0480,N,2,1916-06-12,1914-12-18,1917-12-05,3,"Egypt is marked British, which it became on 18 December 1914.",There is no Finland yet. It appeared on 6 December 1917.,RUSSIA / OTTOMAN EMPIRE / AUSTRIA-HUNGARY / LIBYA (IT.) / GERMANY / PERSIA / FRANCE / EGYPT (BR.),28.755,50.396,4349,eastern europe
N0481,N,2,1940-11-13,1935-03-21,1945-12-31,10,"The map says Iran, a name in use from 21 March 1935.",Syria is still marked French. It became independent in 1946.,IRAN / U.S.S.R. / SAUDI ARABIA / IRAQ / TURKEY / SYRIA (FR.),47.869,35.197,2284,middle east
N0482,N,3,1946-08-05,1945-09-08,1947-08-14,2,"The map says Siam, a name in use from September 1945.",There is no Jammu and Kashmir yet. It appeared on 15 August 1947.,CHINA / INDIA (BR.) / TIBET / BURMA (BR.) / MONGOLIA / SIAM / U.S.S.R. / LAOS (FR.) / NEPAL / ANNAM (FR.),92.182,30.971,2975,south asia
N0483,N,3,1968-08-03,1950-10-02,1971-12-15,21,There is no Tibet. It disappeared on 2 October 1950.,There is no Bangladesh yet. It appeared on 16 December 1971.,INDIA / CHINA / PAKISTAN / U.S.S.R. / BURMA / AFGHANISTAN / NEPAL,81.601,24.81,3449,south asia
N0484,N,3,1960-09-20,1960-07-01,1961-12-08,1,Somalia is on the map. It appeared on 1 July 1960.,Tanganyika is still marked British. It became independent on 9 December 1961.,SUDAN / ETHIOPIA / TANGANYIKA (BR.) / SAUDI ARABIA / SOMALIA / KENYA (BR.),44.643,-0.768,4564,sub-saharan africa
N0485,N,3,1961-04-29,1960-08-11,1961-12-08,1,"Chad is shown independent, which it became on 11 August 1960.",Tanganyika is still marked British. It became independent on 9 December 1961.,SUDAN / CONGO (LÉOPOLDVILLE) / ETHIOPIA / TANGANYIKA (BR.) / KENYA (BR.) / SOMALIA / UGANDA (BR.) / RHODESIA AND NYASALAND (BR.) / CHAD / YEMEN,34.185,2.656,2915,sub-saharan africa
N0486,N,3,1967-09-26,1954-05-01,1971-12-15,17,North Vietnam is on the map. It appeared on 1 May 1954.,There is no Bangladesh yet. It appeared on 16 December 1971.,CHINA / INDIA / U.S.S.R. / MONGOLIA / PAKISTAN / BURMA / THAILAND / LAOS,89.011,30.173,4445,south asia
N0487,N,3,1948-02-01,1943-05-13,1955-12-31,12,"Libya is shown independent, which it became on 13 May 1943.",Tunisia is still marked French. It became independent in 1956.,LIBYA / ITALY / YUGOSLAVIA / TUNISIA (FR.) / ROMANIA / GREECE / BULGARIA / EGYPT,17.755,37.05,1873,balkans
N0488,N,3,1946-06-10,1945-09-08,1947-08-14,2,"The map says Siam, a name in use from September 1945.",India is still marked British. It became independent on 15 August 1947.,CHINA / TIBET / BURMA (BR.) / SIAM / LAOS (FR.) / ANNAM (FR.) / INDIA (BR.),105.804,25.162,2366,southeast asia
N0489,N,3,1946-02-25,1943-05-13,1955-12-31,12,"Libya is shown independent, which it became on 13 May 1943.",The map still says Anglo-Egyptian Sudan. The name changed to Sudan in 1956.,ANGLO-EGYPTIAN SUDAN / LIBYA / CHAD (FR.) / EGYPT / NIGER (FR.) / ALGERIA (FR.) / TURKEY / NIGERIA (BR.),22.107,24.45,2961,north africa
N0490,N,3,1946-05-14,1922-12-30,1947-08-14,25,"The map says U.S.S.R., a name in use from 30 December 1922.",There is no Jammu and Kashmir yet. It appeared on 15 August 1947.,U.S.S.R. / CHINA / MONGOLIA / TIBET / AFGHANISTAN / INDIA (BR.),83.431,53.541,4284,central asia
N0491,N,3,1953-10-23,1952-09-15,1955-12-31,3,There is no Eritrea. It disappeared on 15 September 1952.,The map still says Anglo-Egyptian Sudan. The name changed to Sudan in 1956.,SAUDI ARABIA / ANGLO-EGYPTIAN SUDAN / EGYPT / IRAQ / ETHIOPIA / IRAN / SYRIA / YEMEN / JORDAN,36.762,24.315,2424,middle east
N0492,N,3,1964-10-16,1962-07-05,1984-08-03,22,"Algeria is shown independent, which it became on 5 July 1962.",The map still says Upper Volta. The name changed to Burkina Faso on 4 August 1984.,ALGERIA / LIBYA / CHAD / NIGER / NIGERIA / SUDAN / CENTRAL AFRICAN REPUBLIC / MALI / CAMEROON / UPPER VOLTA,12.15,20.708,3077,north africa
N0493,N,3,1948-09-27,1945-09-08,1949-05-10,4,"The map says Siam, a name in use from September 1945.",The map still says Siam. The name changed to Thailand on 11 May 1949.,CHINA / ANNAM (FR.) / SIAM / TIBET / LAOS (FR.) / MONGOLIA / CAMBODIA (FR.),116.578,26.63,3580,southeast asia
N0494,N,3,1956-09-24,1956-01-01,1958-11-30,2,"The map says Sudan, a name in use from 1956.",The map still says Ubangi-Shari (Fr.). The name changed to Central African Republic (Fr.) on 1 December 1958.,SUDAN / ETHIOPIA / SAUDI ARABIA / EGYPT / LIBYA / CHAD (FR.) / BELGIAN CONGO / UBANGI-SHARI (FR.) / KENYA (BR.) / UGANDA (BR.),31.711,15.584,2823,north africa
N0495,N,3,1963-12-16,1950-10-02,1971-12-15,21,There is no Tibet. It disappeared on 2 October 1950.,There is no Bangladesh yet. It appeared on 16 December 1971.,INDIA / CHINA / U.S.S.R. / PAKISTAN / IRAN / AFGHANISTAN / NEPAL,72.723,29.7,3575,south asia
N0496,N,3,1969-02-27,1950-10-02,1971-12-15,21,There is no Tibet. It disappeared on 2 October 1950.,There is no Bangladesh yet. It appeared on 16 December 1971.,CHINA / INDIA / MONGOLIA / U.S.S.R. / BURMA / PAKISTAN / NEPAL,89.477,35.455,2798,central asia
N0497,N,3,1966-02-11,1962-07-05,1975-11-13,13,"Algeria is shown independent, which it became on 5 July 1962.",Spanish Sahara is still on the map. It disappeared on 14 November 1975.,ALGERIA / MALI / MAURITANIA / NIGER / MOROCCO / LIBYA / SPANISH SAHARA / UPPER VOLTA / NIGERIA / TUNISIA / SPAIN,-1.177,25.27,2744,north africa
N0498,N,3,1955-01-08,1952-09-15,1960-06-30,8,There is no Eritrea. It disappeared on 15 September 1952.,There is no Somalia yet. It appeared on 1 July 1960.,SAUDI ARABIA / IRAN / PAKISTAN / U.S.S.R. / AFGHANISTAN / IRAQ / INDIA / TURKEY / BRITISH SOMALILAND / YEMEN,56.386,24.643,3284,middle east
N0499,N,3,1952-01-15,1943-05-13,1955-12-31,12,"Libya is shown independent, which it became on 13 May 1943.",The map still says Anglo-Egyptian Sudan. The name changed to Sudan in 1956.,LIBYA / EGYPT / TURKEY / ANGLO-EGYPTIAN SUDAN / NIGER (FR.) / ITALY / CHAD (FR.) / YUGOSLAVIA / ROMANIA / BULGARIA,22.332,32.99,2771,north africa
N0500,N,3,1954-11-10,1950-10-02,1971-12-15,21,There is no Tibet. It disappeared on 2 October 1950.,There is no Bangladesh yet. It appeared on 16 December 1971.,U.S.S.R. / CHINA / INDIA / MONGOLIA / BURMA,103.765,49.629,6192,east asia
N0501,N,3,1961-10-10,1960-11-28,1962-07-04,2,"Mauritania is shown independent, which it became on 28 November 1960.",Algeria is still marked French. It became independent on 5 July 1962.,MALI / MAURITANIA / ALGERIA (FR.) / UPPER VOLTA / GUINEA / IVORY COAST / NIGER / GHANA / DAHOMEY,-3.886,16.579,1750,north africa
N0502,N,3,1960-01-14,1956-01-01,1960-08-10,4,"The map says Sudan, a name in use from 1956.",Chad is still marked French. It became independent on 11 August 1960.,SAUDI ARABIA / SUDAN / EGYPT / TURKEY / LIBYA / IRAQ / IRAN / CHAD (FR.) / SYRIA / U.S.S.R. / ETHIOPIA / YEMEN,34.199,28.349,2852,north africa
N0503,N,3,1946-08-13,1945-05-08,1962-07-04,17,Germany (Soviet Zone) is on the map. It appeared on 8 May 1945.,Algeria is still marked French. It became independent on 5 July 1962.,U.S.S.R. / ALGERIA (FR.) / LIBYA / EGYPT / TURKEY / FRANCE / SPAIN / POLAND / ITALY / ROMANIA,16.512,42.838,3839,west-central europe
N0504,N,3,1953-09-05,1944-07-05,1956-03-01,12,"The border between French Sudan and Mauritania (Fr.) is already in its new place, set on 5 July 1944.",Morocco is still marked French. It became independent on 2 March 1956.,ALGERIA (FR.) / MAURITANIA (FR.) / NIGER (FR.) / FRENCH SUDAN / LIBYA / SPAIN / FRANCE / MOROCCO (FR.) / ITALY / YUGOSLAVIA,1.01,32.158,3325,north africa
N0505,N,3,1946-06-14,1944-07-05,1947-01-03,3,"The border between French Sudan and Mauritania (Fr.) is already in its new place, set on 5 July 1944.",There is no Upper Volta (Fr.) yet. It appeared on 4 January 1947.,ALGERIA (FR.) / FRENCH SUDAN / MAURITANIA (FR.) / MOROCCO (FR.) / NIGER (FR.) / IVORY COAST (FR.) / FRENCH GUINEA / SENEGAL (FR.),-7.194,22.293,2819,north africa
N0506,N,3,1960-07-18,1960-06-30,1960-08-02,0,"The map says Congo (Léopoldville), a name in use from 30 June 1960.",Niger is still marked French. It became independent on 3 August 1960.,SUDAN / CONGO (LÉOPOLDVILLE) / CHAD (FR.) / CENTRAL AFRICAN REPUBLIC (FR.) / NIGER (FR.) / CAMEROON / MIDDLE CONGO (FR.) / NIGERIA (BR.) / GABON (FR.) / LIBYA,20.667,8.37,2518,sub-saharan africa
N0507,N,3,1964-09-23,1943-05-13,1967-06-09,24,"Libya is shown independent, which it became on 13 May 1943.",There is no Israel yet. It appeared on 10 June 1967.,LIBYA / EGYPT / TURKEY / ITALY / YUGOSLAVIA / ROMANIA / BULGARIA / HUNGARY,21.607,36.691,2174,balkans
N0508,N,3,1950-06-05,1949-01-05,1950-10-01,1,There is no Jammu and Kashmir. It disappeared on 5 January 1949.,Tibet is still on the map. It disappeared on 2 October 1950.,CHINA / TIBET / INDIA / BURMA / U.S.S.R. / MONGOLIA / PAKISTAN / NEPAL / BHUTAN,88.152,33.819,2397,south asia
N0509,N,3,1975-11-09,1975-05-01,1989-06-17,14,There is no South Vietnam. It disappeared on 1 May 1975.,The map still says Burma. The name changed to Myanmar on 18 June 1989.,CHINA / BURMA / INDIA / THAILAND / LAOS,104.352,21.409,4202,east asia
N0510,N,3,1975-05-20,1971-10-27,1993-05-23,22,"The map says Zaire, a name in use from 27 October 1971.",There is no Eritrea yet. It appeared on 24 May 1993.,SUDAN / ETHIOPIA / CHAD / ZAIRE / LIBYA / EGYPT / SAUDI ARABIA / CENTRAL AFRICAN REPUBLIC / KENYA / UGANDA,29.859,13.113,2975,middle east
N0511,N,3,1960-01-11,1956-01-01,1960-06-29,4,"The map says Sudan, a name in use from 1956.",The map still says Belgian Congo. The name changed to Congo (Léopoldville) on 30 June 1960.,SUDAN / BELGIAN CONGO / ETHIOPIA / TANGANYIKA (BR.) / KENYA (BR.) / CHAD (FR.) / ITALIAN SOMALILAND / SAUDI ARABIA / UGANDA (BR.) / YEMEN,34.345,4.688,3221,sub-saharan africa
N0512,N,3,1959-08-15,1957-03-06,1959-12-31,2,"The map says Ghana, a name in use from 6 March 1957.",The map still says French Cameroons. The name changed to Cameroon in 1960.,NIGER (FR.) / FRENCH SUDAN / NIGERIA (BR.) / FRENCH CAMEROONS / CHAD (FR.) / IVORY COAST (FR.) / MIDDLE CONGO (FR.) / UPPER VOLTA (FR.) / GABON (FR.) / GHANA / ALGERIA (FR.),4.241,7.643,2807,sub-saharan africa
N0513,N,3,1952-09-21,1952-09-15,1955-12-31,3,There is no Eritrea. It disappeared on 15 September 1952.,The map still says Anglo-Egyptian Sudan. The name changed to Sudan in 1956.,U.S.S.R. / SAUDI ARABIA / ANGLO-EGYPTIAN SUDAN / LIBYA / EGYPT / IRAN / CHAD (FR.) / TURKEY / IRAQ / ETHIOPIA / ROMANIA / SYRIA,34.581,31.665,3904,middle east
N0514,N,3,1954-02-14,1949-01-05,1960-06-30,11,There is no Jammu and Kashmir. It disappeared on 5 January 1949.,There is no Somalia yet. It appeared on 1 July 1960.,IRAN / INDIA / U.S.S.R. / PAKISTAN / SAUDI ARABIA / AFGHANISTAN / CHINA / IRAQ,61.352,26.018,3251,south asia
N0515,N,3,1954-11-22,1947-08-15,1960-06-30,13,"Pakistan holds this area, which passed to it from India (Br.) on 15 August 1947.",There is no Somalia yet. It appeared on 1 July 1960.,SAUDI ARABIA / IRAN / PAKISTAN / MUSCAT AND OMAN / AFGHANISTAN / IRAQ / BRITISH SOMALILAND / YEMEN / ETHIOPIA,54.81,20.395,2577,middle east
N0516,N,3,1968-02-12,1954-05-01,1970-10-08,16,South Vietnam is on the map. It appeared on 1 May 1954.,The map still says Cambodia. The name changed to Khmer Republic on 9 October 1970.,CHINA / BURMA / THAILAND / LAOS / CAMBODIA / INDIA / NORTH VIETNAM,105.635,22.925,2609,southeast asia
N0517,N,3,1971-10-01,1970-10-09,1975-04-16,5,"The map says Khmer Republic, a name in use from 9 October 1970.",The map still says Khmer Republic. The name changed to Cambodia on 17 April 1975.,CHINA / INDIA / BURMA / THAILAND / LAOS / KHMER REPUBLIC / NORTH VIETNAM / NEPAL,94.006,26.927,3174,southeast asia
N0518,N,3,1968-06-13,1967-11-30,1971-12-15,4,"South Yemen holds this area, which passed to it from Federation of South Arabia (Br.) on 30 November 1967.",There is no Bangladesh yet. It appeared on 16 December 1971.,U.S.S.R. / INDIA / CHINA / IRAN / SAUDI ARABIA / PAKISTAN / AFGHANISTAN / MONGOLIA / IRAQ / SOUTH YEMEN / NEPAL,66.716,36.181,4510,south asia
N0519,N,3,1970-06-22,1966-09-30,1971-10-26,5,"The map says Botswana, a name in use from 30 September 1966.",The map still says Congo (Kinshasa). The name changed to Zaire on 27 October 1971.,CONGO (KINSHASA) / SUDAN / ETHIOPIA / TANZANIA / ZAMBIA / SOMALIA / KENYA / MALAGASY REPUBLIC / RHODESIA / BOTSWANA / UGANDA,37.059,-3.254,3723,sub-saharan africa
N0520,N,3,1958-12-02,1956-01-01,1962-07-04,6,"Tunisia is shown independent, which it became in 1956.",Algeria is still marked French. It became independent on 5 July 1962.,LIBYA / ALGERIA (FR.) / ITALY / YUGOSLAVIA / ROMANIA / TUNISIA / GREECE / BULGARIA / FRANCE / HUNGARY,16.454,37.21,2015,balkans
N0521,N,3,1958-12-26,1958-12-01,1960-06-29,2,"The map says Central African Republic (Fr.), a name in use from 1 December 1958.",The map still says Belgian Congo. The name changed to Congo (Léopoldville) on 30 June 1960.,BELGIAN CONGO / SUDAN / RHODESIA AND NYASALAND (BR.) / ANGOLA (PORT.) / ETHIOPIA / TANGANYIKA (BR.) / CENTRAL AFRICAN REPUBLIC (FR.) / CHAD (FR.) / KENYA (BR.) / SOUTH WEST AFRICA (S. AFR.) / UGANDA (BR.),28.788,-3.851,3759,sub-saharan africa
N0522,N,3,1957-06-12,1956-01-01,1960-06-30,4,"The map says Sudan, a name in use from 1956.",There is no Somalia yet. It appeared on 1 July 1960.,SAUDI ARABIA / SUDAN / ETHIOPIA / EGYPT / IRAN / IRAQ / BRITISH SOMALILAND / SYRIA / YEMEN,40.223,21.296,2982,middle east
N0523,N,3,1947-11-17,1947-08-15,1960-06-30,13,Pakistan is on the map. It appeared on 15 August 1947.,There is no Somalia yet. It appeared on 1 July 1960.,SAUDI ARABIA / IRAN / PAKISTAN / MUSCAT AND OMAN / AFGHANISTAN / IRAQ,56.621,20.033,2587,middle east
N0524,N,3,1960-10-18,1960-07-01,1962-04-03,2,Somalia is on the map. It appeared on 1 July 1960.,There is no Federation of South Arabia (Br.) yet. It appeared on 4 April 1962.,SAUDI ARABIA / IRAN / ETHIOPIA / SUDAN / SOMALIA / IRAQ / EGYPT / SYRIA / YEMEN,48.366,19.997,3366,middle east
N0525,N,3,1950-06-26,1947-08-15,1950-10-01,3,"India is shown independent, which it became on 15 August 1947.",Tibet is still on the map. It disappeared on 2 October 1950.,CHINA / U.S.S.R. / MONGOLIA / TIBET / INDIA,109.048,43.592,3314,east asia
N0526,N,3,1963-09-25,1962-07-05,1991-11-19,29,"Algeria is shown independent, which it became on 5 July 1962.",There is no Macedonia yet. It appeared on 20 November 1991.,LIBYA / ALGERIA / FRANCE / ITALY / YUGOSLAVIA / ROMANIA / TUNISIA / BULGARIA / SPAIN / HUNGARY / AUSTRIA,13.286,36.368,2407,balkans
N0527,N,3,1965-11-09,1964-10-24,1965-11-10,1,"The map says Zambia, a name in use from October 1964.",Rhodesia is still marked British. It became independent on 11 November 1965.,CONGO (LÉOPOLDVILLE) / ANGOLA (PORT.) / ZAMBIA / SOUTH WEST AFRICA (S. AFR.) / CENTRAL AFRICAN REPUBLIC / BECHUANALAND (BR.) / CAMEROON / RHODESIA (BR.) / NIGERIA / SUDAN / GABON,16.982,-7.601,3256,sub-saharan africa
N0528,N,3,1954-09-17,1950-10-02,1971-12-15,21,There is no Tibet. It disappeared on 2 October 1950.,There is no Bangladesh yet. It appeared on 16 December 1971.,INDIA / CHINA / BURMA / PAKISTAN / NEPAL,85.782,17.225,3136,south asia
N0529,N,3,1959-09-09,1953-08-01,1960-06-29,7,Rhodesia and Nyasaland (Br.) is on the map. It appeared on 1 August 1953.,The map still says Belgian Congo. The name changed to Congo (Léopoldville) on 30 June 1960.,BELGIAN CONGO / RHODESIA AND NYASALAND (BR.) / ANGOLA (PORT.) / UNION OF SOUTH AFRICA / TANGANYIKA (BR.) / SOUTH WEST AFRICA (S. AFR.) / BECHUANALAND (BR.) / KENYA (BR.) / GABON (FR.),24.528,-15.693,3175,sub-saharan africa
N0530,N,3,1956-01-04,1950-10-02,1971-12-15,21,There is no Tibet. It disappeared on 2 October 1950.,There is no Bangladesh yet. It appeared on 16 December 1971.,U.S.S.R. / CHINA / INDIA / PAKISTAN / IRAN / AFGHANISTAN / MONGOLIA / NEPAL,75.523,33.746,3680,south asia
N0531,N,3,1955-11-01,1946-01-01,1955-12-31,9,"Syria is shown independent, which it became in 1946.",The map still says Anglo-Egyptian Sudan. The name changed to Sudan in 1956.,SAUDI ARABIA / ANGLO-EGYPTIAN SUDAN / EGYPT / TURKEY / IRAQ / IRAN / SYRIA / U.S.S.R. / YEMEN,36.068,28.314,2571,middle east
N0532,N,3,1951-09-20,1945-05-08,1962-07-04,17,Germany (Soviet Zone) is on the map. It appeared on 8 May 1945.,Algeria is still marked French. It became independent on 5 July 1962.,U.S.S.R. / ALGERIA (FR.) / LIBYA / EGYPT / TURKEY / FRANCE / SPAIN / POLAND / ITALY / ROMANIA / FINLAND,17.346,44.739,3692,balkans
N0533,N,3,1946-05-23,1935-03-21,1947-08-14,12,"The map says Iran, a name in use from 21 March 1935.",There is no Pakistan yet. It appeared on 15 August 1947.,INDIA (BR.) / IRAN / AFGHANISTAN / U.S.S.R. / MUSCAT AND OMAN / SAUDI ARABIA / CHINA,64.502,25.602,2725,south asia
N0534,N,3,1963-01-24,1950-10-02,1971-12-15,21,There is no Tibet. It disappeared on 2 October 1950.,There is no Bangladesh yet. It appeared on 16 December 1971.,CHINA / INDIA / U.S.S.R. / PAKISTAN / IRAN / AFGHANISTAN / BURMA,77.495,23.095,4503,south asia
N0535,N,3,1947-04-04,1945-05-08,1962-07-04,17,Germany (Soviet Zone) is on the map. It appeared on 8 May 1945.,Algeria is still marked French. It became independent on 5 July 1962.,LIBYA / ALGERIA (FR.) / U.S.S.R. / EGYPT / FRANCE / TURKEY / POLAND / ITALY / YUGOSLAVIA / ROMANIA / SPAIN,17.721,39.496,3369,balkans
N0536,N,3,1974-04-23,1971-10-27,1997-05-16,26,"The map says Zaire, a name in use from 27 October 1971.",The map still says Zaire. The name changed to Dem. Rep. of the Congo on 17 May 1997.,CHAD / NIGER / NIGERIA / ZAIRE / CAMEROON / CENTRAL AFRICAN REPUBLIC / CONGO / GABON / MALI,11.443,7.588,2504,sub-saharan africa
N0537,N,3,1955-06-10,1952-09-15,1955-12-31,3,There is no Eritrea. It disappeared on 15 September 1952.,The map still says Anglo-Egyptian Sudan. The name changed to Sudan in 1956.,SAUDI ARABIA / ANGLO-EGYPTIAN SUDAN / IRAN / ETHIOPIA / EGYPT / TURKEY / U.S.S.R. / IRAQ / SYRIA / YEMEN,43.643,24.025,3573,middle east
N0538,N,3,1972-07-04,1970-10-09,1975-04-16,5,"The map says Khmer Republic, a name in use from 9 October 1970.",The map still says Khmer Republic. The name changed to Cambodia on 17 April 1975.,CHINA / INDIA / BURMA / THAILAND / LAOS / KHMER REPUBLIC / NORTH VIETNAM / NEPAL / BHUTAN,95.375,16.232,2608,southeast asia
N0539,N,3,1966-04-26,1962-07-05,1975-11-13,13,"Algeria is shown independent, which it became on 5 July 1962.",Spanish Sahara is still on the map. It disappeared on 14 November 1975.,MALI / MAURITANIA / ALGERIA / IVORY COAST / SPANISH SAHARA / GUINEA / UPPER VOLTA / GHANA / SENEGAL / LIBERIA / SIERRA LEONE,-11.622,16.088,2545,north africa
N0540,N,3,1948-09-10,1947-01-04,1956-03-01,9,Upper Volta (Fr.) is on the map. It appeared on 4 January 1947.,Morocco is still marked French. It became independent on 2 March 1956.,ALGERIA (FR.) / FRENCH SUDAN / NIGER (FR.) / MAURITANIA (FR.) / NIGERIA (BR.) / LIBYA / MOROCCO (FR.) / UPPER VOLTA (FR.) / FRENCH GUINEA / IVORY COAST (FR.),-0.828,22.11,2964,north africa
N0541,N,3,1946-10-22,1946-01-01,1955-12-31,9,"Syria is shown independent, which it became in 1946.",The map still says Anglo-Egyptian Sudan. The name changed to Sudan in 1956.,U.S.S.R. / SAUDI ARABIA / LIBYA / EGYPT / TURKEY / ANGLO-EGYPTIAN SUDAN / IRAN / CHAD (FR.) / IRAQ / POLAND / ROMANIA / SYRIA,33.044,35.767,3652,middle east
N0542,N,3,1953-11-12,1948-05-14,1955-12-31,7,West Bank is on the map. It appeared on 14 May 1948.,The map still says Anglo-Egyptian Sudan. The name changed to Sudan in 1956.,EGYPT / LIBYA / TURKEY / ANGLO-EGYPTIAN SUDAN / SAUDI ARABIA / CHAD (FR.) / SYRIA / IRAQ / ITALY,29.088,30.239,2466,middle east
N0543,N,3,1966-06-17,1962-07-05,1966-06-30,4,"Algeria is shown independent, which it became on 5 July 1962.",The map still says Congo (Léopoldville). The name changed to Congo (Kinshasa) in 1966.,SUDAN / CHAD / LIBYA / NIGER / NIGERIA / CONGO (LÉOPOLDVILLE) / CENTRAL AFRICAN REPUBLIC / EGYPT / CAMEROON / ALGERIA,18.565,14.349,2784,sub-saharan africa
N0544,N,3,1948-05-27,1946-01-01,1962-07-04,16,"Syria is shown independent, which it became in 1946.",Algeria is still marked French. It became independent on 5 July 1962.,U.S.S.R. / ALGERIA (FR.) / LIBYA / EGYPT / TURKEY / FRANCE / SAUDI ARABIA / SPAIN / POLAND / ITALY / ROMANIA / SYRIA,19.43,44.489,4189,west-central europe
N0545,N,3,1970-06-14,1962-07-05,1984-08-03,22,"Algeria is shown independent, which it became on 5 July 1962.",The map still says Upper Volta. The name changed to Burkina Faso on 4 August 1984.,ALGERIA / NIGER / LIBYA / CHAD / NIGERIA / MALI / CAMEROON / UPPER VOLTA / GHANA,8.27,17.858,2772,north africa
N0546,N,3,1947-10-20,1945-05-08,1962-07-04,17,Germany (Soviet Zone) is on the map. It appeared on 8 May 1945.,Algeria is still marked French. It became independent on 5 July 1962.,U.S.S.R. / ALGERIA (FR.) / FRANCE / TURKEY / LIBYA / POLAND / ITALY / EGYPT / ROMANIA / NORWAY / SPAIN / FINLAND,18.357,46.114,3393,west-central europe
N0547,N,3,1968-11-01,1966-07-01,1971-10-26,5,"The map says Congo (Kinshasa), a name in use from 1966.",The map still says Congo (Kinshasa). The name changed to Zaire on 27 October 1971.,SUDAN / ETHIOPIA / CONGO (KINSHASA) / CHAD / SAUDI ARABIA / EGYPT / LIBYA / KENYA / CENTRAL AFRICAN REPUBLIC / UGANDA / TANZANIA,30.287,12.375,2938,sub-saharan africa
N0548,N,3,1953-08-10,1947-08-15,1962-04-03,15,Pakistan is on the map. It appeared on 15 August 1947.,There is no Federation of South Arabia (Br.) yet. It appeared on 4 April 1962.,U.S.S.R. / SAUDI ARABIA / IRAN / AFGHANISTAN / PAKISTAN / IRAQ / MUSCAT AND OMAN / TURKEY / YEMEN / SYRIA,55.129,29.712,3079,middle east
N0549,N,3,1955-04-20,1954-05-01,1970-10-08,16,South Vietnam is on the map. It appeared on 1 May 1954.,The map still says Cambodia. The name changed to Khmer Republic on 9 October 1970.,CHINA / BURMA / THAILAND / INDIA / LAOS / CAMBODIA / NORTH VIETNAM / PAKISTAN,101.474,24.39,2821,southeast asia
N0550,N,3,1957-01-08,1956-01-01,1958-11-30,2,"The map says Sudan, a name in use from 1956.",The map still says Ubangi-Shari (Fr.). The name changed to Central African Republic (Fr.) on 1 December 1958.,BELGIAN CONGO / SUDAN / RHODESIA AND NYASALAND (BR.) / ETHIOPIA / TANGANYIKA (BR.) / CHAD (FR.) / ANGOLA (PORT.) / KENYA (BR.) / UBANGI-SHARI (FR.) / UGANDA (BR.) / SAUDI ARABIA,35.71,-1.451,4172,sub-saharan africa
N0551,N,3,1973-08-29,1970-10-09,1975-04-16,5,"The map says Khmer Republic, a name in use from 9 October 1970.",The map still says Khmer Republic. The name changed to Cambodia on 17 April 1975.,CHINA / THAILAND / BURMA / LAOS / KHMER REPUBLIC / NORTH VIETNAM,110.991,23.742,3135,southeast asia
N0552,N,3,1974-03-12,1962-07-05,1991-11-19,29,"Algeria is shown independent, which it became on 5 July 1962.",There is no Macedonia yet. It appeared on 20 November 1991.,LIBYA / ALGERIA / ITALY / YUGOSLAVIA / TUNISIA / GREECE / ROMANIA / BULGARIA / FRANCE,16.097,36.238,1972,balkans
N0553,N,3,1975-08-21,1970-08-09,1990-05-21,20,"The map says Oman, a name in use from 9 August 1970.",South Yemen is still on the map. It disappeared on 22 May 1990.,SAUDI ARABIA / ETHIOPIA / IRAN / SOMALIA / OMAN / SOUTH YEMEN / IRAQ / YEMEN,50.504,18.474,2706,middle east
N0554,N,3,1971-06-06,1966-07-01,1971-10-26,5,"The map says Congo (Kinshasa), a name in use from 1966.",The map still says Congo (Kinshasa). The name changed to Zaire on 27 October 1971.,CONGO (KINSHASA) / ANGOLA (PORT.) / NIGERIA / SUDAN / CHAD / CENTRAL AFRICAN REPUBLIC / NIGER / CAMEROON / ZAMBIA / GABON / MALI,14.624,0.636,3265,sub-saharan africa
N0555,N,3,1970-12-26,1967-06-10,1979-05-25,12,There is no West Bank. It disappeared on 10 June 1967.,The border between Israel and Egypt has not moved yet. It moved on 26 May 1979.,LIBYA / TURKEY / EGYPT / YUGOSLAVIA / ROMANIA / ITALY / U.S.S.R. / GREECE / BULGARIA / ISRAEL / HUNGARY / AUSTRIA,24.567,37.545,2057,balkans
N0556,N,3,1962-03-08,1961-12-09,1962-06-30,1,"Tanganyika is shown independent, which it became on 9 December 1961.",There is no Rwanda yet. It appeared on 1 July 1962.,CONGO (LÉOPOLDVILLE) / RHODESIA AND NYASALAND (BR.) / ANGOLA (PORT.) / TANGANYIKA / MOZAMBIQUE (PORT.) / CENTRAL AFRICAN REPUBLIC / KENYA (BR.) / SOUTH WEST AFRICA (S. AFR.) / SUDAN / ETHIOPIA / BECHUANALAND (BR.) / UGANDA (BR.),26.561,-7.007,3085,sub-saharan africa
N0557,N,3,1970-08-05,1950-10-02,1971-12-15,21,There is no Tibet. It disappeared on 2 October 1950.,There is no Bangladesh yet. It appeared on 16 December 1971.,U.S.S.R. / CHINA / INDIA / MONGOLIA / PAKISTAN / BURMA / AFGHANISTAN,83.436,37.464,3944,central asia
N0558,N,3,1968-02-26,1966-07-01,1971-10-26,5,"The map says Congo (Kinshasa), a name in use from 1966.",The map still says Congo (Kinshasa). The name changed to Zaire on 27 October 1971.,SUDAN / ETHIOPIA / CHAD / CONGO (KINSHASA) / CENTRAL AFRICAN REPUBLIC / EGYPT / LIBYA / KENYA / UGANDA,29.186,12.633,2294,sub-saharan africa
N0559,N,3,1974-10-05,1970-08-09,1990-05-21,20,"The map says Oman, a name in use from 9 August 1970.",South Yemen is still on the map. It disappeared on 22 May 1990.,SAUDI ARABIA / IRAN / IRAQ / SOUTH YEMEN / OMAN / ETHIOPIA / SUDAN / YEMEN / SYRIA / JORDAN,46.443,24.633,2247,middle east
N0560,N,3,1964-05-16,1962-07-05,1991-11-19,29,"Algeria is shown independent, which it became on 5 July 1962.",There is no Macedonia yet. It appeared on 20 November 1991.,ALGERIA / ITALY / YUGOSLAVIA / LIBYA / FRANCE / TUNISIA / ROMANIA / GREECE / HUNGARY / AUSTRIA,13.328,38.915,1752,balkans
N0561,N,3,1950-09-29,1943-05-13,1955-12-31,12,"Libya is shown independent, which it became on 13 May 1943.",The map still says Anglo-Egyptian Sudan. The name changed to Sudan in 1956.,LIBYA / EGYPT / ANGLO-EGYPTIAN SUDAN / TURKEY / NIGER (FR.) / CHAD (FR.) / ITALY / BULGARIA,21.18,30.294,2534,north africa
N0562,N,3,1956-08-14,1950-10-02,1971-12-15,21,There is no Tibet. It disappeared on 2 October 1950.,There is no Bangladesh yet. It appeared on 16 December 1971.,CHINA / INDIA / PAKISTAN / BURMA / U.S.S.R. / NEPAL / BHUTAN,84.785,28.832,2543,south asia
N0563,N,3,1958-10-31,1956-01-01,1962-04-03,6,"The map says Sudan, a name in use from 1956.",There is no Federation of South Arabia (Br.) yet. It appeared on 4 April 1962.,SAUDI ARABIA / IRAN / TURKEY / SUDAN / IRAQ / EGYPT / U.S.S.R. / MUSCAT AND OMAN / SYRIA / ETHIOPIA / YEMEN,44.91,27.522,2791,middle east
N0564,N,3,1968-07-16,1967-06-10,1979-05-25,12,There is no West Bank. It disappeared on 10 June 1967.,The border between Israel and Egypt has not moved yet. It moved on 26 May 1979.,TURKEY / ROMANIA / YUGOSLAVIA / U.S.S.R. / GREECE / LIBYA / BULGARIA / HUNGARY / EGYPT / ISRAEL,26.435,39.325,1766,middle east
N0565,N,3,1959-09-06,1956-01-01,1960-06-30,4,"The map says Sudan, a name in use from 1956.",There is no Somalia yet. It appeared on 1 July 1960.,SAUDI ARABIA / SUDAN / ETHIOPIA / EGYPT / IRAN / BRITISH SOMALILAND / IRAQ / YEMEN,42.481,19.415,2497,middle east
N0566,N,3,1975-01-05,1970-08-09,1990-05-21,20,"The map says Oman, a name in use from 9 August 1970.",South Yemen still holds this area. It passed to Yemen on 22 May 1990.,IRAN / SAUDI ARABIA / AFGHANISTAN / PAKISTAN / OMAN / SOUTH YEMEN / U.S.S.R.,58.204,26.22,2271,middle east
N0567,N,3,1950-06-19,1941-05-19,1952-09-14,11,"Eritrea is shown independent, which it became on 19 May 1941.",Eritrea is still on the map. It disappeared on 15 September 1952.,ANGLO-EGYPTIAN SUDAN / ETHIOPIA / SAUDI ARABIA / ITALIAN SOMALILAND / KENYA (BR.) / UGANDA (BR.) / EGYPT / BRITISH SOMALILAND / YEMEN / ERITREA,41.134,12.014,2540,sub-saharan africa
N0568,N,3,1958-01-12,1950-10-02,1971-12-15,21,There is no Tibet. It disappeared on 2 October 1950.,There is no Bangladesh yet. It appeared on 16 December 1971.,INDIA / CHINA / PAKISTAN / U.S.S.R. / AFGHANISTAN / NEPAL,78.631,30.757,2346,south asia
N0569,N,3,1950-12-22,1943-05-13,1955-12-31,12,"Libya is shown independent, which it became on 13 May 1943.",Tunisia is still marked French. It became independent in 1956.,LIBYA / ITALY / YUGOSLAVIA / ALGERIA (FR.) / ROMANIA / TUNISIA (FR.) / GREECE / FRANCE / BULGARIA / HUNGARY / AUSTRIA,15.63,38.706,1813,balkans
N0570,N,3,1962-02-17,1956-04-07,1962-07-04,6,There is no Spanish Morocco. It disappeared on 7 April 1956.,Algeria is still marked French. It became independent on 5 July 1962.,U.S.S.R. / FRANCE / TURKEY / SPAIN / FINLAND / POLAND / ITALY / ROMANIA / ALGERIA (FR.),15.187,53.859,3674,west-central europe
N0571,N,3,1970-04-03,1967-06-10,1979-05-25,12,There is no West Bank. It disappeared on 10 June 1967.,The border between Israel and Egypt has not moved yet. It moved on 26 May 1979.,TURKEY / EGYPT / LIBYA / SAUDI ARABIA / SYRIA / GREECE / YUGOSLAVIA / BULGARIA / JORDAN / ISRAEL / ROMANIA / U.S.S.R.,29.693,36.333,1814,balkans
N0572,N,3,1968-07-16,1967-06-10,1979-05-25,12,There is no West Bank. It disappeared on 10 June 1967.,The border between Israel and Egypt has not moved yet. It moved on 26 May 1979.,SAUDI ARABIA / EGYPT / TURKEY / IRAQ / IRAN / SUDAN / SYRIA / U.S.S.R. / JORDAN / ISRAEL,37.83,30.716,2223,middle east
N0573,N,3,1953-12-03,1948-05-14,1955-12-31,7,West Bank is on the map. It appeared on 14 May 1948.,The map still says Anglo-Egyptian Sudan. The name changed to Sudan in 1956.,LIBYA / EGYPT / TURKEY / ANGLO-EGYPTIAN SUDAN / CHAD (FR.) / ITALY / BULGARIA,24.521,32.034,2351,north africa
N0574,N,3,1968-08-19,1966-07-01,1971-10-26,5,"The map says Congo (Kinshasa), a name in use from 1966.",The map still says Congo (Kinshasa). The name changed to Zaire on 27 October 1971.,CONGO (KINSHASA) / SUDAN / ANGOLA (PORT.) / NIGERIA / CENTRAL AFRICAN REPUBLIC / CHAD / ZAMBIA / CAMEROON / GABON / NIGER,18.969,-0.109,2990,sub-saharan africa
N0575,N,3,1969-08-31,1962-07-05,1984-08-03,22,"Algeria is shown independent, which it became on 5 July 1962.",The map still says Upper Volta. The name changed to Burkina Faso on 4 August 1984.,ALGERIA / NIGER / LIBYA / CHAD / MALI / NIGERIA / UPPER VOLTA / GHANA / MOROCCO / TUNISIA,7.746,20.527,2725,north africa
N0576,N,3,1954-01-05,1950-10-02,1971-12-15,21,There is no Tibet. It disappeared on 2 October 1950.,There is no Bangladesh yet. It appeared on 16 December 1971.,U.S.S.R. / CHINA / INDIA / MONGOLIA / PAKISTAN / BURMA / AFGHANISTAN / THAILAND,84.937,35.247,4545,south asia
N0577,N,3,1969-06-26,1966-07-01,1971-10-26,5,"The map says Congo (Kinshasa), a name in use from 1966.",The map still says Congo (Kinshasa). The name changed to Zaire on 27 October 1971.,CHAD / NIGER / LIBYA / ALGERIA / NIGERIA / CENTRAL AFRICAN REPUBLIC / CAMEROON / SUDAN / MALI / CONGO (KINSHASA),12.447,15.178,2808,north africa
N0578,N,3,1971-10-12,1970-10-09,1975-04-16,5,"The map says Khmer Republic, a name in use from 9 October 1970.",The map still says Khmer Republic. The name changed to Cambodia on 17 April 1975.,CHINA / BURMA / THAILAND / LAOS / INDIA / KHMER REPUBLIC / NORTH VIETNAM,104.765,23.251,2416,east asia
N0579,N,3,1958-12-31,1954-05-01,1971-12-15,17,"Laos is shown independent, which it became on 1 May 1954.",There is no Bangladesh yet. It appeared on 16 December 1971.,CHINA / INDIA / BURMA / THAILAND / PAKISTAN / LAOS / NEPAL,89.577,24.683,3230,south asia
N0580,N,3,1961-11-05,1960-08-13,1961-12-08,1,"Central African Republic is shown independent, which it became on 13 August 1960.",Tanganyika is still marked British. It became independent on 9 December 1961.,CONGO (LÉOPOLDVILLE) / TANGANYIKA (BR.) / SUDAN / KENYA (BR.) / CENTRAL AFRICAN REPUBLIC / RHODESIA AND NYASALAND (BR.) / ETHIOPIA / ANGOLA (PORT.) / UGANDA (BR.) / MOZAMBIQUE (PORT.),29.077,-1.607,2294,sub-saharan africa
N0581,N,3,1962-04-18,1961-10-01,1962-07-04,1,There is no British Cameroons. It disappeared on 1 October 1961.,Algeria is still marked French. It became independent on 5 July 1962.,ALGERIA (FR.) / LIBYA / CHAD / NIGER / MALI / NIGERIA / CENTRAL AFRICAN REPUBLIC / CAMEROON / UPPER VOLTA / GHANA / IVORY COAST / GABON,8.678,15.781,3261,north africa
N0582,N,3,1962-12-17,1954-05-01,1970-10-08,16,South Vietnam is on the map. It appeared on 1 May 1954.,The map still says Cambodia. The name changed to Khmer Republic on 9 October 1970.,CHINA / THAILAND / LAOS / CAMBODIA / NORTH VIETNAM,110.792,23.743,2599,southeast asia
N0583,N,3,1954-12-15,1947-08-15,1970-08-08,23,Pakistan is on the map. It appeared on 15 August 1947.,The map still says Muscat and Oman. The name changed to Oman on 9 August 1970.,IRAN / PAKISTAN / AFGHANISTAN / SAUDI ARABIA / MUSCAT AND OMAN / INDIA,60.246,23.969,2281,south asia
N0584,N,3,1971-09-02,1962-07-05,1975-11-13,13,"Algeria is shown independent, which it became on 5 July 1962.",Spanish Sahara is still on the map. It disappeared on 14 November 1975.,ALGERIA / MAURITANIA / MALI / MOROCCO / SPAIN / SPANISH SAHARA,-5.493,29.455,2526,north africa
N0585,N,3,1946-11-26,1946-01-01,1947-08-14,1,"Syria is shown independent, which it became in 1946.",There is no Pakistan yet. It appeared on 15 August 1947.,U.S.S.R. / SAUDI ARABIA / IRAN / ANGLO-EGYPTIAN SUDAN / EGYPT / TURKEY / INDIA (BR.) / AFGHANISTAN / ETHIOPIA / IRAQ / ROMANIA / SYRIA,47.944,30.275,4407,middle east
N0586,N,3,1965-06-25,1964-10-29,1966-06-30,2,"The map says Tanzania, a name in use from 29 October 1964.",The map still says Congo (Léopoldville). The name changed to Congo (Kinshasa) in 1966.,CONGO (LÉOPOLDVILLE) / SUDAN / CHAD / CENTRAL AFRICAN REPUBLIC / TANZANIA / UGANDA / NIGER,24.146,5.418,2541,sub-saharan africa
N0587,N,3,1959-04-10,1956-04-07,1962-07-04,6,There is no Spanish Morocco. It disappeared on 7 April 1956.,Algeria is still marked French. It became independent on 5 July 1962.,U.S.S.R. / ALGERIA (FR.) / LIBYA / EGYPT / FRANCE / SPAIN / TURKEY / MOROCCO / POLAND / ITALY / ROMANIA,10.964,43.891,4232,west-central europe
N0588,N,3,1973-05-28,1971-10-27,1975-06-24,4,"The map says Zaire, a name in use from 27 October 1971.",Mozambique is still marked Portuguese. It became independent on 25 June 1975.,ZAIRE / TANZANIA / MOZAMBIQUE (PORT.) / ZAMBIA / SOUTH AFRICA / BOTSWANA / ANGOLA (PORT.) / RHODESIA,31.06,-16.398,2683,sub-saharan africa
N0589,N,3,1966-08-23,1963-09-16,1970-10-08,7,There is no North Borneo (Br.). It disappeared on 16 September 1963.,The map still says Cambodia. The name changed to Khmer Republic on 9 October 1970.,CHINA / BURMA / THAILAND / LAOS / CAMBODIA / INDIA / NORTH VIETNAM,108.747,20.364,3202,east asia
N0590,N,3,1952-09-20,1944-07-05,1956-03-01,12,"The border between French Sudan and Mauritania (Fr.) is already in its new place, set on 5 July 1944.",Morocco is still marked French. It became independent on 2 March 1956.,ALGERIA (FR.) / MAURITANIA (FR.) / SPAIN / FRENCH SUDAN / MOROCCO (FR.) / SPANISH WEST AFRICA / FRANCE / NIGER (FR.),-3.356,31.99,2637,north africa
N0591,N,3,1969-03-28,1954-05-01,1975-04-30,21,"Laos is shown independent, which it became on 1 May 1954.",The map still says North Vietnam. The name changed to Vietnam on 1 May 1975.,CHINA / BURMA / MONGOLIA / INDIA / LAOS / NORTH VIETNAM / THAILAND,105.965,30.57,2658,east asia
N0592,N,3,1957-02-13,1956-01-01,1960-08-10,4,"The map says Sudan, a name in use from 1956.",Chad is still marked French. It became independent on 11 August 1960.,SUDAN / EGYPT / SAUDI ARABIA / LIBYA / IRAQ / SYRIA / ETHIOPIA / CHAD (FR.) / JORDAN,32.308,25.159,2294,north africa
N0593,N,3,1968-12-27,1962-07-05,1975-11-13,13,"Algeria is shown independent, which it became on 5 July 1962.",Spanish Sahara is still on the map. It disappeared on 14 November 1975.,MALI / ALGERIA / MAURITANIA / IVORY COAST / UPPER VOLTA / SPANISH SAHARA / GUINEA / GHANA / SENEGAL / NIGER / LIBERIA / SIERRA LEONE,-8.428,16.788,2712,north africa
N0594,N,3,1958-08-30,1958-04-10,1962-07-04,4,There is no Tarfaya (Sp.). It disappeared on 10 April 1958.,Algeria is still marked French. It became independent on 5 July 1962.,ALGERIA (FR.) / LIBYA / U.S.S.R. / FRANCE / SPAIN / MOROCCO / POLAND / ITALY / ROMANIA,2.177,45.234,3961,west-central europe
N0595,N,3,1968-04-15,1962-07-05,1975-11-13,13,"Algeria is shown independent, which it became on 5 July 1962.",Spanish Sahara is still on the map. It disappeared on 14 November 1975.,MAURITANIA / MALI / ALGERIA / MOROCCO / SPANISH SAHARA / SENEGAL,-12.346,24.899,2243,north africa
N0596,N,3,1964-03-21,1962-07-05,1984-08-03,22,"Algeria is shown independent, which it became on 5 July 1962.",The map still says Upper Volta. The name changed to Burkina Faso on 4 August 1984.,NIGER / MALI / NIGERIA / MAURITANIA / CAMEROON / ALGERIA / IVORY COAST / UPPER VOLTA / GABON / GHANA / GUINEA,2.236,9.141,2884,sub-saharan africa
N0597,N,3,1953-06-05,1950-10-02,1971-12-15,21,"China holds this area, which passed to it from Tibet on 2 October 1950.",There is no Bangladesh yet. It appeared on 16 December 1971.,INDIA / CHINA / PAKISTAN / NEPAL / BHUTAN,82.078,21.171,2261,south asia
N0598,N,3,1975-04-22,1967-11-30,1990-05-21,23,"South Yemen holds this area, which passed to it from Federation of South Arabia (Br.) on 30 November 1967.",South Yemen is still on the map. It disappeared on 22 May 1990.,ETHIOPIA / SUDAN / TANZANIA / SOMALIA / KENYA / SOUTH YEMEN / UGANDA / YEMEN / SAUDI ARABIA,42.168,4.862,2706,sub-saharan africa
N0599,N,3,1950-05-04,1943-05-13,1952-09-14,9,"Libya is shown independent, which it became on 13 May 1943.",Eritrea is still on the map. It disappeared on 15 September 1952.,ANGLO-EGYPTIAN SUDAN / ETHIOPIA / EGYPT / SAUDI ARABIA / LIBYA / UBANGI-SHARI (FR.) / CHAD (FR.) / ERITREA,31.976,16.283,2360,north africa
N0600,N,3,1953-02-19,1952-09-15,1955-12-31,3,There is no Eritrea. It disappeared on 15 September 1952.,The map still says Anglo-Egyptian Sudan. The name changed to Sudan in 1956.,ANGLO-EGYPTIAN SUDAN / LIBYA / CHAD (FR.) / SAUDI ARABIA / EGYPT / TURKEY / ETHIOPIA / IRAQ / NIGER (FR.) / SYRIA / U.S.S.R. / IRAN,28.265,26.309,3442,middle east
N0601,N,3,1956-04-18,1954-05-01,1971-12-15,17,South Vietnam is on the map. It appeared on 1 May 1954.,There is no Bangladesh yet. It appeared on 16 December 1971.,CHINA / INDIA / PAKISTAN / U.S.S.R. / BURMA / AFGHANISTAN / THAILAND / LAOS,85.026,17.837,4969,south asia
N0602,N,3,1951-01-18,1943-05-13,1955-12-31,12,"Libya is shown independent, which it became on 13 May 1943.",The map still says Anglo-Egyptian Sudan. The name changed to Sudan in 1956.,ANGLO-EGYPTIAN SUDAN / BELGIAN CONGO / CHAD (FR.) / NIGER (FR.) / UBANGI-SHARI (FR.) / NIGERIA (BR.) / FRENCH CAMEROONS / MIDDLE CONGO (FR.) / GABON (FR.) / LIBYA / EGYPT,19.672,8.903,2856,sub-saharan africa
N0603,N,3,1963-04-11,1962-10-09,1963-12-11,1,"Uganda is shown independent, which it became on 9 October 1962.",Kenya is still marked British. It became independent on 12 December 1963.,SUDAN / CONGO (LÉOPOLDVILLE) / ETHIOPIA / TANGANYIKA / SOMALIA / KENYA (BR.) / SAUDI ARABIA / UGANDA / YEMEN,37.161,4.175,3303,sub-saharan africa
N0604,N,3,1965-06-21,1962-07-05,1975-11-13,13,"Algeria is shown independent, which it became on 5 July 1962.",Spanish Sahara is still on the map. It disappeared on 14 November 1975.,ALGERIA / MAURITANIA / MALI / NIGER / MOROCCO / SPAIN / SPANISH SAHARA / TUNISIA,-3.405,28.503,2743,north africa
N0605,N,3,1948-09-29,1947-08-15,1962-04-03,15,Pakistan is on the map. It appeared on 15 August 1947.,There is no Federation of South Arabia (Br.) yet. It appeared on 4 April 1962.,IRAN / SAUDI ARABIA / PAKISTAN / AFGHANISTAN / U.S.S.R. / MUSCAT AND OMAN / IRAQ / INDIA,57.975,26.004,2716,middle east
N0606,N,3,1959-01-11,1956-04-07,1962-07-04,6,There is no Spanish Morocco. It disappeared on 7 April 1956.,Algeria is still marked French. It became independent on 5 July 1962.,U.S.S.R. / ALGERIA (FR.) / FRANCE / LIBYA / SPAIN / MOROCCO / POLAND / ITALY / YUGOSLAVIA / ROMANIA / FINLAND,9.52,46.783,3521,west-central europe
N0607,N,3,1966-04-17,1954-05-01,1970-10-08,16,South Vietnam is on the map. It appeared on 1 May 1954.,The map still says Cambodia. The name changed to Khmer Republic on 9 October 1970.,CHINA / INDIA / BURMA / THAILAND / LAOS / CAMBODIA / NORTH VIETNAM / NEPAL,96.179,24.433,2615,southeast asia
N0608,N,3,1975-08-14,1971-10-27,1990-05-21,19,"The map says Zaire, a name in use from 27 October 1971.",South Yemen is still on the map. It disappeared on 22 May 1990.,SUDAN / ETHIOPIA / SAUDI ARABIA / TANZANIA / SOMALIA / KENYA / ZAIRE / SOUTH YEMEN / UGANDA / YEMEN,40.574,7.177,3010,sub-saharan africa
N0609,N,3,1970-08-09,1950-10-02,1971-12-15,21,There is no Tibet. It disappeared on 2 October 1950.,There is no Bangladesh yet. It appeared on 16 December 1971.,U.S.S.R. / CHINA / INDIA / MONGOLIA / PAKISTAN / IRAN / AFGHANISTAN / BURMA,77.596,42.121,4325,central asia
N0610,N,3,1965-10-25,1964-10-29,1966-06-30,2,"The map says Tanzania, a name in use from 29 October 1964.",The map still says Congo (Léopoldville). The name changed to Congo (Kinshasa) in 1966.,SUDAN / CONGO (LÉOPOLDVILLE) / CHAD / LIBYA / ETHIOPIA / SAUDI ARABIA / EGYPT / CENTRAL AFRICAN REPUBLIC / KENYA / NIGER / UGANDA / TANZANIA,28.588,13.068,3373,middle east
N0611,N,3,1964-02-15,1950-10-02,1971-12-15,21,There is no Tibet. It disappeared on 2 October 1950.,There is no Bangladesh yet. It appeared on 16 December 1971.,INDIA / CHINA / PAKISTAN / BURMA / NEPAL / BHUTAN,84.794,25.146,2247,south asia
N0612,N,3,1948-10-19,1943-05-13,1955-12-31,12,"Libya is shown independent, which it became on 13 May 1943.",Tunisia is still marked French. It became independent in 1956.,LIBYA / ALGERIA (FR.) / ITALY / YUGOSLAVIA / TUNISIA (FR.) / GREECE / BULGARIA / ROMANIA / FRANCE,16.06,36.42,1912,balkans
N0613,N,3,1973-03-17,1962-07-05,1991-11-19,29,"Algeria is shown independent, which it became on 5 July 1962.",There is no Macedonia yet. It appeared on 20 November 1991.,ALGERIA / LIBYA / SPAIN / MALI / NIGER / MOROCCO / ITALY / FRANCE / TUNISIA / CHAD / YUGOSLAVIA,6.695,32.39,2537,north africa
N0614,N,3,1949-11-10,1947-08-15,1962-04-03,15,Pakistan is on the map. It appeared on 15 August 1947.,There is no Federation of South Arabia (Br.) yet. It appeared on 4 April 1962.,IRAN / SAUDI ARABIA / U.S.S.R. / AFGHANISTAN / PAKISTAN / IRAQ / MUSCAT AND OMAN / TURKEY / YEMEN,55.381,28.678,2984,middle east
N0615,N,3,1954-04-29,1949-01-05,1970-08-08,21,There is no Azad Kashmir. It disappeared on 5 January 1949.,The map still says Muscat and Oman. The name changed to Oman on 9 August 1970.,U.S.S.R. / IRAN / PAKISTAN / AFGHANISTAN / INDIA / SAUDI ARABIA / MUSCAT AND OMAN,61.968,32.589,2464,south asia
N0616,N,3,1966-10-31,1962-04-04,1970-08-08,8,Federation of South Arabia (Br.) is on the map. It appeared on 4 April 1962.,The map still says Muscat and Oman. The name changed to Oman on 9 August 1970.,IRAN / SAUDI ARABIA / PAKISTAN / AFGHANISTAN / MUSCAT AND OMAN / IRAQ / SOMALIA,57.369,22.19,2608,middle east
N0617,N,3,1955-05-14,1952-09-15,1955-12-31,3,There is no Eritrea. It disappeared on 15 September 1952.,The map still says Anglo-Egyptian Sudan. The name changed to Sudan in 1956.,U.S.S.R. / ANGLO-EGYPTIAN SUDAN / SAUDI ARABIA / IRAN / ETHIOPIA / EGYPT / TURKEY / IRAQ / BELGIAN CONGO / SYRIA,44.764,25.241,4572,middle east
N0618,N,3,1959-04-09,1956-01-01,1962-04-03,6,"The map says Sudan, a name in use from 1956.",There is no Federation of South Arabia (Br.) yet. It appeared on 4 April 1962.,SAUDI ARABIA / SUDAN / EGYPT / IRAN / TURKEY / U.S.S.R. / IRAQ / ETHIOPIA / SYRIA / YEMEN / BULGARIA,39.106,28.691,3219,middle east
N0619,N,3,1975-01-18,1971-10-27,1975-11-10,4,"The map says Zaire, a name in use from 27 October 1971.",Angola is still marked Portuguese. It became independent on 11 November 1975.,ZAIRE / SUDAN / CHAD / NIGER / NIGERIA / ANGOLA (PORT.) / CENTRAL AFRICAN REPUBLIC / CAMEROON / CONGO / MALI / GABON,14.647,3.905,3378,sub-saharan africa
N0620,N,3,1954-11-09,1952-09-15,1960-06-30,8,There is no Eritrea. It disappeared on 15 September 1952.,There is no Somalia yet. It appeared on 1 July 1960.,SAUDI ARABIA / IRAN / ETHIOPIA / IRAQ / TURKEY / EGYPT / U.S.S.R. / SYRIA / BRITISH SOMALILAND / YEMEN,48.503,22.708,3407,middle east
N0621,N,3,1973-08-13,1970-08-09,1991-08-31,21,"The map says Oman, a name in use from 9 August 1970.",There is no Uzbekistan yet. It appeared on 1 September 1991.,INDIA / IRAN / PAKISTAN / AFGHANISTAN / U.S.S.R. / OMAN / CHINA,65.973,26.876,2576,south asia
N0622,N,3,1958-05-01,1956-01-01,1960-08-02,4,"The map says Sudan, a name in use from 1956.",Niger is still marked French. It became independent on 3 August 1960.,LIBYA / ALGERIA (FR.) / EGYPT / NIGER (FR.) / CHAD (FR.) / TURKEY / SUDAN / ITALY / TUNISIA / YUGOSLAVIA / BULGARIA,17.398,31.635,2587,north africa
N0623,N,3,1970-05-22,1967-11-30,1990-05-21,23,"South Yemen holds this area, which passed to it from Federation of South Arabia (Br.) on 30 November 1967.",South Yemen is still on the map. It disappeared on 22 May 1990.,U.S.S.R. / SAUDI ARABIA / IRAN / PAKISTAN / AFGHANISTAN / TURKEY / IRAQ / INDIA / SOUTH YEMEN / SYRIA / YEMEN,55.471,31.401,3661,middle east
N0624,N,3,1961-09-24,1960-07-01,1962-04-03,2,Somalia is on the map. It appeared on 1 July 1960.,There is no Federation of South Arabia (Br.) yet. It appeared on 4 April 1962.,U.S.S.R. / INDIA / CHINA / IRAN / SAUDI ARABIA / PAKISTAN / AFGHANISTAN / SOMALIA / IRAQ / TURKEY,63.087,24.368,4555,south asia
N0625,N,3,1973-01-17,1967-06-10,1979-05-25,12,There is no West Bank. It disappeared on 10 June 1967.,The border between Israel and Egypt has not moved yet. It moved on 26 May 1979.,EGYPT / TURKEY / SAUDI ARABIA / LIBYA / SYRIA / GREECE / IRAQ / JORDAN / ISRAEL / BULGARIA,31.805,33.264,1934,middle east
N0626,N,3,1969-01-15,1966-07-01,1971-10-26,5,"The map says Congo (Kinshasa), a name in use from 1966.",The map still says Congo (Kinshasa). The name changed to Zaire on 27 October 1971.,CONGO (KINSHASA) / CHAD / NIGERIA / NIGER / SUDAN / CENTRAL AFRICAN REPUBLIC / CAMEROON / GABON / ANGOLA (PORT.),15.671,5.769,2805,sub-saharan africa
N0627,N,3,1949-09-29,1947-01-04,1956-03-01,9,Upper Volta (Fr.) is on the map. It appeared on 4 January 1947.,Morocco is still marked French. It became independent on 2 March 1956.,ALGERIA (FR.) / NIGER (FR.) / LIBYA / FRENCH SUDAN / CHAD (FR.) / NIGERIA (BR.) / UPPER VOLTA (FR.) / MOROCCO (FR.) / SPAIN,6.903,24.7,2729,north africa
N0628,N,3,1971-07-08,1966-07-01,1971-10-26,5,"The map says Congo (Kinshasa), a name in use from 1966.",The map still says Congo (Kinshasa). The name changed to Zaire on 27 October 1971.,CONGO (KINSHASA) / ETHIOPIA / TANZANIA / SUDAN / KENYA / SOMALIA / ZAMBIA / UGANDA / MOZAMBIQUE (PORT.),36.158,-1.292,2673,sub-saharan africa
N0629,N,3,1955-01-09,1952-09-15,1955-12-31,3,There is no Eritrea. It disappeared on 15 September 1952.,The map still says Anglo-Egyptian Sudan. The name changed to Sudan in 1956.,ANGLO-EGYPTIAN SUDAN / ETHIOPIA / SAUDI ARABIA / EGYPT / BELGIAN CONGO / ITALIAN SOMALILAND / KENYA (BR.) / YEMEN,35.593,15.2,2534,middle east
N0630,N,3,1953-10-23,1947-01-04,1956-03-01,9,Upper Volta (Fr.) is on the map. It appeared on 4 January 1947.,Morocco is still marked French. It became independent on 2 March 1956.,ALGERIA (FR.) / FRENCH SUDAN / MAURITANIA (FR.) / IVORY COAST (FR.) / MOROCCO (FR.) / UPPER VOLTA (FR.) / FRENCH GUINEA / SENEGAL (FR.) / NIGER (FR.),-8.589,19.535,2784,north africa
N0631,N,3,1960-06-12,1956-04-07,1960-08-02,4,There is no Spanish Morocco. It disappeared on 7 April 1956.,Niger is still marked French. It became independent on 3 August 1960.,ALGERIA (FR.) / LIBYA / NIGER (FR.) / CHAD (FR.) / FRENCH SUDAN / NIGERIA (BR.) / SUDAN / SPAIN,11.866,25.33,2938,north africa
N0632,N,3,1970-06-10,1954-05-01,1975-04-30,21,"North Vietnam holds this area, which passed to it from Annam (Fr.) on 1 May 1954.",The map still says North Vietnam. The name changed to Vietnam on 1 May 1975.,CHINA / INDIA / BURMA / MONGOLIA / NEPAL / NORTH VIETNAM / LAOS / BHUTAN,94.371,32.007,2632,south asia
N0633,N,3,1959-08-26,1954-05-01,1971-12-15,17,North Vietnam is on the map. It appeared on 1 May 1954.,There is no Bangladesh yet. It appeared on 16 December 1971.,CHINA / INDIA / MONGOLIA / U.S.S.R. / BURMA / THAILAND / LAOS,94.727,30.156,4205,south asia
N0634,N,3,1954-04-16,1952-09-15,1955-12-31,3,There is no Eritrea. It disappeared on 15 September 1952.,The map still says Anglo-Egyptian Sudan. The name changed to Sudan in 1956.,SAUDI ARABIA / ANGLO-EGYPTIAN SUDAN / ETHIOPIA / EGYPT / KENYA (BR.) / IRAN / UGANDA (BR.) / TANGANYIKA (BR.) / YEMEN / IRAQ,43.793,13.432,3451,middle east
N0635,N,3,1949-09-16,1949-01-05,1950-10-01,1,There is no Jammu and Kashmir. It disappeared on 5 January 1949.,Tibet is still on the map. It disappeared on 2 October 1950.,INDIA / U.S.S.R. / CHINA / IRAN / TIBET / PAKISTAN / AFGHANISTAN / SAUDI ARABIA,71.317,23.123,4556,south asia
N0636,N,3,1966-12-22,1966-07-01,1971-10-26,5,"The map says Congo (Kinshasa), a name in use from 1966.",The map still says Congo (Kinshasa). The name changed to Zaire on 27 October 1971.,SUDAN / CONGO (KINSHASA) / ETHIOPIA / TANZANIA / CHAD / ZAMBIA / SOMALIA / ANGOLA (PORT.) / KENYA / CENTRAL AFRICAN REPUBLIC / SAUDI ARABIA / UGANDA,34.865,1.882,3816,sub-saharan africa
N0637,N,3,1957-10-24,1950-10-02,1962-04-03,12,There is no Tibet. It disappeared on 2 October 1950.,There is no Federation of South Arabia (Br.) yet. It appeared on 4 April 1962.,U.S.S.R. / INDIA / CHINA / IRAN / SAUDI ARABIA / PAKISTAN / AFGHANISTAN / IRAQ,66.472,35.211,4441,south asia
N0638,N,3,1971-12-21,1965-11-11,1975-06-24,10,"Rhodesia is shown independent, which it became on 11 November 1965.",Mozambique is still marked Portuguese. It became independent on 25 June 1975.,TANZANIA / MOZAMBIQUE (PORT.) / KENYA / MALAGASY REPUBLIC / ZAMBIA / SOMALIA / RHODESIA / ETHIOPIA / UGANDA / SUDAN,41.922,-8.266,2901,sub-saharan africa
N0639,N,3,1958-04-22,1958-04-10,1960-08-02,2,There is no Tarfaya (Sp.). It disappeared on 10 April 1958.,Niger is still marked French. It became independent on 3 August 1960.,ALGERIA (FR.) / NIGER (FR.) / FRENCH SUDAN / NIGERIA (BR.) / LIBYA / IVORY COAST (FR.) / UPPER VOLTA (FR.) / GHANA / MOROCCO,3.487,18.307,2558,north africa
N0640,N,3,1953-10-18,1950-10-02,1954-04-30,4,There is no Tibet. It disappeared on 2 October 1950.,Laos is still marked French. It became independent on 1 May 1954.,CHINA / INDIA / BURMA / THAILAND / LAOS (FR.) / NEPAL / PAKISTAN / BHUTAN,92.797,24.536,2575,southeast asia
N0641,N,3,1969-05-05,1966-09-30,1971-10-26,5,"The map says Botswana, a name in use from 30 September 1966.",The map still says Congo (Kinshasa). The name changed to Zaire on 27 October 1971.,CONGO (KINSHASA) / ANGOLA (PORT.) / SOUTH AFRICA / SOUTH WEST AFRICA (S. AFR.) / BOTSWANA / ZAMBIA / GABON,13.846,-16.672,3143,sub-saharan africa
N0642,N,3,1949-04-01,1948-01-04,1949-05-10,1,"Burma is shown independent, which it became on 4 January 1948.",The map still says Siam. The name changed to Thailand on 11 May 1949.,CHINA / U.S.S.R. / MONGOLIA / TIBET / BURMA / SIAM,116.344,37.096,4553,east asia
N0643,N,3,1951-12-23,1943-05-13,1960-08-02,17,"Libya is shown independent, which it became on 13 May 1943.",Niger is still marked French. It became independent on 3 August 1960.,LIBYA / ALGERIA (FR.) / EGYPT / ITALY / TURKEY / YUGOSLAVIA / NIGER (FR.) / CHAD (FR.) / BULGARIA / ROMANIA / FRANCE,17.553,33.102,2525,north africa
N0644,N,3,1961-10-17,1960-11-28,1962-07-04,2,"Mauritania is shown independent, which it became on 28 November 1960.",Algeria is still marked French. It became independent on 5 July 1962.,ALGERIA (FR.) / MAURITANIA / SPAIN / MALI / MOROCCO / SPANISH SAHARA / FRANCE,-9.504,31.354,2588,north africa
N0645,N,3,1961-12-08,1960-11-28,1962-07-04,2,"Mauritania is shown independent, which it became on 28 November 1960.",Algeria is still marked French. It became independent on 5 July 1962.,ALGERIA (FR.) / MAURITANIA / SPAIN / MALI / MOROCCO / SPANISH SAHARA,-5.931,31.104,2463,north africa
N0646,N,3,1970-10-09,1962-07-05,1991-11-19,29,"Algeria is shown independent, which it became on 5 July 1962.",There is no Macedonia yet. It appeared on 20 November 1991.,ALGERIA / LIBYA / NIGER / CHAD / SUDAN / EGYPT / TURKEY / SPAIN / MALI / YUGOSLAVIA / FRANCE,15.12,29.344,3200,north africa
N0647,N,3,1970-11-21,1970-08-09,1971-12-15,1,"The map says Oman, a name in use from 9 August 1970.",There is no Bangladesh yet. It appeared on 16 December 1971.,U.S.S.R. / INDIA / CHINA / IRAN / PAKISTAN / AFGHANISTAN / SAUDI ARABIA / OMAN / NEPAL,69.465,28.096,4067,south asia
N0648,N,3,1953-03-01,1945-05-08,1956-03-01,11,Germany (Soviet Zone) is on the map. It appeared on 8 May 1945.,Morocco is still marked French. It became independent on 2 March 1956.,U.S.S.R. / ALGERIA (FR.) / FRANCE / SPAIN / MOROCCO (FR.) / POLAND / ITALY / LIBYA / FINLAND / YUGOSLAVIA / ROMANIA,7.266,49.308,3680,west-central europe
N0649,N,3,1972-07-02,1971-10-27,1993-05-23,22,"The map says Zaire, a name in use from 27 October 1971.",There is no Eritrea yet. It appeared on 24 May 1993.,SUDAN / ETHIOPIA / ZAIRE / KENYA / UGANDA / TANZANIA,32.985,8.592,2254,sub-saharan africa
N0650,N,3,1954-06-01,1953-08-01,1955-12-31,2,Rhodesia and Nyasaland (Br.) is on the map. It appeared on 1 August 1953.,The map still says Anglo-Egyptian Sudan. The name changed to Sudan in 1956.,BELGIAN CONGO / RHODESIA AND NYASALAND (BR.) / ETHIOPIA / ANGLO-EGYPTIAN SUDAN / TANGANYIKA (BR.) / UNION OF SOUTH AFRICA / KENYA (BR.),40.767,-9.266,4325,sub-saharan africa
N0651,N,3,1961-12-24,1945-05-08,1962-07-04,17,Germany (Soviet Zone) is on the map. It appeared on 8 May 1945.,Algeria is still marked French. It became independent on 5 July 1962.,U.S.S.R. / TURKEY / FRANCE / ALGERIA (FR.) / POLAND / ITALY / LIBYA / ROMANIA / FINLAND / NORWAY,20.471,47.933,3456,eastern europe
N0652,N,3,1947-06-02,1946-01-01,1955-12-31,9,"Syria is shown independent, which it became in 1946.",The map still says Anglo-Egyptian Sudan. The name changed to Sudan in 1956.,LIBYA / EGYPT / TURKEY / SAUDI ARABIA / ANGLO-EGYPTIAN SUDAN / CHAD (FR.) / IRAQ / SYRIA / U.S.S.R. / YUGOSLAVIA / BULGARIA,29.374,31.244,2666,north africa
N0653,N,3,1972-10-25,1971-10-27,1975-06-24,4,"The map says Zaire, a name in use from 27 October 1971.",Mozambique is still marked Portuguese. It became independent on 25 June 1975.,ZAIRE / TANZANIA / MOZAMBIQUE (PORT.) / ZAMBIA / RHODESIA / BOTSWANA / KENYA / SOUTH AFRICA / UGANDA,33.761,-12.063,2463,sub-saharan africa
N0654,N,3,1961-05-27,1960-07-01,1962-04-03,2,Somalia is on the map. It appeared on 1 July 1960.,There is no Federation of South Arabia (Br.) yet. It appeared on 4 April 1962.,SAUDI ARABIA / ETHIOPIA / SOMALIA / KENYA (BR.) / SUDAN / MUSCAT AND OMAN / IRAN / YEMEN,48.215,13.035,3029,middle east
N0655,N,3,1974-01-22,1970-08-09,1991-08-31,21,"The map says Oman, a name in use from 9 August 1970.",There is no Uzbekistan yet. It appeared on 1 September 1991.,IRAN / U.S.S.R. / SAUDI ARABIA / AFGHANISTAN / PAKISTAN / OMAN / IRAQ / INDIA,57.85,30.436,2611,middle east
N0656,N,3,1949-07-01,1948-05-14,1955-12-31,7,West Bank is on the map. It appeared on 14 May 1948.,The map still says Anglo-Egyptian Sudan. The name changed to Sudan in 1956.,EGYPT / LIBYA / ANGLO-EGYPTIAN SUDAN / TURKEY / SAUDI ARABIA / CHAD (FR.) / SYRIA / IRAQ,29.82,28.566,2471,middle east
N0657,N,3,1952-10-30,1952-09-15,1955-12-31,3,There is no Eritrea. It disappeared on 15 September 1952.,The map still says Anglo-Egyptian Sudan. The name changed to Sudan in 1956.,ANGLO-EGYPTIAN SUDAN / SAUDI ARABIA / ETHIOPIA / BELGIAN CONGO / TANGANYIKA (BR.) / EGYPT / KENYA (BR.) / UGANDA (BR.) / YEMEN,40.055,9.579,3665,sub-saharan africa
N0658,N,3,1973-12-25,1971-10-27,1975-11-10,4,"The map says Zaire, a name in use from 27 October 1971.",Angola is still marked Portuguese. It became independent on 11 November 1975.,ZAIRE / NIGERIA / CHAD / NIGER / CENTRAL AFRICAN REPUBLIC / CAMEROON / CONGO / ANGOLA (PORT.) / GABON / UPPER VOLTA / MALI,11.19,3.503,2619,sub-saharan africa
N0659,N,3,1969-01-17,1967-11-30,1990-05-21,23,"South Yemen holds this area, which passed to it from Federation of South Arabia (Br.) on 30 November 1967.",South Yemen is still on the map. It disappeared on 22 May 1990.,SUDAN / SAUDI ARABIA / ETHIOPIA / SOMALIA / EGYPT / SOUTH YEMEN / KENYA / UGANDA / YEMEN,40.29,14.448,2724,middle east
N0660,N,3,1969-06-11,1954-05-01,1971-12-15,17,South Vietnam is on the map. It appeared on 1 May 1954.,There is no Bangladesh yet. It appeared on 16 December 1971.,CHINA / U.S.S.R. / INDIA / MONGOLIA / PAKISTAN / BURMA / AFGHANISTAN / THAILAND / LAOS,85.944,31.054,4590,south asia
N0661,N,3,1954-08-27,1952-09-15,1955-12-31,3,There is no Eritrea. It disappeared on 15 September 1952.,The map still says Anglo-Egyptian Sudan. The name changed to Sudan in 1956.,ANGLO-EGYPTIAN SUDAN / LIBYA / CHAD (FR.) / EGYPT / NIGER (FR.) / UBANGI-SHARI (FR.) / ETHIOPIA / BELGIAN CONGO / SAUDI ARABIA / FRENCH CAMEROONS / NIGERIA (BR.) / KENYA (BR.),23.763,18.31,3370,north africa
N0662,N,3,1966-05-28,1962-07-01,1966-06-30,4,Rwanda is on the map. It appeared on 1 July 1962.,The map still says Congo (Léopoldville). The name changed to Congo (Kinshasa) in 1966.,CONGO (LÉOPOLDVILLE) / SUDAN / CENTRAL AFRICAN REPUBLIC / CHAD / CAMEROON / NIGERIA / CONGO (BRAZZAVILLE) / GABON / ANGOLA (PORT.) / NIGER,19.776,2.889,2402,sub-saharan africa
N0663,N,3,1960-04-29,1945-05-08,1962-07-04,17,Germany (Soviet Zone) is on the map. It appeared on 8 May 1945.,Algeria is still marked French. It became independent on 5 July 1962.,U.S.S.R. / ALGERIA (FR.) / FRANCE / LIBYA / POLAND / TURKEY / ITALY / SPAIN / YUGOSLAVIA / ROMANIA / EGYPT / NORWAY,14.588,45.167,3189,balkans
N0664,N,3,1971-01-31,1966-07-01,1971-10-26,5,"The map says Congo (Kinshasa), a name in use from 1966.",The map still says Congo (Kinshasa). The name changed to Zaire on 27 October 1971.,CHAD / NIGER / NIGERIA / CENTRAL AFRICAN REPUBLIC / CAMEROON / ALGERIA / LIBYA / CONGO (KINSHASA) / MALI,13.025,13.496,2263,sub-saharan africa
N0665,N,3,1961-01-05,1960-09-22,1962-07-04,2,"The map says Mali, a name in use from 22 September 1960.",Algeria is still marked French. It became independent on 5 July 1962.,ALGERIA (FR.) / LIBYA / NIGER / CHAD / MALI / SPAIN,10.73,27.27,2756,north africa
N0666,N,3,1947-05-07,1946-01-01,1948-05-13,2,"Syria is shown independent, which it became in 1946.",There is no West Bank yet. It appeared on 14 May 1948.,EGYPT / TURKEY / SAUDI ARABIA / LIBYA / U.S.S.R. / IRAQ / YUGOSLAVIA / SYRIA / ROMANIA / BULGARIA,31.556,34.288,2505,middle east
N0667,N,3,1974-08-07,1971-10-27,1975-11-10,4,"The map says Zaire, a name in use from 27 October 1971.",Angola is still marked Portuguese. It became independent on 11 November 1975.,ZAIRE / ANGOLA (PORT.) / SOUTH WEST AFRICA (S. AFR.) / BOTSWANA / CONGO / ZAMBIA / GABON / CAMEROON,12.966,-10.828,3052,sub-saharan africa
N0668,N,3,1956-07-16,1956-01-01,1960-08-02,4,"The map says Sudan, a name in use from 1956.",Niger is still marked French. It became independent on 3 August 1960.,ALGERIA (FR.) / LIBYA / NIGER (FR.) / CHAD (FR.) / SUDAN / EGYPT / TURKEY / FRENCH SUDAN / SPAIN,14.87,27.397,3046,north africa
N0669,N,3,1970-09-25,1966-07-01,1971-10-26,5,"The map says Congo (Kinshasa), a name in use from 1966.",The map still says Congo (Kinshasa). The name changed to Zaire on 27 October 1971.,CONGO (KINSHASA) / SUDAN / ANGOLA (PORT.) / CENTRAL AFRICAN REPUBLIC / TANZANIA / ZAMBIA / UGANDA / CHAD,24.021,-0.852,2412,sub-saharan africa
N0670,N,3,1958-01-18,1950-10-02,1960-06-30,10,There is no Tibet. It disappeared on 2 October 1950.,There is no Somalia yet. It appeared on 1 July 1960.,INDIA / U.S.S.R. / CHINA / IRAN / SAUDI ARABIA / PAKISTAN / AFGHANISTAN / IRAQ / TURKEY,63.459,24.49,4460,south asia
N0671,N,3,1973-03-05,1971-10-27,1975-11-10,4,"The map says Zaire, a name in use from 27 October 1971.",Angola is still marked Portuguese. It became independent on 11 November 1975.,ZAIRE / SUDAN / CHAD / CENTRAL AFRICAN REPUBLIC / NIGERIA / CAMEROON / NIGER / CONGO / GABON / ANGOLA (PORT.),19.504,4.709,2604,sub-saharan africa
N0672,N,3,1952-06-01,1947-01-04,1956-03-01,9,Upper Volta (Fr.) is on the map. It appeared on 4 January 1947.,Morocco is still marked French. It became independent on 2 March 1956.,ALGERIA (FR.) / FRENCH SUDAN / MAURITANIA (FR.) / MOROCCO (FR.) / SPANISH WEST AFRICA / UPPER VOLTA (FR.) / SENEGAL (FR.) / NIGER (FR.) / FRENCH GUINEA,-7.574,23.734,2671,north africa
N0673,N,4,1989-07-22,1962-07-05,1991-11-19,29,"Algeria is shown independent, which it became on 5 July 1962.",There is no Macedonia yet. It appeared on 20 November 1991.,ALGERIA / LIBYA / SPAIN / FRANCE / ITALY / YUGOSLAVIA / MOROCCO / TUNISIA / MALI / NIGER / CHAD / HUNGARY,7.955,34.596,2632,north africa
N0674,N,4,2007-01-16,2006-06-06,2008-02-16,2,Serbia is on the map. It appeared on 6 June 2006.,Serbia still holds land it gave up on 17 February 2008.,LIBYA / ITALY / ROMANIA / TURKEY / EGYPT / GREECE / BULGARIA / SERBIA / CROATIA / HUNGARY,19.829,37.589,1846,balkans
N0675,N,4,2020-01-19,2011-07-09,present,15,South Sudan is on the map. It appeared on 9 July 2011.,still standing today,CHAD / SUDAN / DEM. REP. OF THE CONGO / NIGER / CENTRAL AFRICAN REPUBLIC / CAMEROON / NIGERIA / SOUTH SUDAN / CONGO / GABON / LIBYA,18.903,10.389,2326,sub-saharan africa
N0676,N,4,1993-06-20,1990-03-21,1997-05-16,7,"The map says Namibia, a name in use from 21 March 1990.",The map still says Zaire. The name changed to Dem. Rep. of the Congo on 17 May 1997.,ZAIRE / ANGOLA / ZAMBIA / TANZANIA / MOZAMBIQUE / UGANDA / ZIMBABWE / CONGO / KENYA / NAMIBIA / SUDAN / BOTSWANA,25.922,-6.982,2477,sub-saharan africa
N0677,N,4,1993-09-05,1993-01-01,2014-03-17,21,Slovakia is on the map. It appeared in 1993.,The border between Ukraine and Russia has not moved yet. It moved on 18 March 2014.,RUSSIA / KAZAKHSTAN / IRAN / TURKEY / UKRAINE / IRAQ / LIBYA / GERMANY / POLAND / ROMANIA / SYRIA,36.686,52.518,4409,eastern europe
N0678,N,4,2023-04-11,2016-07-01,present,10,"The map says Czechia, a name in use from 1 July 2016.",still standing today,GERMANY / FRANCE / POLAND / ITALY / SWEDEN / AUSTRIA / CZECHIA / HUNGARY / CROATIA / SWITZERLAND / SLOVAKIA / BELGIUM,10.567,51.639,1425,west-central europe
N0679,N,4,2024-12-24,2000-06-12,present,26,"The border between Saudi Arabia and Yemen is already in its new place, set on 12 June 2000.",still standing today,SAUDI ARABIA / ETHIOPIA / YEMEN / SOMALIA / IRAN / OMAN,49.189,16.483,2551,middle east
N0680,N,4,2001-11-12,1993-01-01,2003-02-03,10,Czech Republic is on the map. It appeared in 1993.,The map still says Yugoslavia. The name changed to Serbia and Montenegro on 4 February 2003.,ITALY / ROMANIA / GREECE / YUGOSLAVIA / HUNGARY / AUSTRIA / BULGARIA / GERMANY / CROATIA / SLOVAKIA / UKRAINE,17.609,42.385,1363,balkans
N0681,N,4,2000-12-15,1993-01-01,2014-03-17,21,Slovakia is on the map. It appeared in 1993.,The border between Ukraine and Russia has not moved yet. It moved on 18 March 2014.,ALGERIA / LIBYA / RUSSIA / EGYPT / UKRAINE / FRANCE / TURKEY / SPAIN / GERMANY / POLAND / ITALY / ROMANIA,15.511,42.386,3761,balkans
N0682,N,4,1999-12-13,1993-01-01,2003-02-03,10,Czech Republic is on the map. It appeared in 1993.,The map still says Yugoslavia. The name changed to Serbia and Montenegro on 4 February 2003.,UKRAINE / ROMANIA / TURKEY / POLAND / BULGARIA / YUGOSLAVIA / HUNGARY / GREECE / SLOVAKIA / BELARUS,26.573,45.764,1327,balkans
N0683,N,4,1997-08-12,1991-12-26,2014-03-17,23,Kazakhstan is on the map. It appeared on 26 December 1991.,The border between Ukraine and Russia has not moved yet. It moved on 18 March 2014.,RUSSIA / UKRAINE / KAZAKHSTAN / SWEDEN / FINLAND / POLAND / ROMANIA / BELARUS / LATVIA,38.573,59.681,2959,eastern europe
N0684,N,4,1999-01-04,1993-01-01,2014-03-17,21,Slovakia is on the map. It appeared in 1993.,The border between Ukraine and Russia has not moved yet. It moved on 18 March 2014.,RUSSIA / ALGERIA / UKRAINE / FRANCE / SPAIN / LIBYA / TURKEY / MOROCCO / EGYPT / POLAND / ITALY / ROMANIA,10.185,51.953,4481,west-central europe
N0685,N,4,2006-12-07,2006-06-06,2008-02-16,2,Serbia is on the map. It appeared on 6 June 2006.,Serbia still holds land it gave up on 17 February 2008.,TURKEY / ROMANIA / UKRAINE / GREECE / BULGARIA / SERBIA / HUNGARY,28.661,41.104,1472,balkans
N0686,N,4,1985-04-26,1975-05-01,1989-06-17,14,There is no South Vietnam. It disappeared on 1 May 1975.,The map still says Burma. The name changed to Myanmar on 18 June 1989.,CHINA / BURMA / INDIA / THAILAND / VIETNAM / LAOS,102.088,25.429,3601,southeast asia
N0687,N,4,1991-12-26,1991-12-26,2014-03-17,23,Ukraine is on the map. It appeared on 26 December 1991.,The border between Ukraine and Russia has not moved yet. It moved on 18 March 2014.,IRAN / KAZAKHSTAN / SAUDI ARABIA / RUSSIA / TURKEY / UKRAINE / TURKMENISTAN / IRAQ / UZBEKISTAN / SYRIA / OMAN,48.761,37.397,3198,central asia
N0688,N,4,2008-08-19,2008-02-17,2014-03-17,6,"Serbia has already given up land, on 17 February 2008.",The border between Ukraine and Russia has not moved yet. It moved on 18 March 2014.,TURKEY / ROMANIA / UKRAINE / GREECE / SYRIA / BULGARIA / RUSSIA / SERBIA / LIBYA / HUNGARY / JORDAN,29.468,39.962,1746,balkans
N0689,N,4,1978-08-29,1967-06-10,1979-05-25,12,There is no West Bank. It disappeared on 10 June 1967.,The border between Israel and Egypt has not moved yet. It moved on 26 May 1979.,TURKEY / LIBYA / EGYPT / YUGOSLAVIA / ROMANIA / GREECE / BULGARIA / ISRAEL / ITALY,26.788,36.864,1946,balkans
N0690,N,4,2011-11-23,2008-02-17,present,18,"Serbia has already given up land, on 17 February 2008.",still standing today,LIBYA / ALGERIA / ITALY / TUNISIA / GREECE / FRANCE / ROMANIA / BULGARIA / SERBIA / CROATIA,14.795,36.649,1934,balkans
N0691,N,4,2014-06-30,2011-07-09,present,15,South Sudan is on the map. It appeared on 9 July 2011.,still standing today,DEM. REP. OF THE CONGO / SOUTH SUDAN / CENTRAL AFRICAN REPUBLIC / ANGOLA / TANZANIA / SUDAN / CHAD / CONGO / CAMEROON / UGANDA / ZAMBIA,23.737,0.517,2552,sub-saharan africa
N0692,N,4,2024-04-21,2011-07-09,present,15,South Sudan is on the map. It appeared on 9 July 2011.,still standing today,SUDAN / LIBYA / CHAD / EGYPT / NIGER / SOUTH SUDAN / CENTRAL AFRICAN REPUBLIC / ALGERIA / NIGERIA / CAMEROON / DEM. REP. OF THE CONGO,21.64,18.248,3041,north africa
N0693,N,4,1998-08-17,1991-12-26,2014-03-17,23,Ukraine is on the map. It appeared on 26 December 1991.,The border between Ukraine and Russia has not moved yet. It moved on 18 March 2014.,IRAN / RUSSIA / KAZAKHSTAN / SAUDI ARABIA / TURKEY / UKRAINE / IRAQ / TURKMENISTAN / UZBEKISTAN / EGYPT / SYRIA / BELARUS,46.438,40.163,3023,middle east
N0694,N,4,1998-08-27,1993-01-01,2016-06-30,23,Slovakia is on the map. It appeared in 1993.,The map still says Czech Republic. The name changed to Czechia on 1 July 2016.,FRANCE / GERMANY / UNITED KINGDOM / SWEDEN / POLAND / ITALY / AUSTRIA / CZECH REPUBLIC / NORWAY / SWITZERLAND / BELGIUM,7.525,52.612,1561,west-central europe
N0695,N,4,2007-09-01,1991-12-26,2014-03-17,23,Ukraine is on the map. It appeared on 26 December 1991.,The border between Ukraine and Russia has not moved yet. It moved on 18 March 2014.,RUSSIA / KAZAKHSTAN / IRAN / TURKEY / UKRAINE / TURKMENISTAN / IRAQ / UZBEKISTAN / SAUDI ARABIA / SYRIA / BELARUS,49.128,44.24,3160,central asia
N0696,N,4,2021-10-05,2011-07-09,present,15,South Sudan is on the map. It appeared on 9 July 2011.,still standing today,SUDAN / ETHIOPIA / SOUTH SUDAN / SAUDI ARABIA / DEM. REP. OF THE CONGO / EGYPT / KENYA / LIBYA / ERITREA / UGANDA,32.94,13.027,2303,middle east
N0697,N,4,2019-06-30,2016-07-01,present,10,"The map says Czechia, a name in use from 1 July 2016.",still standing today,FRANCE / SPAIN / GERMANY / ITALY / POLAND / UNITED KINGDOM / ALGERIA / AUSTRIA / CZECHIA / CROATIA,6.24,45.958,2173,west-central europe
N0698,N,4,2002-03-22,1993-01-01,2014-03-17,21,Slovakia is on the map. It appeared in 1993.,The border between Ukraine and Russia has not moved yet. It moved on 18 March 2014.,RUSSIA / TURKEY / UKRAINE / KAZAKHSTAN / FRANCE / IRAN / GERMANY / POLAND / ITALY / ROMANIA / IRAQ / SYRIA,28.067,56.967,4371,scandinavia and baltic
N0699,N,4,2025-11-28,2022-06-01,present,4,"The map says Türkiye, a name in use from 1 June 2022.",still standing today,SAUDI ARABIA / IRAN / TÜRKIYE / IRAQ / SUDAN / TURKMENISTAN / EGYPT / OMAN / YEMEN / SYRIA / GEORGIA,45.611,29.442,2752,middle east
N0700,N,4,2008-07-24,2008-02-17,2014-03-17,6,"Serbia has already given up land, on 17 February 2008.",The border between Ukraine and Russia has not moved yet. It moved on 18 March 2014.,UKRAINE / TURKEY / POLAND / ROMANIA / BELARUS / BULGARIA / RUSSIA / GREECE / HUNGARY / SERBIA / SLOVAKIA / CROATIA,26.304,45.955,1576,balkans
N0701,N,4,2002-08-24,1993-01-01,2014-03-17,21,Slovakia is on the map. It appeared in 1993.,The border between Ukraine and Russia has not moved yet. It moved on 18 March 2014.,RUSSIA / UKRAINE / FRANCE / TURKEY / GERMANY / FINLAND / POLAND / ITALY / ROMANIA / IRAN,27.065,59.829,4069,eastern europe
N0702,N,4,2002-01-29,1991-12-26,2014-03-17,23,Ukraine is on the map. It appeared on 26 December 1991.,The border between Ukraine and Russia has not moved yet. It moved on 18 March 2014.,RUSSIA / KAZAKHSTAN / UKRAINE / FINLAND / SWEDEN / TURKEY / UZBEKISTAN / BELARUS / TURKMENISTAN,44.893,55.732,3046,eastern europe
N0703,N,4,1992-09-22,1991-12-26,2014-03-17,23,Ukraine is on the map. It appeared on 26 December 1991.,The border between Ukraine and Russia has not moved yet. It moved on 18 March 2014.,RUSSIA / KAZAKHSTAN / TURKEY / UKRAINE / IRAN / TURKMENISTAN / BELARUS / FINLAND / GEORGIA,43.394,50.848,2927,eastern europe
N0704,N,4,1979-02-21,1967-06-10,1979-05-25,12,There is no West Bank. It disappeared on 10 June 1967.,The border between Israel and Egypt has not moved yet. It moved on 26 May 1979.,TURKEY / U.S.S.R. / LIBYA / EGYPT / YUGOSLAVIA / ROMANIA / SYRIA / SAUDI ARABIA / BULGARIA / HUNGARY / JORDAN / ISRAEL,28.026,38.465,2152,balkans
N0705,N,4,1982-06-12,1975-11-30,1984-08-03,9,"The map says Benin, a name in use from 30 November 1975.",The map still says Upper Volta. The name changed to Burkina Faso on 4 August 1984.,ALGERIA / NIGER / MALI / NIGERIA / LIBYA / CHAD / IVORY COAST / UPPER VOLTA / CAMEROON / GHANA / MOROCCO / BENIN,4.325,18.457,2705,north africa
N0706,N,4,1977-06-21,1967-06-10,1979-05-25,12,There is no West Bank. It disappeared on 10 June 1967.,The border between Israel and Egypt has not moved yet. It moved on 26 May 1979.,EGYPT / TURKEY / LIBYA / SAUDI ARABIA / SYRIA / GREECE / JORDAN / ISRAEL,29.187,32.31,1960,middle east
N0707,N,4,1984-10-11,1975-05-01,1989-06-17,14,There is no South Vietnam. It disappeared on 1 May 1975.,The map still says Burma. The name changed to Myanmar on 18 June 1989.,CHINA / INDIA / INDONESIA / BURMA / THAILAND / LAOS,100.635,19.596,4561,southeast asia
N0708,N,4,1998-03-10,1993-01-01,2006-06-05,13,Slovakia is on the map. It appeared in 1993.,There is no Serbia yet. It appeared on 6 June 2006.,RUSSIA / UKRAINE / FRANCE / SPAIN / TURKEY / GERMANY / FINLAND / POLAND / ITALY / ROMANIA / BELARUS,14.347,54.265,3600,west-central europe
N0709,N,4,1985-03-14,1970-08-09,1991-08-24,21,"The map says Oman, a name in use from 9 August 1970.",There is no Byelorussia yet. It appeared on 25 August 1991.,U.S.S.R. / IRAN / SAUDI ARABIA / PAKISTAN / AFGHANISTAN / IRAQ / TURKEY / INDIA / SYRIA / OMAN,55.452,39.24,3421,middle east
N0710,N,4,2012-12-13,1991-12-26,2014-03-17,23,Ukraine is on the map. It appeared on 26 December 1991.,The border between Ukraine and Russia has not moved yet. It moved on 18 March 2014.,RUSSIA / KAZAKHSTAN / UKRAINE / SWEDEN / FINLAND / POLAND / ROMANIA / BELARUS / BULGARIA,41.85,60.168,3456,eastern europe
N0711,N,4,2002-10-29,2000-06-12,2022-05-31,22,"The border between Saudi Arabia and Yemen is already in its new place, set on 12 June 2000.",The map still says Turkey. The name changed to Türkiye on 1 June 2022.,SAUDI ARABIA / IRAN / SUDAN / EGYPT / TURKEY / IRAQ / YEMEN / SYRIA / ERITREA,40.865,28.08,2707,middle east
N0712,N,4,2005-01-04,1991-12-26,2014-03-17,23,Ukraine is on the map. It appeared on 26 December 1991.,The border between Ukraine and Russia has not moved yet. It moved on 18 March 2014.,RUSSIA / KAZAKHSTAN / UKRAINE / SWEDEN / FINLAND / POLAND / UZBEKISTAN / ROMANIA / BELARUS,42.714,59.196,3548,eastern europe
N0713,N,4,1997-11-16,1993-01-01,2014-03-17,21,Czech Republic is on the map. It appeared in 1993.,The border between Ukraine and Russia has not moved yet. It moved on 18 March 2014.,RUSSIA / KAZAKHSTAN / UKRAINE / TURKEY / SWEDEN / TURKMENISTAN / UZBEKISTAN / FINLAND / POLAND / ROMANIA,44.662,58.332,3934,eastern europe
N0714,N,4,1980-02-05,1979-12-12,1980-04-17,1,"The map says Southern Rhodesia (Br.), a name in use from December 1979.",The map still says Southern Rhodesia (Br.). The name changed to Zimbabwe on 18 April 1980.,ANGOLA / ZAIRE / ZAMBIA / SOUTH WEST AFRICA (S. AFR.) / BOTSWANA / MOZAMBIQUE / SOUTHERN RHODESIA (BR.) / SOUTH AFRICA / TANZANIA,24.634,-15.619,2323,sub-saharan africa
N0715,N,4,2010-09-03,2008-02-17,2014-03-17,6,"Serbia has already given up land, on 17 February 2008.",The border between Ukraine and Russia has not moved yet. It moved on 18 March 2014.,UKRAINE / RUSSIA / ROMANIA / POLAND / BELARUS / TURKEY / BULGARIA / SERBIA / HUNGARY / GREECE / LITHUANIA / SLOVAKIA,29.591,47.94,1594,eastern europe
N0716,N,4,2007-10-09,1991-12-26,2014-03-17,23,Ukraine is on the map. It appeared on 26 December 1991.,The border between Ukraine and Russia has not moved yet. It moved on 18 March 2014.,RUSSIA / KAZAKHSTAN / UKRAINE / TURKEY / FINLAND / BELARUS / ROMANIA / SWEDEN / GEORGIA / LATVIA,41.507,53.192,2799,eastern europe
N0717,N,4,1981-03-09,1970-08-09,1990-05-21,20,"The map says Oman, a name in use from 9 August 1970.",South Yemen is still on the map. It disappeared on 22 May 1990.,U.S.S.R. / INDIA / IRAN / CHINA / SAUDI ARABIA / PAKISTAN / AFGHANISTAN / IRAQ / OMAN / SOUTH YEMEN,63.238,32.687,3949,south asia
N0718,N,4,1999-11-20,1997-05-17,present,29,"The map says Dem. Rep. of the Congo, a name in use from 17 May 1997.",still standing today,ANGOLA / SOUTH AFRICA / NAMIBIA / ZAMBIA / DEM. REP. OF THE CONGO / BOTSWANA / ZIMBABWE / TANZANIA,21,-22.651,3357,sub-saharan africa
N0719,N,4,2001-05-03,1993-01-01,2014-03-17,21,Slovakia is on the map. It appeared in 1993.,The border between Ukraine and Russia has not moved yet. It moved on 18 March 2014.,RUSSIA / KAZAKHSTAN / TURKEY / IRAN / UKRAINE / GERMANY / FINLAND / POLAND / ROMANIA / IRAQ / SYRIA,36.209,56.105,4227,eastern europe
N0720,N,4,2024-04-27,2011-07-09,present,15,South Sudan is on the map. It appeared on 9 July 2011.,still standing today,DEM. REP. OF THE CONGO / TANZANIA / SOUTH SUDAN / ETHIOPIA / KENYA / CENTRAL AFRICAN REPUBLIC / UGANDA / SUDAN / ZAMBIA,31.355,-0.111,2222,sub-saharan africa
N0721,N,4,2019-10-12,1997-05-17,present,29,"The map says Dem. Rep. of the Congo, a name in use from 17 May 1997.",still standing today,DEM. REP. OF THE CONGO / ANGOLA / SOUTH AFRICA / TANZANIA / NAMIBIA / ZAMBIA / KENYA / BOTSWANA / ZIMBABWE / CONGO / GABON / CAMEROON,24.551,-18.059,4482,sub-saharan africa
N0722,N,4,2004-06-15,1993-05-24,2011-07-08,18,Eritrea is on the map. It appeared on 24 May 1993.,There is no South Sudan yet. It appeared on 9 July 2011.,SUDAN / EGYPT / SAUDI ARABIA / LIBYA / ETHIOPIA / CHAD / ERITREA,32.229,20.155,2231,middle east
N0723,N,4,2008-12-15,1991-12-26,2014-03-17,23,Ukraine is on the map. It appeared on 26 December 1991.,The border between Ukraine and Russia has not moved yet. It moved on 18 March 2014.,RUSSIA / KAZAKHSTAN / UKRAINE / TURKEY / BELARUS / FINLAND / GEORGIA / LATVIA,43.096,52.064,2440,eastern europe
N0724,N,4,1990-02-05,1962-07-05,1991-08-24,29,"Algeria is shown independent, which it became on 5 July 1962.",There is no Moldova yet. It appeared on 25 August 1991.,LIBYA / ALGERIA / ITALY / YUGOSLAVIA / FRANCE / ROMANIA / TUNISIA / EGYPT / BULGARIA / HUNGARY / AUSTRIA,15.8,37.541,2222,balkans
N0725,N,4,1983-02-25,1962-07-05,1990-10-02,28,"Algeria is shown independent, which it became on 5 July 1962.",East Germany is still on the map. It disappeared on 3 October 1990.,FRANCE / ITALY / YUGOSLAVIA / WEST GERMANY / POLAND / CZECHOSLOVAKIA / HUNGARY / EAST GERMANY / AUSTRIA / ALGERIA / ROMANIA / TUNISIA,12.374,44.522,1742,west-central europe
N0726,N,4,2024-03-20,2000-06-12,present,26,"The border between Saudi Arabia and Yemen is already in its new place, set on 12 June 2000.",still standing today,SAUDI ARABIA / ETHIOPIA / SOMALIA / YEMEN / OMAN / KENYA / ERITREA,48.034,12.12,2612,middle east
N0727,N,4,1980-03-14,1975-11-11,1997-05-16,22,"Angola is shown independent, which it became on 11 November 1975.",The map still says Zaire. The name changed to Dem. Rep. of the Congo on 17 May 1997.,ZAIRE / ANGOLA / ZAMBIA / CONGO / GABON / CAMEROON,21.091,-7.007,2073,sub-saharan africa
N0728,N,4,2023-03-02,2022-06-01,present,4,"The map says Türkiye, a name in use from 1 June 2022.",still standing today,IRAN / SAUDI ARABIA / KAZAKHSTAN / TURKMENISTAN / AFGHANISTAN / IRAQ / UZBEKISTAN / RUSSIA / TÜRKIYE / PAKISTAN / OMAN / GEORGIA,53.523,34.41,2580,middle east
N0729,N,4,2013-05-10,1993-01-01,2014-03-17,21,Slovakia is on the map. It appeared in 1993.,The border between Ukraine and Russia has not moved yet. It moved on 18 March 2014.,RUSSIA / KAZAKHSTAN / UKRAINE / GERMANY / POLAND / ITALY / ROMANIA,33.569,61.467,4322,eastern europe
N0730,N,4,1992-03-05,1991-12-26,1992-04-26,1,Ukraine is on the map. It appeared on 26 December 1991.,There is no Croatia yet. It appeared on 27 April 1992.,LIBYA / TURKEY / EGYPT / UKRAINE / ROMANIA / YUGOSLAVIA / ITALY / BULGARIA / HUNGARY / AUSTRIA,24.25,38.508,2142,balkans
N0731,N,4,1997-11-04,1991-12-26,2014-03-17,23,Ukraine is on the map. It appeared on 26 December 1991.,The border between Ukraine and Russia has not moved yet. It moved on 18 March 2014.,IRAN / RUSSIA / KAZAKHSTAN / SAUDI ARABIA / TURKEY / UKRAINE / IRAQ / EGYPT / TURKMENISTAN / SYRIA / GEORGIA,44.159,39.053,2791,middle east
N0732,N,4,1994-03-19,1993-01-01,2006-06-05,13,Slovakia is on the map. It appeared in 1993.,There is no Serbia yet. It appeared on 6 June 2006.,RUSSIA / TURKEY / UKRAINE / POLAND / ROMANIA / BELARUS / BULGARIA / SYRIA / HUNGARY / CZECH REPUBLIC / LATVIA / SLOVAKIA,29.207,47.009,2299,eastern europe
N0733,N,4,2019-07-28,2011-07-09,2022-05-31,11,South Sudan is on the map. It appeared on 9 July 2011.,The map still says Turkey. The name changed to Türkiye on 1 June 2022.,SAUDI ARABIA / SUDAN / IRAN / EGYPT / ETHIOPIA / TURKEY / YEMEN / IRAQ / SOUTH SUDAN / SOMALIA / OMAN / SYRIA,40.187,23.887,3412,middle east
N0734,N,4,2014-09-06,1997-05-17,present,29,"The map says Dem. Rep. of the Congo, a name in use from 17 May 1997.",still standing today,ANGOLA / DEM. REP. OF THE CONGO / NAMIBIA / BOTSWANA / ZAMBIA / SOUTH AFRICA / ZIMBABWE,19.628,-16.757,2386,sub-saharan africa
N0735,N,4,1987-05-07,1980-04-18,1997-05-16,17,"The map says Zimbabwe, a name in use from 18 April 1980.",The map still says Zaire. The name changed to Dem. Rep. of the Congo on 17 May 1997.,ZAIRE / TANZANIA / MOZAMBIQUE / ZAMBIA / KENYA / MADAGASCAR / BOTSWANA / ZIMBABWE / SOUTH AFRICA / SOMALIA / UGANDA,35.035,-11.096,3157,sub-saharan africa
N0736,N,4,2002-03-29,1993-01-01,2014-03-17,21,Slovakia is on the map. It appeared in 1993.,The border between Ukraine and Russia has not moved yet. It moved on 18 March 2014.,RUSSIA / TURKEY / UKRAINE / FRANCE / ALGERIA / GERMANY / FINLAND / POLAND / ITALY / IRAQ / ROMANIA / SYRIA,23.61,51.741,3881,eastern europe
N0737,N,4,1996-02-08,1993-01-01,2003-02-03,10,Czech Republic is on the map. It appeared in 1993.,The map still says Yugoslavia. The name changed to Serbia and Montenegro on 4 February 2003.,ITALY / FRANCE / YUGOSLAVIA / GERMANY / HUNGARY / AUSTRIA / CROATIA / SLOVAKIA / SWITZERLAND / ALGERIA / TUNISIA / CZECH REPUBLIC,13.797,42.619,1412,balkans
N0738,N,4,2006-09-12,2006-06-06,2008-02-16,2,Serbia is on the map. It appeared on 6 June 2006.,Serbia still holds land it gave up on 17 February 2008.,LIBYA / ALGERIA / ITALY / FRANCE / ROMANIA / TUNISIA / GREECE / BULGARIA / SERBIA / HUNGARY / AUSTRIA / CROATIA,14.687,37.833,2092,balkans
N0739,N,4,2000-06-14,1991-12-26,2014-03-17,23,Ukraine is on the map. It appeared on 26 December 1991.,The border between Ukraine and Russia has not moved yet. It moved on 18 March 2014.,RUSSIA / KAZAKHSTAN / UKRAINE / FINLAND / BELARUS,44.28,55.694,2321,eastern europe
N0740,N,4,2006-05-27,1997-05-17,present,29,"The map says Dem. Rep. of the Congo, a name in use from 17 May 1997.",still standing today,DEM. REP. OF THE CONGO / ANGOLA / TANZANIA / ZAMBIA / MOZAMBIQUE / NAMIBIA / BOTSWANA / ZIMBABWE / KENYA / CONGO / UGANDA / SOUTH AFRICA,25.799,-9.982,2875,sub-saharan africa
N0741,N,4,2015-02-17,2008-02-17,2022-05-31,14,"Serbia has already given up land, on 17 February 2008.",The map still says Turkey. The name changed to Türkiye on 1 June 2022.,LIBYA / ITALY / ROMANIA / TURKEY / EGYPT / GREECE / BULGARIA / SERBIA / HUNGARY / CROATIA / AUSTRIA,20.243,38.388,1885,balkans
N0742,N,4,2026-08-17,2022-06-01,present,4,"The map says Türkiye, a name in use from 1 June 2022.",still standing today,IRAN / SAUDI ARABIA / TURKMENISTAN / KAZAKHSTAN / IRAQ / UZBEKISTAN / RUSSIA / TÜRKIYE / GEORGIA,52.888,35.502,2270,central asia
N0743,N,4,2011-09-07,2011-07-09,present,15,South Sudan is on the map. It appeared on 9 July 2011.,still standing today,SUDAN / SAUDI ARABIA / ETHIOPIA / EGYPT / SOUTH SUDAN / LIBYA / YEMEN / ERITREA,33.946,17.534,2487,middle east
N0744,N,4,2012-12-24,1991-12-26,2014-03-17,23,Ukraine is on the map. It appeared on 26 December 1991.,The border between Ukraine and Russia has not moved yet. It moved on 18 March 2014.,RUSSIA / KAZAKHSTAN / TURKEY / UKRAINE / IRAN / BELARUS / FINLAND / GEORGIA / LATVIA / IRAQ,43.05,50.111,2839,eastern europe
N0745,N,4,1998-07-03,1997-05-17,present,29,"The map says Dem. Rep. of the Congo, a name in use from 17 May 1997.",still standing today,CHAD / NIGERIA / DEM. REP. OF THE CONGO / NIGER / CENTRAL AFRICAN REPUBLIC / CAMEROON / CONGO / GABON / MALI / BENIN,11.237,6.047,2583,sub-saharan africa
N0746,N,4,2011-07-16,2000-06-12,2022-05-31,22,"The border between Saudi Arabia and Yemen is already in its new place, set on 12 June 2000.",The map still says Turkey. The name changed to Türkiye on 1 June 2022.,SAUDI ARABIA / IRAN / TURKEY / TURKMENISTAN / YEMEN / IRAQ / OMAN / SUDAN / SYRIA / ETHIOPIA / ERITREA,48.926,27.637,3015,middle east
N0747,N,4,2008-10-25,2006-06-06,2014-03-17,8,Serbia is on the map. It appeared on 6 June 2006.,The border between Ukraine and Russia has not moved yet. It moved on 18 March 2014.,UKRAINE / RUSSIA / POLAND / ROMANIA / BELARUS / HUNGARY / SERBIA / LITHUANIA / LATVIA / SLOVAKIA / BULGARIA,26.285,50.273,1444,eastern europe
N0748,N,4,2005-10-21,1993-01-01,2006-06-05,13,Czech Republic is on the map. It appeared in 1993.,There is no Serbia yet. It appeared on 6 June 2006.,RUSSIA / TURKEY / UKRAINE / POLAND / ROMANIA / BELARUS / SYRIA / GREECE / BULGARIA / HUNGARY / SLOVAKIA,30.795,44.333,2068,eastern europe
N0749,N,4,2009-04-09,2008-02-17,2016-06-30,8,"Serbia has already given up land, on 17 February 2008.",The map still says Czech Republic. The name changed to Czechia on 1 July 2016.,GERMANY / ITALY / FRANCE / POLAND / HUNGARY / ROMANIA / AUSTRIA / CZECH REPUBLIC / GREECE / SERBIA / CROATIA / SLOVAKIA,13.458,45.613,1656,balkans
N0750,N,4,2007-10-05,1993-01-01,2014-03-17,21,Slovakia is on the map. It appeared in 1993.,The border between Ukraine and Russia has not moved yet. It moved on 18 March 2014.,RUSSIA / KAZAKHSTAN / UKRAINE / TURKEY / GERMANY / FINLAND / POLAND / ITALY / ROMANIA,30.285,60.137,4184,eastern europe
N0751,N,4,1994-11-08,1991-12-26,2014-03-17,23,"The map says Russia, a name in use from 26 December 1991.",The border between Ukraine and Russia has not moved yet. It moved on 18 March 2014.,TURKEY / ROMANIA / RUSSIA / SYRIA / UKRAINE / BULGARIA / IRAQ / GREECE / JORDAN,32.561,39.827,1681,middle east
N0752,N,4,2008-05-01,1991-12-26,2014-03-17,23,Ukraine is on the map. It appeared on 26 December 1991.,The border between Ukraine and Russia has not moved yet. It moved on 18 March 2014.,RUSSIA / KAZAKHSTAN / TURKMENISTAN / UZBEKISTAN / TURKEY / UKRAINE / FINLAND / IRAN / SYRIA,55.31,53.29,3315,central asia
N0753,N,4,1992-09-14,1991-12-26,2014-03-17,23,Ukraine is on the map. It appeared on 26 December 1991.,The border between Ukraine and Russia has not moved yet. It moved on 18 March 2014.,RUSSIA / IRAN / KAZAKHSTAN / TURKEY / UKRAINE / SAUDI ARABIA / IRAQ / EGYPT / SYRIA / BELARUS / GEORGIA,43.015,40.741,2732,middle east
N0754,N,4,2005-09-10,1991-12-26,2014-03-17,23,Ukraine is on the map. It appeared on 26 December 1991.,The border between Ukraine and Russia has not moved yet. It moved on 18 March 2014.,RUSSIA / KAZAKHSTAN / TURKEY / IRAN / UKRAINE / TURKMENISTAN / BELARUS / SYRIA / IRAQ / GEORGIA / LATVIA,44.139,47.381,2678,eastern europe
N0755,N,4,1997-10-17,1993-01-01,2006-06-05,13,Czech Republic is on the map. It appeared in 1993.,There is no Serbia yet. It appeared on 6 June 2006.,TURKEY / UKRAINE / ROMANIA / GREECE / BULGARIA / RUSSIA / HUNGARY / SYRIA / SLOVAKIA / POLAND,29.314,42.332,1617,balkans
N0756,N,4,2007-08-15,1993-01-01,2014-03-17,21,Slovakia is on the map. It appeared in 1993.,The border between Ukraine and Russia has not moved yet. It moved on 18 March 2014.,RUSSIA / UKRAINE / FRANCE / GERMANY / FINLAND / TURKEY / POLAND / ITALY / ROMANIA,24.492,59.499,3830,scandinavia and baltic
N0757,N,4,2019-10-02,2016-07-01,present,10,"The map says Czechia, a name in use from 1 July 2016.",still standing today,GERMANY / FRANCE / SWEDEN / POLAND / NORWAY / UNITED KINGDOM / CZECHIA / AUSTRIA / BELGIUM,9.057,55.072,1619,west-central europe
N0758,N,4,1993-03-28,1993-01-01,2003-02-03,10,Czech Republic is on the map. It appeared in 1993.,The map still says Yugoslavia. The name changed to Serbia and Montenegro on 4 February 2003.,UKRAINE / RUSSIA / POLAND / ROMANIA / BELARUS / YUGOSLAVIA / BULGARIA / HUNGARY / LITHUANIA / LATVIA / SLOVAKIA,27.487,49.943,1547,eastern europe
N0759,N,4,1994-09-17,1993-01-01,2006-06-05,13,Slovakia is on the map. It appeared in 1993.,There is no Serbia yet. It appeared on 6 June 2006.,ITALY / FRANCE / GERMANY / HUNGARY / AUSTRIA / CZECH REPUBLIC / POLAND / CROATIA / SLOVAKIA / ALGERIA / TUNISIA,12.093,43.7,1482,west-central europe
N0760,N,4,2005-01-01,1991-12-26,2014-03-17,23,Ukraine is on the map. It appeared on 26 December 1991.,The border between Ukraine and Russia has not moved yet. It moved on 18 March 2014.,RUSSIA / IRAN / KAZAKHSTAN / SAUDI ARABIA / TURKEY / EGYPT / UKRAINE / IRAQ / TURKMENISTAN / ROMANIA / SYRIA / BELARUS,42.934,39.482,3085,middle east
N0761,N,4,2005-05-31,2003-02-04,2006-06-02,3,"The map says Serbia and Montenegro, a name in use from 4 February 2003.",Serbia and Montenegro is still on the map. It disappeared on 3 June 2006.,ROMANIA / TURKEY / GREECE / BULGARIA / ITALY / SERBIA AND MONTENEGRO / HUNGARY / UKRAINE / AUSTRIA / CROATIA / SLOVAKIA,21.776,41.841,1392,balkans
N0762,N,4,1991-03-04,1971-10-27,1993-05-23,22,"The map says Zaire, a name in use from 27 October 1971.",There is no Eritrea yet. It appeared on 24 May 1993.,SUDAN / CHAD / ETHIOPIA / ZAIRE / CENTRAL AFRICAN REPUBLIC / EGYPT / LIBYA / KENYA / UGANDA,28.906,13.095,2254,middle east
N0763,N,4,1991-02-19,1990-10-03,1991-08-24,1,There is no East Germany. It disappeared on 3 October 1990.,There is no Byelorussia yet. It appeared on 25 August 1991.,U.S.S.R. / TURKEY / FRANCE / ALGERIA / GERMANY / FINLAND / POLAND / ITALY / ROMANIA / IRAQ / SYRIA,22.502,52.385,4003,eastern europe
N0764,N,4,2008-02-09,1993-01-01,2014-03-17,21,Slovakia is on the map. It appeared in 1993.,The border between Ukraine and Russia has not moved yet. It moved on 18 March 2014.,RUSSIA / UKRAINE / FRANCE / TURKEY / GERMANY / FINLAND / POLAND / ITALY / ROMANIA / SPAIN,19.953,58.7,3772,scandinavia and baltic
N0765,N,4,2006-03-12,2000-06-12,2011-07-08,11,"The border between Saudi Arabia and Yemen is already in its new place, set on 12 June 2000.",There is no South Sudan yet. It appeared on 9 July 2011.,SUDAN / SAUDI ARABIA / ETHIOPIA / TANZANIA / SOMALIA / KENYA / YEMEN / EGYPT / OMAN / UGANDA / IRAN,45.187,9.055,3662,sub-saharan africa
N0766,N,4,2004-06-23,1997-05-17,present,29,"The map says Dem. Rep. of the Congo, a name in use from 17 May 1997.",still standing today,DEM. REP. OF THE CONGO / TANZANIA / ZAMBIA / MOZAMBIQUE / ANGOLA / KENYA / ZIMBABWE / BOTSWANA / UGANDA,30.191,-9.624,2572,sub-saharan africa
N0767,N,4,2018-12-11,2011-07-09,present,15,South Sudan is on the map. It appeared on 9 July 2011.,still standing today,SUDAN / CHAD / LIBYA / EGYPT / ETHIOPIA / SOUTH SUDAN / CENTRAL AFRICAN REPUBLIC / SAUDI ARABIA / DEM. REP. OF THE CONGO / KENYA / ERITREA / UGANDA,28.123,16.366,2804,middle east
N0768,N,4,2024-06-09,2008-02-17,present,18,"Serbia has already given up land, on 17 February 2008.",still standing today,LIBYA / ALGERIA / ITALY / FRANCE / ROMANIA / TUNISIA / GREECE / SERBIA / HUNGARY / AUSTRIA / CROATIA,13.935,38.161,1951,balkans
N0769,N,4,2015-01-22,2000-06-12,present,26,"The border between Saudi Arabia and Yemen is already in its new place, set on 12 June 2000.",still standing today,SAUDI ARABIA / INDIA / IRAN / PAKISTAN / SOMALIA / AFGHANISTAN / YEMEN / ETHIOPIA / IRAQ / OMAN / CHINA / SYRIA,58.917,17.442,4070,middle east
N0770,N,4,2017-10-27,2000-06-12,present,26,"The border between Saudi Arabia and Yemen is already in its new place, set on 12 June 2000.",still standing today,IRAN / SAUDI ARABIA / INDIA / PAKISTAN / AFGHANISTAN / TURKMENISTAN / YEMEN / IRAQ / OMAN / SOMALIA / CHINA,60.035,23.918,3404,middle east
N0771,N,4,2009-12-01,2000-06-12,2022-05-31,22,"The border between Saudi Arabia and Yemen is already in its new place, set on 12 June 2000.",The map still says Turkey. The name changed to Türkiye on 1 June 2022.,SAUDI ARABIA / IRAN / PAKISTAN / AFGHANISTAN / YEMEN / IRAQ / TURKMENISTAN / OMAN / TURKEY / SOMALIA / SYRIA,54.987,24.959,3223,middle east
N0772,N,4,1998-07-10,1991-12-26,2014-03-17,23,Kazakhstan is on the map. It appeared on 26 December 1991.,The border between Ukraine and Russia has not moved yet. It moved on 18 March 2014.,RUSSIA / TURKEY / UKRAINE / KAZAKHSTAN / BELARUS / ROMANIA / IRAN / BULGARIA / GEORGIA / LATVIA,38.825,49.127,2484,eastern europe
N0773,N,4,2025-01-22,2011-07-09,present,15,"South Sudan holds this area, which passed to it from Sudan on 9 July 2011.",still standing today,TANZANIA / ETHIOPIA / KENYA / MOZAMBIQUE / SOMALIA / SOUTH SUDAN / MADAGASCAR / ZAMBIA / UGANDA,42.102,-5.013,2798,sub-saharan africa
N0774,N,4,2001-07-03,1993-01-01,2014-03-17,21,Slovakia is on the map. It appeared in 1993.,The border between Ukraine and Russia has not moved yet. It moved on 18 March 2014.,RUSSIA / UKRAINE / TURKEY / FRANCE / SPAIN / GERMANY / POLAND / ITALY / ROMANIA / ALGERIA,14.966,55.967,4066,west-central europe
N0775,N,4,1996-08-16,1980-04-18,1997-05-16,17,"The map says Zimbabwe, a name in use from 18 April 1980.",The map still says Zaire. The name changed to Dem. Rep. of the Congo on 17 May 1997.,SOUTH AFRICA / MOZAMBIQUE / ZAMBIA / MADAGASCAR / ZIMBABWE / BOTSWANA / TANZANIA / ZAIRE,36.319,-21.077,2731,sub-saharan africa
N0776,N,4,2013-08-15,1991-12-26,2014-03-17,23,Kazakhstan is on the map. It appeared on 26 December 1991.,The border between Ukraine and Russia has not moved yet. It moved on 18 March 2014.,RUSSIA / TURKEY / UKRAINE / KAZAKHSTAN / IRAN / BELARUS / ROMANIA / SYRIA / IRAQ / BULGARIA / GEORGIA / LATVIA,38.77,46.879,2415,eastern europe
N0777,N,4,1980-08-23,1979-05-26,1990-10-02,11,There is no Israel. It disappeared on 26 May 1979.,The map still says West Germany. The name changed to Germany on 3 October 1990.,LIBYA / U.S.S.R. / EGYPT / TURKEY / ITALY / YUGOSLAVIA / ROMANIA / BULGARIA / WEST GERMANY / HUNGARY / AUSTRIA / POLAND,21.367,38.744,2314,balkans
N0778,N,4,2001-09-11,1993-01-01,2006-06-05,13,Slovakia is on the map. It appeared in 1993.,There is no Serbia yet. It appeared on 6 June 2006.,ALGERIA / LIBYA / FRANCE / MOROCCO / SPAIN / GERMANY / POLAND / ITALY / RUSSIA / ROMANIA / UKRAINE / BELARUS,4.618,44.005,3643,west-central europe
N0779,N,4,2024-01-19,2022-06-01,present,4,"The map says Türkiye, a name in use from 1 June 2022.",still standing today,SAUDI ARABIA / EGYPT / TÜRKIYE / SUDAN / IRAQ / SYRIA / IRAN / JORDAN,34.868,30.32,2224,middle east
N0780,N,4,2005-12-08,1991-12-26,2014-03-17,23,"The map says Russia, a name in use from 26 December 1991.",The border between Ukraine and Russia has not moved yet. It moved on 18 March 2014.,RUSSIA / UKRAINE / ROMANIA / BELARUS / POLAND / LITHUANIA / LATVIA / ESTONIA,31.176,51.998,1556,eastern europe
N0781,N,4,2022-02-12,2000-06-12,present,26,"The border between Saudi Arabia and Yemen is already in its new place, set on 12 June 2000.",still standing today,SAUDI ARABIA / IRAN / PAKISTAN / ETHIOPIA / SOMALIA / AFGHANISTAN / YEMEN / IRAQ / OMAN / INDIA / SYRIA,55.431,19.129,3561,middle east
N0782,N,4,1991-10-30,1990-05-22,1993-05-23,3,There is no South Yemen. It disappeared on 22 May 1990.,There is no Eritrea yet. It appeared on 24 May 1993.,SUDAN / SAUDI ARABIA / EGYPT / IRAQ / ETHIOPIA / IRAN / YEMEN / SYRIA / TURKEY,36.485,24.324,2658,middle east
N0783,N,4,1999-06-13,1993-01-01,2006-06-05,13,Slovakia is on the map. It appeared in 1993.,There is no Serbia yet. It appeared on 6 June 2006.,FRANCE / GERMANY / ITALY / POLAND / HUNGARY / AUSTRIA / CZECH REPUBLIC / CROATIA / SLOVAKIA / SWITZERLAND / BELGIUM,11.264,45.61,1567,west-central europe
N0784,N,4,1999-07-06,1993-01-01,2014-03-17,21,Slovakia is on the map. It appeared in 1993.,The border between Ukraine and Russia has not moved yet. It moved on 18 March 2014.,RUSSIA / TURKEY / UKRAINE / FRANCE / ALGERIA / GERMANY / POLAND / ITALY / IRAQ / ROMANIA / SPAIN / SYRIA,21.979,54.41,4242,eastern europe
N0785,N,4,1997-08-06,1991-12-26,2014-03-17,23,Ukraine is on the map. It appeared on 26 December 1991.,The border between Ukraine and Russia has not moved yet. It moved on 18 March 2014.,RUSSIA / KAZAKHSTAN / UKRAINE / FINLAND / SWEDEN / BELARUS,43.072,58.89,3014,eastern europe
N0786,N,4,1988-05-14,1962-07-05,1991-11-19,29,"Algeria is shown independent, which it became on 5 July 1962.",There is no Macedonia yet. It appeared on 20 November 1991.,ALGERIA / LIBYA / SPAIN / FRANCE / ITALY / YUGOSLAVIA / NIGER / CHAD / TUNISIA / ROMANIA / MALI,9.983,34.008,2703,north africa
N0787,N,4,1991-02-20,1975-11-11,1993-05-23,18,"Angola is shown independent, which it became on 11 November 1975.",There is no Eritrea yet. It appeared on 24 May 1993.,ZAIRE / SUDAN / ETHIOPIA / TANZANIA / CHAD / ANGOLA / CENTRAL AFRICAN REPUBLIC / ZAMBIA / KENYA / MOZAMBIQUE / CONGO / UGANDA,29.354,1.456,3373,sub-saharan africa
N0788,N,4,1997-10-10,1991-12-26,2014-03-17,23,Ukraine is on the map. It appeared on 26 December 1991.,The border between Ukraine and Russia has not moved yet. It moved on 18 March 2014.,RUSSIA / KAZAKHSTAN / TURKEY / IRAN / UKRAINE / BELARUS / IRAQ / SYRIA / GEORGIA / LATVIA,43.299,46.68,2729,eastern europe
N0789,N,4,1999-07-07,1991-12-26,2014-03-17,23,Kazakhstan is on the map. It appeared on 26 December 1991.,The border between Ukraine and Russia has not moved yet. It moved on 18 March 2014.,RUSSIA / TURKEY / UKRAINE / IRAN / KAZAKHSTAN / IRAQ / ROMANIA / BELARUS / SYRIA / BULGARIA / GEORGIA,38.047,44.178,2381,eastern europe
N0790,N,4,1992-05-25,1991-12-26,2014-03-17,23,Ukraine is on the map. It appeared on 26 December 1991.,The border between Ukraine and Russia has not moved yet. It moved on 18 March 2014.,RUSSIA / KAZAKHSTAN / TURKEY / UKRAINE / FINLAND / BELARUS / ROMANIA / IRAN / GEORGIA / LATVIA,41.945,51.572,2871,eastern europe
N0791,N,4,1986-06-03,1970-08-09,1990-05-21,20,"The map says Oman, a name in use from 9 August 1970.",South Yemen is still on the map. It disappeared on 22 May 1990.,SAUDI ARABIA / ETHIOPIA / SUDAN / SOMALIA / KENYA / EGYPT / SOUTH YEMEN / OMAN / UGANDA / IRAN / YEMEN,44.421,14.305,2895,middle east
N0792,N,4,2001-05-26,1997-05-17,2011-07-08,14,"The map says Dem. Rep. of the Congo, a name in use from 17 May 1997.",There is no South Sudan yet. It appeared on 9 July 2011.,SUDAN / CHAD / DEM. REP. OF THE CONGO / CENTRAL AFRICAN REPUBLIC / UGANDA / CONGO / NIGER / TANZANIA / LIBYA,24.813,9.372,2333,sub-saharan africa
N0793,N,4,2011-10-03,2008-02-17,2022-05-31,14,"Serbia has already given up land, on 17 February 2008.",The map still says Turkey. The name changed to Türkiye on 1 June 2022.,ROMANIA / ITALY / TURKEY / UKRAINE / GREECE / BULGARIA / HUNGARY / SERBIA / AUSTRIA / CROATIA / SLOVAKIA,21.376,41.908,1519,balkans
N0794,N,4,2007-02-14,2006-06-06,2008-02-16,2,Serbia is on the map. It appeared on 6 June 2006.,Serbia still holds land it gave up on 17 February 2008.,TURKEY / ROMANIA / GREECE / BULGARIA / UKRAINE / SERBIA / LIBYA / HUNGARY,28.404,39.189,1630,balkans
N0795,N,4,1995-06-28,1990-05-22,2000-06-11,10,There is no South Yemen. It disappeared on 22 May 1990.,The border between Saudi Arabia and Yemen has not moved yet. It moved on 12 June 2000.,IRAN / SAUDI ARABIA / AFGHANISTAN / PAKISTAN / YEMEN / IRAQ / OMAN,55.555,24.445,2658,middle east
N0796,N,4,1981-10-11,1975-05-01,1989-06-17,14,There is no South Vietnam. It disappeared on 1 May 1975.,The map still says Burma. The name changed to Myanmar on 18 June 1989.,CHINA / INDIA / BURMA / MONGOLIA / THAILAND / LAOS,103.741,25.31,4186,southeast asia
N0797,N,4,2013-07-06,1991-12-26,2014-03-17,23,Ukraine is on the map. It appeared on 26 December 1991.,The border between Ukraine and Russia has not moved yet. It moved on 18 March 2014.,IRAN / TURKEY / RUSSIA / SAUDI ARABIA / KAZAKHSTAN / IRAQ / UKRAINE / EGYPT / SYRIA / JORDAN / GEORGIA,41.577,38.517,2360,middle east
N0798,N,4,2014-02-13,1993-01-01,2014-03-17,21,Slovakia is on the map. It appeared in 1993.,The border between Ukraine and Russia has not moved yet. It moved on 18 March 2014.,RUSSIA / KAZAKHSTAN / UKRAINE / TURKEY / GERMANY / FINLAND / POLAND / ROMANIA,34.88,58.651,4079,eastern europe
N0799,N,4,2014-03-02,1993-01-01,2014-03-17,21,Slovakia is on the map. It appeared in 1993.,The border between Ukraine and Russia has not moved yet. It moved on 18 March 2014.,RUSSIA / KAZAKHSTAN / TURKEY / UKRAINE / SWEDEN / FINLAND / POLAND / ROMANIA / IRAN / BELARUS,38.095,56.075,3700,eastern europe
N0800,N,4,1992-02-24,1990-10-03,1992-04-26,2,There is no East Germany. It disappeared on 3 October 1990.,There is no Bosnia and Herzegovina yet. It appeared on 27 April 1992.,FRANCE / SPAIN / ALGERIA / GERMANY / ITALY / POLAND / UNITED KINGDOM / YUGOSLAVIA / MOROCCO / CZECHOSLOVAKIA / TUNISIA / AUSTRIA,5.323,44.268,2249,west-central europe
N0801,N,4,2017-03-27,2016-07-01,present,10,"The map says Czechia, a name in use from 1 July 2016.",still standing today,ALGERIA / FRANCE / SPAIN / MOROCCO / GERMANY / LIBYA / ITALY / POLAND / TUNISIA / CZECHIA,0.46,42.553,2966,west-central europe
N0802,N,4,2004-05-05,1993-01-01,2014-03-17,21,Slovakia is on the map. It appeared in 1993.,The border between Ukraine and Russia has not moved yet. It moved on 18 March 2014.,RUSSIA / TURKEY / UKRAINE / FRANCE / GERMANY / FINLAND / POLAND / ITALY / ROMANIA / ALGERIA,22.392,56.796,3986,west-central europe
N0803,N,4,1991-01-01,1990-10-03,1991-08-24,1,There is no East Germany. It disappeared on 3 October 1990.,There is no Byelorussia yet. It appeared on 25 August 1991.,U.S.S.R. / LIBYA / EGYPT / TURKEY / SAUDI ARABIA / GERMANY / IRAQ / POLAND / ITALY / ROMANIA / SYRIA,26.506,40.486,3548,balkans
N0804,N,4,2002-11-20,1993-01-01,2016-06-30,23,Slovakia is on the map. It appeared in 1993.,The map still says Czech Republic. The name changed to Czechia on 1 July 2016.,RUSSIA / UKRAINE / POLAND / SWEDEN / BELARUS / FINLAND / LITHUANIA / LATVIA / CZECH REPUBLIC / SLOVAKIA / ESTONIA / HUNGARY,25.472,55.561,1618,eastern europe
N0805,N,4,1983-10-07,1975-11-30,1984-08-03,9,"The map says Benin, a name in use from 30 November 1975.",The map still says Upper Volta. The name changed to Burkina Faso on 4 August 1984.,NIGER / NIGERIA / MALI / CAMEROON / UPPER VOLTA / GHANA / GABON / IVORY COAST / BENIN / CHAD / ALGERIA,5.023,8.952,2257,sub-saharan africa
N0806,N,4,2015-03-11,1997-05-17,present,29,"The map says Dem. Rep. of the Congo, a name in use from 17 May 1997.",still standing today,ANGOLA / DEM. REP. OF THE CONGO / NIGERIA / CAMEROON / CONGO / CHAD / GABON / GHANA / BENIN,9.282,-2.076,2780,sub-saharan africa
N0807,N,4,1989-05-21,1989-04-30,1989-06-17,0,"The map says Cambodia, a name in use from 1989.",The map still says Burma. The name changed to Myanmar on 18 June 1989.,CHINA / BURMA / THAILAND / INDIA / VIETNAM / LAOS / CAMBODIA,102.731,24.469,3238,southeast asia
N0808,N,4,2000-04-20,1991-12-26,2014-03-17,23,Ukraine is on the map. It appeared on 26 December 1991.,The border between Ukraine and Russia has not moved yet. It moved on 18 March 2014.,RUSSIA / KAZAKHSTAN / TURKEY / IRAN / UKRAINE / TURKMENISTAN / BELARUS / FINLAND / SYRIA / IRAQ / GEORGIA,43.643,49.268,2985,eastern europe
N0809,N,4,1999-08-21,1993-01-01,2014-03-17,21,Slovakia is on the map. It appeared in 1993.,The border between Ukraine and Russia has not moved yet. It moved on 18 March 2014.,RUSSIA / KAZAKHSTAN / TURKEY / UKRAINE / IRAN / FINLAND / POLAND / ROMANIA,38.699,56.302,4099,eastern europe
N0810,N,4,1983-12-14,1962-07-05,1991-08-24,29,"Algeria is shown independent, which it became on 5 July 1962.",There is no Moldova yet. It appeared on 25 August 1991.,LIBYA / ALGERIA / ITALY / YUGOSLAVIA / ROMANIA / EGYPT / FRANCE / TUNISIA / TURKEY / BULGARIA / HUNGARY / AUSTRIA,16.771,37.421,2165,balkans
N0811,N,4,1992-01-05,1991-12-26,2014-03-17,23,Ukraine is on the map. It appeared on 26 December 1991.,The border between Ukraine and Russia has not moved yet. It moved on 18 March 2014.,TURKEY / ROMANIA / SYRIA / BULGARIA / UKRAINE / RUSSIA / GREECE,31.15,39.956,1472,middle east
N0812,N,4,1995-01-20,1991-12-26,2014-03-17,23,Ukraine is on the map. It appeared on 26 December 1991.,The border between Ukraine and Russia has not moved yet. It moved on 18 March 2014.,RUSSIA / KAZAKHSTAN / IRAN / TURKEY / UKRAINE / TURKMENISTAN / UZBEKISTAN / IRAQ / BELARUS / SYRIA / FINLAND,44.793,48.865,3237,eastern europe
N0813,N,4,1988-06-24,1970-08-09,1990-05-21,20,"The map says Oman, a name in use from 9 August 1970.",South Yemen is still on the map. It disappeared on 22 May 1990.,IRAN / SAUDI ARABIA / AFGHANISTAN / PAKISTAN / OMAN / SOUTH YEMEN / IRAQ,55.836,23.157,2497,middle east
N0814,N,4,1990-10-08,1990-10-03,1991-08-24,1,There is no East Germany. It disappeared on 3 October 1990.,There is no Byelorussia yet. It appeared on 25 August 1991.,U.S.S.R. / GERMANY / POLAND / ROMANIA / SWEDEN / YUGOSLAVIA / NORWAY / CZECHOSLOVAKIA / ITALY / FINLAND / HUNGARY / AUSTRIA,20.487,53.261,1884,eastern europe
N0815,N,4,2003-09-22,1993-01-01,2006-06-05,13,Czech Republic is on the map. It appeared in 1993.,There is no Serbia yet. It appeared on 6 June 2006.,RUSSIA / UKRAINE / TURKEY / POLAND / ROMANIA / BELARUS / BULGARIA / GREECE / HUNGARY / LITHUANIA / LATVIA / SLOVAKIA,30.121,48.501,1938,eastern europe
N0816,N,4,2015-05-20,2011-07-09,present,15,South Sudan is on the map. It appeared on 9 July 2011.,still standing today,DEM. REP. OF THE CONGO / ANGOLA / ZAMBIA / CENTRAL AFRICAN REPUBLIC / SOUTH SUDAN / CAMEROON / CONGO / NIGERIA / GABON / ZIMBABWE / NAMIBIA / CHAD,19.534,-4.764,2880,sub-saharan africa
N0817,N,4,2001-09-01,1993-01-01,2006-06-05,13,Czech Republic is on the map. It appeared in 1993.,There is no Serbia yet. It appeared on 6 June 2006.,TURKEY / UKRAINE / LIBYA / EGYPT / ROMANIA / ITALY / BULGARIA / HUNGARY / AUSTRIA / CROATIA / SLOVAKIA,25.165,39.39,2097,balkans
N0818,N,4,1977-05-17,1970-08-09,1990-05-21,20,"The map says Oman, a name in use from 9 August 1970.",South Yemen is still on the map. It disappeared on 22 May 1990.,SAUDI ARABIA / IRAN / ETHIOPIA / SOMALIA / PAKISTAN / OMAN / AFGHANISTAN / SOUTH YEMEN / IRAQ / KENYA / YEMEN,53.544,16.173,3552,middle east
N0819,N,4,2024-09-10,2022-06-01,present,4,"The map says Türkiye, a name in use from 1 June 2022.",still standing today,LIBYA / EGYPT / TÜRKIYE / ITALY / BULGARIA / ROMANIA / SERBIA / NIGER / CHAD,22.978,33.517,2280,north africa
N0820,N,4,2003-09-20,1993-01-01,2014-03-17,21,Slovakia is on the map. It appeared in 1993.,The border between Ukraine and Russia has not moved yet. It moved on 18 March 2014.,RUSSIA / UKRAINE / SWEDEN / POLAND / FINLAND / BELARUS / ROMANIA / HUNGARY / LITHUANIA / LATVIA / SLOVAKIA,29.052,55.392,2175,eastern europe
N0821,N,4,2003-12-06,1993-01-01,2014-03-17,21,Slovakia is on the map. It appeared in 1993.,The border between Ukraine and Russia has not moved yet. It moved on 18 March 2014.,RUSSIA / UKRAINE / SWEDEN / GERMANY / FINLAND / NORWAY / POLAND / BELARUS / ROMANIA / ITALY / HUNGARY / LATVIA,26.923,60.238,3089,scandinavia and baltic
N0822,N,4,1976-10-10,1970-08-09,1990-05-21,20,"The map says Oman, a name in use from 9 August 1970.",South Yemen is still on the map. It disappeared on 22 May 1990.,SAUDI ARABIA / IRAN / OMAN / SOUTH YEMEN / SOMALIA / PAKISTAN / IRAQ / AFGHANISTAN / YEMEN / ETHIOPIA,53.918,19.838,2530,middle east
N0823,N,4,2002-06-26,2000-06-12,present,26,"The border between Saudi Arabia and Yemen is already in its new place, set on 12 June 2000.",still standing today,SAUDI ARABIA / IRAN / YEMEN / IRAQ / OMAN / SUDAN / ETHIOPIA / ERITREA / JORDAN / SYRIA,45.914,23.465,2257,middle east
N0824,N,4,1984-12-24,1970-08-09,1990-05-21,20,"The map says Oman, a name in use from 9 August 1970.",South Yemen is still on the map. It disappeared on 22 May 1990.,IRAN / SAUDI ARABIA / PAKISTAN / AFGHANISTAN / IRAQ / OMAN / SOUTH YEMEN / SOMALIA / INDIA,57.391,22.53,2836,middle east
N0825,N,4,1998-03-02,1993-01-01,2006-06-05,13,Slovakia is on the map. It appeared in 1993.,There is no Serbia yet. It appeared on 6 June 2006.,RUSSIA / KAZAKHSTAN / TURKEY / UKRAINE / SWEDEN / FINLAND / POLAND / ROMANIA / BELARUS / IRAN / HUNGARY,38.069,54.976,3409,eastern europe
N0826,N,4,1997-12-12,1993-01-01,2014-03-17,21,"Slovakia holds this area, which passed to it from Czechoslovakia in 1993.",The border between Ukraine and Russia has not moved yet. It moved on 18 March 2014.,RUSSIA / UKRAINE / ROMANIA / POLAND / BELARUS / LITHUANIA / LATVIA / HUNGARY / ESTONIA / SLOVAKIA,29.224,51.571,1532,eastern europe
N0827,N,4,2013-05-19,1993-01-01,2014-03-17,21,Slovakia is on the map. It appeared in 1993.,The border between Ukraine and Russia has not moved yet. It moved on 18 March 2014.,RUSSIA / TURKEY / KAZAKHSTAN / UKRAINE / IRAN / GERMANY / FINLAND / POLAND / ITALY / ROMANIA / IRAQ / SYRIA,32.559,53.514,3931,eastern europe
N0828,N,4,1993-05-01,1990-05-22,1993-05-23,3,There is no South Yemen. It disappeared on 22 May 1990.,There is no Eritrea yet. It appeared on 24 May 1993.,ETHIOPIA / SAUDI ARABIA / SUDAN / SOMALIA / YEMEN / KENYA / EGYPT / OMAN,43.516,13.333,2356,sub-saharan africa
N0829,N,4,2008-01-08,2000-06-12,2022-05-31,22,"The border between Saudi Arabia and Yemen is already in its new place, set on 12 June 2000.",The map still says Turkey. The name changed to Türkiye on 1 June 2022.,SAUDI ARABIA / IRAN / AFGHANISTAN / PAKISTAN / TURKMENISTAN / YEMEN / IRAQ / UZBEKISTAN / TURKEY / OMAN / SYRIA / RUSSIA,54.219,29.006,3090,middle east
N0830,N,4,2025-07-01,2011-07-09,present,15,"South Sudan holds this area, which passed to it from Sudan on 9 July 2011.",still standing today,DEM. REP. OF THE CONGO / TANZANIA / ZAMBIA / ANGOLA / MOZAMBIQUE / KENYA / SOUTH SUDAN / CENTRAL AFRICAN REPUBLIC / ETHIOPIA / UGANDA / ZIMBABWE,28.775,-5.371,2598,sub-saharan africa
N0831,N,4,1992-09-17,1990-05-22,1993-05-23,3,There is no South Yemen. It disappeared on 22 May 1990.,There is no Eritrea yet. It appeared on 24 May 1993.,SAUDI ARABIA / SUDAN / EGYPT / ETHIOPIA / YEMEN / SOMALIA / IRAQ,38.271,19.364,2293,middle east
N0832,N,4,1984-08-01,1962-07-05,1991-11-19,29,"Algeria is shown independent, which it became on 5 July 1962.",There is no Macedonia yet. It appeared on 20 November 1991.,LIBYA / ALGERIA / EGYPT / NIGER / TUNISIA / CHAD / ITALY / TURKEY,16.375,31.428,2243,north africa
N0833,N,4,1991-03-04,1990-10-03,1991-08-24,1,There is no East Germany. It disappeared on 3 October 1990.,There is no Byelorussia yet. It appeared on 25 August 1991.,U.S.S.R. / POLAND / SWEDEN / TURKEY / YUGOSLAVIA / ROMANIA / FINLAND / NORWAY / BULGARIA / HUNGARY / AUSTRIA,29.081,52.306,2445,eastern europe
N0834,N,4,2005-06-19,1997-05-17,present,29,"The map says Dem. Rep. of the Congo, a name in use from 17 May 1997.",still standing today,NIGERIA / DEM. REP. OF THE CONGO / CHAD / CAMEROON / CONGO / CENTRAL AFRICAN REPUBLIC / ANGOLA / GABON / NIGER / BENIN / BURKINA FASO,10.074,2.457,2401,sub-saharan africa
N0835,N,4,1982-12-01,1980-04-18,1990-03-20,10,"The map says Zimbabwe, a name in use from 18 April 1980.",The map still says South West Africa (S. Afr.). The name changed to Namibia on 21 March 1990.,ZAIRE / ANGOLA / SOUTH WEST AFRICA (S. AFR.) / ZAMBIA / BOTSWANA / TANZANIA / ZIMBABWE / SOUTH AFRICA / CONGO / GABON / UGANDA,21.439,-12.452,2960,sub-saharan africa
N0836,N,4,1994-10-30,1992-04-27,2006-06-05,14,Croatia is on the map. It appeared on 27 April 1992.,There is no Serbia yet. It appeared on 6 June 2006.,LIBYA / ALGERIA / ITALY / ROMANIA / FRANCE / TUNISIA / GREECE / BULGARIA / HUNGARY / AUSTRIA / CROATIA,15.583,38.492,2012,balkans
N0837,N,4,1996-03-23,1993-01-01,2006-06-05,13,Slovakia is on the map. It appeared in 1993.,There is no Serbia yet. It appeared on 6 June 2006.,FRANCE / GERMANY / SWEDEN / POLAND / UNITED KINGDOM / NORWAY / ITALY / FINLAND / AUSTRIA / CZECH REPUBLIC / SPAIN / CROATIA,5.749,54.232,2225,west-central europe
N0838,N,4,1979-05-12,1976-01-05,1989-04-29,13,"The map says Kampuchea, a name in use from 5 January 1976.",The map still says Kampuchea. The name changed to Cambodia in 1989.,CHINA / BURMA / THAILAND / VIETNAM / INDIA / LAOS / KAMPUCHEA / BHUTAN,100.81,20.398,2555,east asia
N0839,N,4,2009-12-12,1997-05-17,2011-07-08,14,"The map says Dem. Rep. of the Congo, a name in use from 17 May 1997.",There is no South Sudan yet. It appeared on 9 July 2011.,SUDAN / DEM. REP. OF THE CONGO / CHAD / LIBYA / SAUDI ARABIA / ETHIOPIA / EGYPT / CENTRAL AFRICAN REPUBLIC / KENYA / TANZANIA / NIGER / UGANDA,29.213,12.461,3484,middle east
N0840,N,4,1986-10-31,1976-01-05,1989-04-29,13,"The map says Kampuchea, a name in use from 5 January 1976.",The map still says Kampuchea. The name changed to Cambodia in 1989.,CHINA / BURMA / THAILAND / VIETNAM / LAOS / KAMPUCHEA / INDIA,107.242,25.212,2751,east asia
N0841,N,4,1980-12-18,1975-11-14,1984-08-03,9,There is no Spanish Sahara. It disappeared on 14 November 1975.,The map still says Upper Volta. The name changed to Burkina Faso on 4 August 1984.,ALGERIA / LIBYA / CHAD / MALI / NIGER / NIGERIA / SPAIN / MOROCCO / FRANCE / ITALY / UPPER VOLTA / ROMANIA,7.176,28.121,3892,north africa
N0842,N,4,1997-01-02,1991-12-26,2014-03-17,23,Kazakhstan is on the map. It appeared on 26 December 1991.,The border between Ukraine and Russia has not moved yet. It moved on 18 March 2014.,RUSSIA / TURKEY / UKRAINE / KAZAKHSTAN / IRAN / BELARUS / SYRIA / IRAQ / GEORGIA,39.987,45.399,2281,eastern europe
N0843,N,4,2025-07-21,2011-07-09,present,15,South Sudan is on the map. It appeared on 9 July 2011.,still standing today,SUDAN / ETHIOPIA / SOUTH SUDAN / SAUDI ARABIA / EGYPT / DEM. REP. OF THE CONGO / ERITREA / KENYA / UGANDA,34.039,14.048,2251,middle east
N0844,N,4,1991-05-19,1990-10-03,1991-08-24,1,There is no East Germany. It disappeared on 3 October 1990.,There is no Byelorussia yet. It appeared on 25 August 1991.,U.S.S.R. / FRANCE / SWEDEN / GERMANY / FINLAND / NORWAY / POLAND / ROMANIA / YUGOSLAVIA / ITALY / HUNGARY / AUSTRIA,16.701,58.268,2894,west-central europe
N0845,N,4,1984-08-04,1975-11-11,1990-03-20,15,"Angola is shown independent, which it became on 11 November 1975.",The map still says South West Africa (S. Afr.). The name changed to Namibia on 21 March 1990.,ZAIRE / ANGOLA / SOUTH WEST AFRICA (S. AFR.) / BOTSWANA / ZAMBIA / CONGO / GABON / CAMEROON,13.693,-10.693,3067,sub-saharan africa
N0846,N,4,1991-05-15,1990-05-22,1991-08-31,1,There is no South Yemen. It disappeared on 22 May 1990.,There is no Uzbekistan yet. It appeared on 1 September 1991.,SAUDI ARABIA / IRAN / U.S.S.R. / IRAQ / OMAN / YEMEN / TURKEY / SYRIA,51.172,28.061,2599,middle east
N0847,N,4,2000-09-07,1993-01-01,2006-06-05,13,Slovakia is on the map. It appeared in 1993.,There is no Serbia yet. It appeared on 6 June 2006.,RUSSIA / UKRAINE / SWEDEN / FINLAND / NORWAY / POLAND / ROMANIA / BELARUS / BULGARIA / HUNGARY / GEORGIA / LATVIA,32.133,56.551,3151,eastern europe
N0848,N,4,2019-01-04,2011-07-09,present,15,South Sudan is on the map. It appeared on 9 July 2011.,still standing today,SAUDI ARABIA / SUDAN / EGYPT / ETHIOPIA / YEMEN / SOUTH SUDAN / SOMALIA / IRAQ / IRAN / ERITREA,38.749,19.824,2784,middle east
N0849,N,4,2004-10-21,1993-01-01,2016-06-30,23,Slovakia is on the map. It appeared in 1993.,The map still says Czech Republic. The name changed to Czechia on 1 July 2016.,FRANCE / GERMANY / SWEDEN / POLAND / UNITED KINGDOM / NORWAY / ITALY / FINLAND / AUSTRIA / CZECH REPUBLIC / CROATIA,7.318,54.075,2031,west-central europe
N0850,N,4,2014-09-25,2011-07-09,present,15,South Sudan is on the map. It appeared on 9 July 2011.,still standing today,SUDAN / ETHIOPIA / EGYPT / SOUTH SUDAN / CHAD / LIBYA / SAUDI ARABIA / CENTRAL AFRICAN REPUBLIC / ERITREA,30.524,15.987,2370,middle east
N0851,N,4,2008-11-28,2008-02-17,2014-03-17,6,"Serbia has already given up land, on 17 February 2008.",The border between Ukraine and Russia has not moved yet. It moved on 18 March 2014.,UKRAINE / TURKEY / RUSSIA / POLAND / ROMANIA / BELARUS / GREECE / BULGARIA / HUNGARY / SERBIA / SLOVAKIA,29.072,46.299,1813,balkans
N0852,N,4,2009-11-11,1991-12-26,2014-03-17,23,Ukraine is on the map. It appeared on 26 December 1991.,The border between Ukraine and Russia has not moved yet. It moved on 18 March 2014.,RUSSIA / KAZAKHSTAN / TURKEY / IRAN / UKRAINE / IRAQ / ROMANIA / BELARUS / SYRIA / GEORGIA / LATVIA / FINLAND,41.645,47.71,2955,eastern europe
N0853,N,4,2006-06-03,1993-01-01,2006-06-05,13,Slovakia is on the map. It appeared in 1993.,There is no Serbia yet. It appeared on 6 June 2006.,UKRAINE / TURKEY / POLAND / RUSSIA / ROMANIA / BELARUS / BULGARIA / GREECE / HUNGARY / CZECH REPUBLIC / SLOVAKIA / CROATIA,26.927,46.598,1760,balkans
N0854,N,4,2005-08-06,2000-06-12,2022-05-31,22,"The border between Saudi Arabia and Yemen is already in its new place, set on 12 June 2000.",The map still says Turkey. The name changed to Türkiye on 1 June 2022.,SAUDI ARABIA / IRAN / IRAQ / YEMEN / OMAN / TURKMENISTAN / TURKEY / SYRIA,51.13,26.766,2490,middle east
N0855,N,4,1992-04-17,1991-12-26,1992-04-26,1,Ukraine is on the map. It appeared on 26 December 1991.,There is no Croatia yet. It appeared on 27 April 1992.,LIBYA / EGYPT / TURKEY / UKRAINE / ITALY / ROMANIA / YUGOSLAVIA / GERMANY / BULGARIA / HUNGARY / AUSTRIA / POLAND,21.877,37.911,2543,balkans
N0856,N,4,1999-02-21,1993-01-01,2003-02-03,10,Czech Republic is on the map. It appeared in 1993.,The map still says Yugoslavia. The name changed to Serbia and Montenegro on 4 February 2003.,UKRAINE / RUSSIA / POLAND / ROMANIA / BELARUS / BULGARIA / YUGOSLAVIA / HUNGARY / LITHUANIA / LATVIA / SLOVAKIA / TURKEY,27.458,49.449,1633,eastern europe
N0857,N,4,2002-11-29,1993-01-01,2006-06-05,13,Slovakia is on the map. It appeared in 1993.,There is no Serbia yet. It appeared on 6 June 2006.,LIBYA / EGYPT / TURKEY / UKRAINE / ITALY / ROMANIA / GERMANY / BULGARIA / HUNGARY / AUSTRIA / POLAND,21.662,37.474,2629,balkans
N0858,N,4,1991-06-19,1990-10-03,1991-08-24,1,There is no East Germany. It disappeared on 3 October 1990.,There is no Byelorussia yet. It appeared on 25 August 1991.,U.S.S.R. / ALGERIA / LIBYA / EGYPT / TURKEY / FRANCE / SPAIN / GERMANY / POLAND / ITALY / ROMANIA,16.616,41.868,3753,balkans
N0859,N,4,2024-06-17,2022-06-01,present,4,"The map says Türkiye, a name in use from 1 June 2022.",still standing today,LIBYA / EGYPT / TÜRKIYE / SUDAN / CHAD / ITALY / SAUDI ARABIA / SYRIA / BULGARIA / NIGER,25.094,32.024,2497,middle east
N0860,N,4,1997-07-17,1993-01-01,2006-06-05,13,Slovakia is on the map. It appeared in 1993.,There is no Serbia yet. It appeared on 6 June 2006.,RUSSIA / KAZAKHSTAN / TURKEY / UKRAINE / SWEDEN / IRAN / FINLAND / POLAND / ROMANIA / BELARUS,38.668,53.778,3577,eastern europe
N0861,N,4,1989-06-27,1979-05-26,1993-05-23,14,There is no Israel. It disappeared on 26 May 1979.,There is no Eritrea yet. It appeared on 24 May 1993.,SUDAN / CHAD / LIBYA / EGYPT / CENTRAL AFRICAN REPUBLIC / ETHIOPIA / ZAIRE / SAUDI ARABIA / NIGER / KENYA / UGANDA,26.375,15.311,2745,middle east
N0862,N,4,1985-03-08,1970-08-09,1990-05-21,20,"The map says Oman, a name in use from 9 August 1970.",South Yemen is still on the map. It disappeared on 22 May 1990.,SAUDI ARABIA / IRAN / AFGHANISTAN / IRAQ / OMAN / SOUTH YEMEN / PAKISTAN / YEMEN,53.832,23.873,2539,middle east
N0863,N,4,2001-12-31,1993-01-01,2014-03-17,21,Slovakia is on the map. It appeared in 1993.,The border between Ukraine and Russia has not moved yet. It moved on 18 March 2014.,RUSSIA / UKRAINE / FRANCE / GERMANY / FINLAND / POLAND / ROMANIA / TURKEY / ITALY / BELARUS,22.782,59.627,3706,eastern europe
N0864,N,4,2001-02-14,1992-04-27,2003-02-03,11,Croatia is on the map. It appeared on 27 April 1992.,The map still says Yugoslavia. The name changed to Serbia and Montenegro on 4 February 2003.,ITALY / ROMANIA / GREECE / YUGOSLAVIA / HUNGARY / AUSTRIA / BULGARIA / TUNISIA / CROATIA / GERMANY,16.876,41.06,1447,balkans
N0865,N,4,2011-03-31,1993-01-01,2014-03-17,21,Slovakia is on the map. It appeared in 1993.,The border between Ukraine and Russia has not moved yet. It moved on 18 March 2014.,RUSSIA / UKRAINE / SWEDEN / GERMANY / FINLAND / NORWAY / POLAND / FRANCE / ROMANIA / BELARUS / ITALY / LATVIA,23.78,59.25,3241,eastern europe
N0866,N,4,2003-04-10,1993-01-01,2006-06-05,13,Slovakia is on the map. It appeared in 1993.,There is no Serbia yet. It appeared on 6 June 2006.,FRANCE / SPAIN / GERMANY / POLAND / ITALY / UNITED KINGDOM / ALGERIA / HUNGARY / SWEDEN / AUSTRIA / CZECH REPUBLIC / LATVIA,7.242,47.095,2345,west-central europe
N0867,N,4,2021-04-28,2011-07-09,present,15,South Sudan is on the map. It appeared on 9 July 2011.,still standing today,SUDAN / SAUDI ARABIA / EGYPT / ETHIOPIA / LIBYA / CHAD / SOUTH SUDAN / CENTRAL AFRICAN REPUBLIC / ERITREA / IRAQ,31.686,18.708,2637,middle east
N0868,N,4,2014-02-13,1993-01-01,2014-03-17,21,Slovakia is on the map. It appeared in 1993.,The border between Ukraine and Russia has not moved yet. It moved on 18 March 2014.,RUSSIA / TURKEY / UKRAINE / FRANCE / GERMANY / POLAND / ITALY / IRAN / ROMANIA,27.586,58.145,4221,scandinavia and baltic
N0869,N,4,1983-10-09,1975-11-30,1984-08-03,9,"The map says Benin, a name in use from 30 November 1975.",The map still says Upper Volta. The name changed to Burkina Faso on 4 August 1984.,NIGER / MALI / NIGERIA / ALGERIA / CAMEROON / CHAD / UPPER VOLTA / GHANA / IVORY COAST / LIBYA / BENIN / CONGO,5.546,13.034,2470,sub-saharan africa
N0870,N,4,2024-11-28,2011-07-09,present,15,"South Sudan holds this area, which passed to it from Sudan on 9 July 2011.",still standing today,DEM. REP. OF THE CONGO / TANZANIA / ZAMBIA / KENYA / SOUTH SUDAN / ANGOLA / UGANDA / CENTRAL AFRICAN REPUBLIC / ETHIOPIA / MOZAMBIQUE,29.724,-3.429,2207,sub-saharan africa
N0871,N,4,2017-04-16,2016-07-01,present,10,"The map says Czechia, a name in use from 1 July 2016.",still standing today,FRANCE / GERMANY / ITALY / POLAND / UNITED KINGDOM / AUSTRIA / CZECHIA / CROATIA / SPAIN / SWITZERLAND / SWEDEN / BELGIUM,8.746,49.344,1565,west-central europe
N0872,N,4,2006-03-19,1993-01-01,2006-06-05,13,Czech Republic is on the map. It appeared in 1993.,There is no Serbia yet. It appeared on 6 June 2006.,UKRAINE / TURKEY / POLAND / ROMANIA / RUSSIA / BELARUS / GREECE / BULGARIA / HUNGARY / SLOVAKIA / CROATIA,27.383,45.036,1802,balkans
N0873,N,4,2003-06-18,1993-01-01,2006-06-05,13,Slovakia is on the map. It appeared in 1993.,There is no Serbia yet. It appeared on 6 June 2006.,FRANCE / GERMANY / POLAND / ITALY / SPAIN / UNITED KINGDOM / HUNGARY / AUSTRIA / CZECH REPUBLIC / CROATIA / SLOVAKIA,8.67,46.668,2098,west-central europe
N0874,N,4,1977-10-18,1967-11-30,1990-05-21,23,"South Yemen holds this area, which passed to it from Federation of South Arabia (Br.) on 30 November 1967.",South Yemen is still on the map. It disappeared on 22 May 1990.,ETHIOPIA / SUDAN / SAUDI ARABIA / SOMALIA / KENYA / SOUTH YEMEN / YEMEN / UGANDA,42.831,10.207,2357,sub-saharan africa
N0875,N,4,2011-01-28,1991-12-26,2014-03-17,23,Ukraine is on the map. It appeared on 26 December 1991.,The border between Ukraine and Russia has not moved yet. It moved on 18 March 2014.,RUSSIA / KAZAKHSTAN / UKRAINE / TURKEY / FINLAND / BELARUS / TURKMENISTAN / GEORGIA,44.556,52.597,2541,eastern europe
N0876,N,4,1999-02-03,1991-12-26,2014-03-17,23,Ukraine is on the map. It appeared on 26 December 1991.,The border between Ukraine and Russia has not moved yet. It moved on 18 March 2014.,IRAN / KAZAKHSTAN / RUSSIA / TURKMENISTAN / IRAQ / SAUDI ARABIA / TURKEY / UZBEKISTAN / UKRAINE / SYRIA / GEORGIA,50.849,39.884,2547,central asia
N0877,N,4,1998-10-30,1993-05-24,2000-06-11,7,Eritrea is on the map. It appeared on 24 May 1993.,The border between Saudi Arabia and Yemen has not moved yet. It moved on 12 June 2000.,SAUDI ARABIA / ETHIOPIA / SUDAN / SOMALIA / YEMEN / EGYPT / ERITREA / OMAN / IRAN,42.693,16.24,2500,middle east
N0878,N,4,2006-03-17,1991-12-26,2014-03-17,23,Ukraine is on the map. It appeared on 26 December 1991.,The border between Ukraine and Russia has not moved yet. It moved on 18 March 2014.,RUSSIA / IRAN / KAZAKHSTAN / TURKEY / UKRAINE / IRAQ / ROMANIA / BELARUS / SYRIA / EGYPT,42.531,45.715,3068,eastern europe
N0879,N,4,1996-10-06,1990-03-21,1997-05-16,7,"The map says Namibia, a name in use from 21 March 1990.",The map still says Zaire. The name changed to Dem. Rep. of the Congo on 17 May 1997.,ANGOLA / NAMIBIA / ZAIRE / BOTSWANA / SOUTH AFRICA / ZAMBIA,14.992,-16.742,2603,sub-saharan africa
N0880,N,4,2011-12-17,1991-12-26,2014-03-17,23,Ukraine is on the map. It appeared on 26 December 1991.,The border between Ukraine and Russia has not moved yet. It moved on 18 March 2014.,KAZAKHSTAN / RUSSIA / IRAN / SAUDI ARABIA / AFGHANISTAN / PAKISTAN / TURKMENISTAN / TURKEY / UZBEKISTAN / IRAQ / UKRAINE / SYRIA,52.957,39.611,3277,middle east
N0881,N,4,2019-09-03,2016-07-01,present,10,"The map says Czechia, a name in use from 1 July 2016.",still standing today,GERMANY / SWEDEN / UNITED KINGDOM / NORWAY / POLAND / FRANCE / CZECHIA / AUSTRIA,8.091,56.511,1719,scandinavia and baltic
N0882,N,4,2002-05-06,1991-12-26,2014-03-17,23,Ukraine is on the map. It appeared on 26 December 1991.,The border between Ukraine and Russia has not moved yet. It moved on 18 March 2014.,RUSSIA / TURKEY / KAZAKHSTAN / UKRAINE / BELARUS / IRAN / GEORGIA,42.931,48.616,2316,eastern europe
N0883,N,4,2000-05-16,1993-01-01,2014-03-17,21,Slovakia is on the map. It appeared in 1993.,The border between Ukraine and Russia has not moved yet. It moved on 18 March 2014.,RUSSIA / UKRAINE / SWEDEN / GERMANY / FINLAND / TURKEY / POLAND / ITALY / ROMANIA / BELARUS / LATVIA,26.74,57.968,3573,eastern europe
N0884,N,4,1987-11-26,1975-05-01,1989-06-17,14,There is no South Vietnam. It disappeared on 1 May 1975.,The map still says Burma. The name changed to Myanmar on 18 June 1989.,CHINA / U.S.S.R. / INDIA / MONGOLIA / BURMA / THAILAND / LAOS,90.69,35.974,3953,south asia
N0885,N,4,2019-06-09,2008-02-17,2022-05-31,14,"Serbia has already given up land, on 17 February 2008.",The map still says Turkey. The name changed to Türkiye on 1 June 2022.,LIBYA / ITALY / EGYPT / ROMANIA / TURKEY / TUNISIA / BULGARIA / SERBIA / HUNGARY / CROATIA / AUSTRIA,18.729,37.062,2115,balkans
N0886,N,4,1979-08-02,1970-08-09,1991-08-31,21,"The map says Oman, a name in use from 9 August 1970.",There is no Uzbekistan yet. It appeared on 1 September 1991.,U.S.S.R. / INDIA / CHINA / IRAN / PAKISTAN / AFGHANISTAN / OMAN / NEPAL,69.303,36.473,3583,central asia
N0887,N,4,1996-01-28,1993-01-01,2014-03-17,21,Slovakia is on the map. It appeared in 1993.,The border between Ukraine and Russia has not moved yet. It moved on 18 March 2014.,RUSSIA / UKRAINE / FRANCE / GERMANY / FINLAND / POLAND / ROMANIA / BELARUS / ITALY / LATVIA,21.502,60.875,3462,scandinavia and baltic
N0888,N,4,2021-03-25,2011-07-09,present,15,South Sudan is on the map. It appeared on 9 July 2011.,still standing today,SUDAN / SAUDI ARABIA / ETHIOPIA / EGYPT / LIBYA / SOUTH SUDAN / CHAD / ERITREA / IRAQ,32.904,17.498,2717,middle east
N0889,N,4,2010-10-16,1993-01-01,2016-06-30,23,"Czech Republic holds this area, which passed to it from Czechoslovakia in 1993.",The map still says Czech Republic. The name changed to Czechia on 1 July 2016.,RUSSIA / SWEDEN / POLAND / FINLAND / BELARUS / UKRAINE / NORWAY / LITHUANIA / LATVIA / CZECH REPUBLIC / ESTONIA,23.329,57.649,1560,scandinavia and baltic
N0890,N,4,1993-05-13,1991-12-26,2014-03-17,23,Ukraine is on the map. It appeared on 26 December 1991.,The border between Ukraine and Russia has not moved yet. It moved on 18 March 2014.,RUSSIA / KAZAKHSTAN / TURKEY / UKRAINE / IRAN / TURKMENISTAN / GEORGIA / SYRIA / IRAQ,46.498,47.346,2281,central asia
N0891,N,4,2022-03-21,2016-07-01,present,10,"The map says Czechia, a name in use from 1 July 2016.",still standing today,GERMANY / POLAND / SWEDEN / NORWAY / FRANCE / CZECHIA / SLOVAKIA / AUSTRIA / BELGIUM / RUSSIA,11.554,54.8,1439,west-central europe
N0892,N,4,2007-07-05,1993-01-01,2016-06-30,23,Slovakia is on the map. It appeared in 1993.,The map still says Czech Republic. The name changed to Czechia on 1 July 2016.,GERMANY / SWEDEN / FRANCE / UNITED KINGDOM / NORWAY / POLAND / AUSTRIA / CZECH REPUBLIC,5.693,56.015,1966,scandinavia and baltic
N0893,N,4,2023-05-27,2011-07-09,present,15,South Sudan is on the map. It appeared on 9 July 2011.,still standing today,SUDAN / ETHIOPIA / SAUDI ARABIA / TANZANIA / SOMALIA / KENYA / SOUTH SUDAN / YEMEN / OMAN / UGANDA / EGYPT,42.399,7.108,3315,sub-saharan africa
N0894,N,4,2007-05-12,2006-06-06,2008-02-16,2,Serbia is on the map. It appeared on 6 June 2006.,Serbia still holds land it gave up on 17 February 2008.,TURKEY / EGYPT / LIBYA / ROMANIA / GREECE / BULGARIA / SERBIA / CROATIA,27.191,37.421,1825,balkans
N0895,N,4,2007-02-27,2006-06-06,2008-02-16,2,Serbia is on the map. It appeared on 6 June 2006.,Serbia still holds land it gave up on 17 February 2008.,ROMANIA / TURKEY / GREECE / BULGARIA / UKRAINE / HUNGARY / SERBIA / ITALY / AUSTRIA / CROATIA / SLOVAKIA,22.458,41.676,1436,balkans
N0896,N,4,2020-11-09,2011-07-09,present,15,South Sudan is on the map. It appeared on 9 July 2011.,still standing today,SUDAN / SAUDI ARABIA / ETHIOPIA / EGYPT / SOUTH SUDAN / YEMEN / ERITREA / SOMALIA,36.26,17.232,2233,middle east
N0897,N,4,2025-07-16,2011-07-09,present,15,South Sudan is on the map. It appeared on 9 July 2011.,still standing today,SUDAN / LIBYA / CHAD / EGYPT / NIGER / ALGERIA / SOUTH SUDAN / NIGERIA / CENTRAL AFRICAN REPUBLIC,21.34,21.124,3023,north africa
N0898,N,4,2002-03-30,1993-01-01,2014-03-17,21,Slovakia is on the map. It appeared in 1993.,The border between Ukraine and Russia has not moved yet. It moved on 18 March 2014.,RUSSIA / TURKEY / UKRAINE / FRANCE / GERMANY / FINLAND / POLAND / ITALY / ROMANIA / IRAN / IRAQ,25.341,56.811,4116,scandinavia and baltic
N0899,N,4,1999-08-01,1993-01-01,2014-03-17,21,Slovakia is on the map. It appeared in 1993.,The border between Ukraine and Russia has not moved yet. It moved on 18 March 2014.,RUSSIA / UKRAINE / SWEDEN / POLAND / FINLAND / BELARUS / ROMANIA / HUNGARY / CZECH REPUBLIC / LATVIA / SLOVAKIA,28.563,56.894,2262,scandinavia and baltic
N0900,N,4,2015-11-17,1993-01-01,2016-06-30,23,Slovakia is on the map. It appeared in 1993.,The map still says Czech Republic. The name changed to Czechia on 1 July 2016.,FRANCE / GERMANY / UNITED KINGDOM / ITALY / POLAND / AUSTRIA / CZECH REPUBLIC / SWEDEN / CROATIA / SPAIN / BELGIUM,7.995,50.107,1614,west-central europe
N0901,N,4,2019-06-02,1997-05-17,present,29,"The map says Dem. Rep. of the Congo, a name in use from 17 May 1997.",still standing today,SOUTH AFRICA / MOZAMBIQUE / ZAMBIA / BOTSWANA / DEM. REP. OF THE CONGO / TANZANIA / ZIMBABWE,33.729,-20.837,2838,sub-saharan africa
N0902,N,4,2000-04-19,1993-01-01,2003-02-03,10,Czech Republic is on the map. It appeared in 1993.,The map still says Yugoslavia. The name changed to Serbia and Montenegro on 4 February 2003.,UKRAINE / TURKEY / ROMANIA / GREECE / BULGARIA / YUGOSLAVIA / HUNGARY / POLAND / SLOVAKIA / CZECH REPUBLIC / CROATIA,25.062,43.633,1402,balkans
N0903,N,4,1985-08-10,1970-08-09,1990-05-21,20,"The map says Oman, a name in use from 9 August 1970.",South Yemen is still on the map. It disappeared on 22 May 1990.,SAUDI ARABIA / ETHIOPIA / SUDAN / SOMALIA / KENYA / OMAN / SOUTH YEMEN / EGYPT / YEMEN,45.34,14.018,2766,middle east
N0904,N,4,2001-04-16,2000-06-12,present,26,"The border between Saudi Arabia and Yemen is already in its new place, set on 12 June 2000.",still standing today,SAUDI ARABIA / ETHIOPIA / IRAN / SOMALIA / YEMEN / OMAN / ERITREA / IRAQ,48.458,16.913,2696,middle east
N0905,N,4,2000-01-27,1993-01-01,2006-06-05,13,Czech Republic is on the map. It appeared in 1993.,There is no Serbia yet. It appeared on 6 June 2006.,LIBYA / ALGERIA / FRANCE / ITALY / ROMANIA / TUNISIA / BULGARIA / HUNGARY / AUSTRIA / GERMANY / CROATIA / UKRAINE,14.154,38.654,2114,balkans
N0906,N,4,1993-09-30,1992-04-27,2006-06-05,14,Croatia is on the map. It appeared on 27 April 1992.,There is no Serbia yet. It appeared on 6 June 2006.,LIBYA / ITALY / ROMANIA / TURKEY / EGYPT / GREECE / BULGARIA / HUNGARY / CROATIA / AUSTRIA,20.221,38.293,1909,balkans
N0907,N,4,1998-03-22,1993-01-01,2003-02-03,10,"Slovakia holds this area, which passed to it from Czechoslovakia in 1993.",The map still says Yugoslavia. The name changed to Serbia and Montenegro on 4 February 2003.,ROMANIA / TURKEY / GREECE / BULGARIA / UKRAINE / YUGOSLAVIA / HUNGARY / CROATIA / ITALY / AUSTRIA / SLOVAKIA,23.339,42.231,1326,balkans
N0908,N,4,2005-01-15,1991-12-26,2014-03-17,23,Ukraine is on the map. It appeared on 26 December 1991.,The border between Ukraine and Russia has not moved yet. It moved on 18 March 2014.,RUSSIA / KAZAKHSTAN / IRAN / TURKEY / UKRAINE / TURKMENISTAN / IRAQ / UZBEKISTAN / BELARUS / SYRIA / FINLAND / EGYPT,45.489,47.523,3452,central asia
N0909,N,4,2025-07-28,2011-07-09,present,15,South Sudan is on the map. It appeared on 9 July 2011.,still standing today,SUDAN / CHAD / LIBYA / EGYPT / SOUTH SUDAN / CENTRAL AFRICAN REPUBLIC / DEM. REP. OF THE CONGO / ETHIOPIA / NIGER / SAUDI ARABIA / KENYA / UGANDA,25.469,15.457,2751,middle east
N0910,N,4,2017-03-03,2016-07-01,present,10,"The map says Czechia, a name in use from 1 July 2016.",still standing today,GERMANY / SWEDEN / FRANCE / UNITED KINGDOM / POLAND / NORWAY / FINLAND / AUSTRIA / CZECHIA,7.504,56.2,1902,west-central europe
N0911,N,4,2012-12-23,2008-02-17,2014-03-17,6,"Serbia has already given up land, on 17 February 2008.",The border between Ukraine and Russia has not moved yet. It moved on 18 March 2014.,TURKEY / UKRAINE / ROMANIA / RUSSIA / GREECE / BULGARIA / SYRIA / POLAND / HUNGARY / SERBIA / SLOVAKIA / LIBYA,27.989,41.866,1937,balkans
N0912,N,4,2005-06-01,1997-05-17,2011-07-08,14,"The map says Dem. Rep. of the Congo, a name in use from 17 May 1997.",There is no South Sudan yet. It appeared on 9 July 2011.,SUDAN / DEM. REP. OF THE CONGO / CHAD / ETHIOPIA / KENYA / CENTRAL AFRICAN REPUBLIC / TANZANIA / UGANDA / LIBYA / EGYPT / SAUDI ARABIA / ERITREA,28.683,8.952,2878,sub-saharan africa
H0000,H,0,1850-01-22,1846-11-16,1867-06-30,21,There is no Cracow. It disappeared on 16 November 1846.,The map still says Prussia. The name changed to North German Confederation in 1867.,RUSSIA / AUSTRIA / PRUSSIA,21.321,51.115,783,europe 1816-1885
H0001,H,0,1870-11-30,1867-07-28,1870-12-31,3,"The map says Austria-Hungary, a name in use from 1867.",There is no Germany yet. It appeared in 1871.,AUSTRIA-HUNGARY / BAVARIA / ITALY,13.357,48.352,383,europe 1816-1885
H0002,H,0,1875-10-12,1867-07-28,1878-07-12,11,"The map says Austria-Hungary, a name in use from 1867.",There is no Bulgaria yet. It appeared on 13 July 1878.,OTTOMAN EMPIRE / RUSSIA / AUSTRIA-HUNGARY,27.967,45.439,1053,europe 1816-1885
H0003,H,0,1876-02-26,1871-01-01,1878-07-12,7,There is no Bavaria. It disappeared in 1871.,There is no Serbia yet. It appeared on 13 July 1878.,AUSTRIA-HUNGARY / OTTOMAN EMPIRE / ITALY,18.361,45.447,929,europe 1816-1885
H0004,H,0,1862-01-11,1861-03-17,1866-10-02,5,Italy is on the map. It appeared on 17 March 1861.,The border between Austria and Italy has not moved yet. It moved in 1866.,ITALY / AUSTRIA / PAPAL STATES,12.746,43.525,579,europe 1816-1885
H0005,H,0,1864-09-23,1861-03-17,1866-10-02,5,Italy is on the map. It appeared on 17 March 1861.,The border between Austria and Italy has not moved yet. It moved in 1866.,AUSTRIA / ITALY / BAVARIA,12.633,45.209,534,europe 1816-1885
H0006,H,0,1879-05-20,1878-07-13,1908-10-06,30,Herzegovina is on the map. It appeared on 13 July 1878.,Bosnia is still on the map. It disappeared on 7 October 1908.,ITALY / AUSTRIA-HUNGARY / BOSNIA,14.673,43.858,572,europe 1816-1885
H0007,H,0,1865-01-09,1861-03-17,1866-10-02,5,Italy is on the map. It appeared on 17 March 1861.,The border between Austria and Italy has not moved yet. It moved in 1866.,AUSTRIA / OTTOMAN EMPIRE / ITALY,17.762,44.423,727,europe 1816-1885
H0008,H,0,1869-11-19,1867-07-01,1870-12-31,3,"The map says North German Confederation, a name in use from 1867.",The map still says North German Confederation. The name changed to Germany in 1871.,RUSSIA / NORTH GERMAN CONFEDERATION / SWEDEN-NORWAY,22.315,56.554,910,europe 1816-1885
H0009,H,0,1847-10-04,1846-11-16,1867-07-27,21,There is no Cracow. It disappeared on 16 November 1846.,The map still says Austria. The name changed to Austria-Hungary in 1867.,AUSTRIA / RUSSIA / OTTOMAN EMPIRE,23.184,49.031,674,europe 1816-1885
H0010,H,0,1877-05-02,1864-05-28,1878-07-12,14,There is no United Kingdom. It disappeared in 1864.,There is no Serbia yet. It appeared on 13 July 1878.,OTTOMAN EMPIRE / ITALY / GREECE,18.892,40.495,819,europe 1816-1885
H0011,H,0,1876-04-15,1867-07-28,1878-07-12,11,"The map says Austria-Hungary, a name in use from 1867.",There is no Romania yet. It appeared on 13 July 1878.,OTTOMAN EMPIRE / GREECE / AUSTRIA-HUNGARY,24.132,40.64,1003,europe 1816-1885
H0012,H,0,1874-04-01,1867-07-28,1878-07-12,11,"The map says Austria-Hungary, a name in use from 1867.",There is no Serbia yet. It appeared on 13 July 1878.,AUSTRIA-HUNGARY / OTTOMAN EMPIRE / ITALY,16.785,45.289,561,europe 1816-1885
H0013,H,0,1869-02-04,1867-07-01,1870-12-31,3,"The map says North German Confederation, a name in use from 1867.",Saxony is still on the map. It disappeared in 1871.,NORTH GERMAN CONFEDERATION / RUSSIA / SAXONY,15.958,52.997,392,europe 1816-1885
H0014,H,0,1885-01-30,1878-07-13,1908-10-06,30,Serbia is on the map. It appeared on 13 July 1878.,Bosnia is still on the map. It disappeared on 7 October 1908.,AUSTRIA-HUNGARY / BOSNIA / SERBIA,17.469,46.244,600,europe 1816-1885
H0015,H,0,1877-09-17,1870-09-20,1878-07-12,8,There is no Papal States. It disappeared in 1870.,There is no Herzegovina yet. It appeared on 13 July 1878.,ITALY / AUSTRIA-HUNGARY / OTTOMAN EMPIRE,13.972,43.169,703,europe 1816-1885
H0016,H,0,1869-05-01,1867-07-28,1870-12-31,3,"The map says Austria-Hungary, a name in use from 1867.",Saxony is still on the map. It disappeared in 1871.,NORTH GERMAN CONFEDERATION / SAXONY / AUSTRIA-HUNGARY,15.071,52.601,450,europe 1816-1885
H0017,H,0,1866-07-13,1861-03-17,1867-07-27,6,"Italy holds this area, which passed to it from Two Sicilies on 17 March 1861.",The map still says Austria. The name changed to Austria-Hungary in 1867.,AUSTRIA / OTTOMAN EMPIRE / ITALY,20.155,44.317,866,europe 1816-1885
H0018,H,0,1863-08-08,1837-06-20,1864-10-29,27,"Hanover holds this area, which passed to it from United Kingdom in 1837.",There is no Austria yet. It appeared on 30 October 1864.,DENMARK / HANOVER / PRUSSIA,10.228,54.482,481,europe 1816-1885
H0019,H,0,1867-11-26,1861-03-17,1870-12-31,9,There is no Sardinia. It disappeared on 17 March 1861.,There is no Germany yet. It appeared in 1871.,FRANCE / ITALY / SWITZERLAND,7.221,45.182,494,europe 1816-1885
H0020,H,0,1882-05-31,1878-07-13,1908-10-06,30,Herzegovina is on the map. It appeared on 13 July 1878.,Bosnia is still on the map. It disappeared on 7 October 1908.,AUSTRIA-HUNGARY / BOSNIA / HERZEGOVINA,16.533,45.521,448,europe 1816-1885
H0021,H,0,1869-09-25,1867-07-01,1870-12-31,3,"The map says North German Confederation, a name in use from 1867.",Bavaria is still on the map. It disappeared in 1871.,NORTH GERMAN CONFEDERATION / BAVARIA / SAXONY,10.213,52.412,555,europe 1816-1885
H0022,H,0,1870-11-26,1861-03-17,1878-07-12,17,"Italy holds this area, which passed to it from Two Sicilies on 17 March 1861.",There is no Romania yet. It appeared on 13 July 1878.,OTTOMAN EMPIRE / GREECE / ITALY,21.974,40.222,1004,europe 1816-1885
H0023,H,0,1867-01-02,1866-10-03,1867-07-27,1,"The border between Austria and Italy is already in its new place, set in 1866.",The map still says Austria. The name changed to Austria-Hungary in 1867.,AUSTRIA / BAVARIA / ITALY,14.348,46.976,423,europe 1816-1885
H0024,H,0,1870-03-01,1867-07-01,1870-12-31,3,"The map says North German Confederation, a name in use from 1867.",Saxony is still on the map. It disappeared in 1871.,NORTH GERMAN CONFEDERATION / SAXONY / DENMARK,10.866,52.914,497,europe 1816-1885
H0025,H,0,1866-12-27,1861-03-17,1867-07-27,6,Italy is on the map. It appeared on 17 March 1861.,The map still says Austria. The name changed to Austria-Hungary in 1867.,ITALY / PAPAL STATES / AUSTRIA,14.071,42.583,353,europe 1816-1885
H0026,H,0,1866-11-22,1864-05-28,1867-07-27,3,There is no United Kingdom. It disappeared in 1864.,The map still says Austria. The name changed to Austria-Hungary in 1867.,OTTOMAN EMPIRE / GREECE / AUSTRIA,24.321,40.987,886,europe 1816-1885
H0027,H,0,1867-06-08,1866-10-03,1867-06-30,1,There is no Austria. It disappeared in 1866.,The map still says Prussia. The name changed to North German Confederation in 1867.,PRUSSIA / DENMARK / SWEDEN-NORWAY,10.319,54.319,584,europe 1816-1885
H0028,H,0,1863-08-16,1861-03-17,1867-05-10,6,There is no Sardinia. It disappeared on 17 March 1861.,There is no Luxembourg yet. It appeared on 11 May 1867.,FRANCE / UNITED KINGDOM / BELGIUM,0.521,47.447,837,europe 1816-1885
H0029,H,0,1865-07-15,1861-03-17,1866-10-02,5,Italy is on the map. It appeared on 17 March 1861.,The border between Austria and Italy has not moved yet. It moved in 1866.,ITALY / AUSTRIA / SWITZERLAND,10.997,45.403,380,europe 1816-1885
H0030,H,0,1852-02-27,1846-11-16,1866-10-02,20,There is no Cracow. It disappeared on 16 November 1846.,There is no Italy yet. It appeared in 1866.,AUSTRIA / PRUSSIA / RUSSIA,16.693,47.824,520,europe 1816-1885
H0031,H,0,1866-11-05,1866-10-03,1867-06-30,1,There is no Austria. It disappeared in 1866.,The map still says Prussia. The name changed to North German Confederation in 1867.,PRUSSIA / MECKLENBURG-SCHWERIN / DENMARK,12.983,53.632,432,europe 1816-1885
H0032,H,0,1865-01-02,1864-05-28,1866-10-02,2,There is no United Kingdom. It disappeared in 1864.,The border between Austria and Italy has not moved yet. It moved in 1866.,OTTOMAN EMPIRE / ITALY / AUSTRIA,17.087,41.547,793,europe 1816-1885
H0033,H,0,1833-07-10,1830-10-04,1837-06-19,7,Belgium is on the map. It appeared on 4 October 1830.,There is no Hanover yet. It appeared in 1837.,FRANCE / UNITED KINGDOM / BELGIUM,0.587,49.822,994,europe 1816-1885
H0034,H,0,1868-11-01,1867-07-28,1870-09-19,3,"The map says Austria-Hungary, a name in use from 1867.",Papal States is still on the map. It disappeared in 1870.,ITALY / AUSTRIA-HUNGARY / PAPAL STATES,12.24,43.49,548,europe 1816-1885
H0035,H,0,1880-04-13,1878-07-13,1881-07-01,3,Bulgaria is on the map. It appeared on 13 July 1878.,There is no Greece yet. It appeared in 1881.,OTTOMAN EMPIRE / BULGARIA / SERBIA,24.459,41.706,406,europe 1816-1885
H0036,H,0,1836-05-23,1830-10-04,1839-04-18,9,"Belgium holds this area, which passed to it from Netherlands on 4 October 1830.",There is no Netherlands yet. It appeared on 19 April 1839.,FRANCE / BELGIUM / PRUSSIA,4.514,48.924,362,europe 1816-1885
H0037,H,0,1838-01-30,1830-10-04,1839-04-18,9,"Belgium holds this area, which passed to it from Netherlands on 4 October 1830.",There is no Netherlands yet. It appeared on 19 April 1839.,FRANCE / SARDINIA / BELGIUM,3.862,47.787,420,europe 1816-1885
H0038,H,0,1866-12-22,1866-10-03,1867-07-27,1,"The border between Austria and Italy is already in its new place, set in 1866.",The map still says Austria. The name changed to Austria-Hungary in 1867.,AUSTRIA / OTTOMAN EMPIRE / ITALY,17.561,44.373,721,europe 1816-1885
H0039,H,0,1867-02-19,1864-05-28,1867-07-27,3,There is no United Kingdom. It disappeared in 1864.,The map still says Austria. The name changed to Austria-Hungary in 1867.,OTTOMAN EMPIRE / AUSTRIA / ITALY,17.693,42.341,700,europe 1816-1885
H0040,H,0,1866-10-08,1866-10-03,1867-07-27,1,"The border between Austria and Italy is already in its new place, set in 1866.",The map still says Austria. The name changed to Austria-Hungary in 1867.,ITALY / AUSTRIA / PAPAL STATES,13.687,43.068,421,europe 1816-1885
H0041,H,0,1847-03-30,1846-11-16,1867-06-30,21,There is no Cracow. It disappeared on 16 November 1846.,The map still says Prussia. The name changed to North German Confederation in 1867.,AUSTRIA / PRUSSIA / SAXONY,16.245,48.724,442,europe 1816-1885
H0042,H,0,1861-11-24,1846-11-16,1866-10-02,20,There is no Cracow. It disappeared on 16 November 1846.,There is no Italy yet. It appeared in 1866.,AUSTRIA / PRUSSIA / BAVARIA,16.091,48.033,479,europe 1816-1885
H0043,H,0,1867-07-08,1866-10-03,1867-07-27,1,"The border between Austria and Italy is already in its new place, set in 1866.",The map still says Austria. The name changed to Austria-Hungary in 1867.,ITALY / AUSTRIA / SWITZERLAND,10.903,44.671,396,europe 1816-1885
H0044,H,0,1871-01-30,1871-01-01,1871-05-09,0,There is no Bavaria. It disappeared in 1871.,The border between France and Germany has not moved yet. It moved on 10 May 1871.,GERMANY / AUSTRIA-HUNGARY / FRANCE,10.396,50.624,567,europe 1816-1885
H0045,H,0,1842-11-01,1837-06-20,1864-10-29,27,"Hanover holds this area, which passed to it from United Kingdom in 1837.",There is no Austria yet. It appeared on 30 October 1864.,PRUSSIA / SWEDEN-NORWAY / HANOVER,14.436,55.401,604,europe 1816-1885
H0046,H,0,1837-11-19,1837-06-20,1864-10-29,27,"Hanover holds this area, which passed to it from United Kingdom in 1837.",There is no Austria yet. It appeared on 30 October 1864.,DENMARK / HANOVER / OLDENBURG,9.14,54.69,335,europe 1816-1885
H0047,H,0,1867-03-12,1866-09-20,1867-05-10,1,There is no Hanover. It disappeared in 1866.,There is no Luxembourg yet. It appeared on 11 May 1867.,FRANCE / UNITED KINGDOM / BELGIUM,0.302,49.493,948,europe 1816-1885
H0048,H,0,1857-08-25,1846-11-16,1861-03-16,15,There is no Cracow. It disappeared on 16 November 1846.,There is no Italy yet. It appeared on 17 March 1861.,AUSTRIA / OTTOMAN EMPIRE / PRUSSIA,18.309,46.179,830,europe 1816-1885
H0049,H,0,1884-08-11,1878-07-13,1908-10-06,30,Serbia is on the map. It appeared on 13 July 1878.,Bosnia is still on the map. It disappeared on 7 October 1908.,AUSTRIA-HUNGARY / BOSNIA / GERMANY,17.012,47.471,569,europe 1816-1885
H0050,H,0,1861-03-26,1861-03-17,1867-05-10,6,There is no Sardinia. It disappeared on 17 March 1861.,There is no Luxembourg yet. It appeared on 11 May 1867.,FRANCE / BELGIUM / PRUSSIA,3.957,48.291,518,europe 1816-1885
H0051,H,0,1868-05-25,1867-07-01,1870-12-31,3,"The map says North German Confederation, a name in use from 1867.",Saxony is still on the map. It disappeared in 1871.,NORTH GERMAN CONFEDERATION / SWEDEN-NORWAY / SAXONY,14.228,53.619,582,europe 1816-1885
H0052,H,0,1867-11-08,1861-03-17,1870-09-19,9,Italy is on the map. It appeared on 17 March 1861.,Papal States is still on the map. It disappeared in 1870.,ITALY / PAPAL STATES / OTTOMAN EMPIRE,14.29,42.898,406,europe 1816-1885
H0053,H,0,1859-07-26,1837-06-20,1864-10-29,27,"Hanover holds this area, which passed to it from United Kingdom in 1837.",There is no Austria yet. It appeared on 30 October 1864.,DENMARK / MECKLENBURG-SCHWERIN / HANOVER,10.197,55.025,371,europe 1816-1885
H0054,H,0,1872-09-11,1870-09-20,1878-07-12,8,There is no Papal States. It disappeared in 1870.,There is no Serbia yet. It appeared on 13 July 1878.,OTTOMAN EMPIRE / ITALY / GREECE,18.554,40.493,888,europe 1816-1885
H0055,H,1,1911-10-26,1906-02-16,1913-12-31,7,There is no Lagos (Br.). It disappeared on 16 February 1906.,There is no Nigeria (Br.) yet. It appeared in 1914.,NORTHERN NIGERIA (BR.) / KAMERUN (GER.) / SOUTHERN NIGERIA (BR.),8.961,7.737,809,sub-saharan africa
H0056,H,1,1911-09-16,1904-10-03,1912-11-26,8,"Morocco has already given up land, on 3 October 1904.",Morocco is not yet marked French. It came under French rule on 27 November 1912.,ALGERIA (FR.) / MOROCCO / SPAIN,-2.971,32.915,1085,north africa
H0057,H,1,1887-08-17,1878-07-13,1908-10-06,30,Herzegovina is on the map. It appeared on 13 July 1878.,Herzegovina is still on the map. It disappeared on 7 October 1908.,ITALY / BOSNIA / HERZEGOVINA,16.337,42.621,443,balkans
H0058,H,1,1898-05-21,1895-06-16,1904-04-07,9,French West Africa is on the map. It appeared on 16 June 1895.,There is no Mauritania (Fr.) yet. It appeared on 8 April 1904.,FRENCH WEST AFRICA / FRENCH GUINEA / SENEGAL (FR.),-11.013,13.467,757,sub-saharan africa
H0059,H,1,1902-06-12,1900-09-05,1914-12-17,14,"Chad (Fr.) holds this area, which passed to it from French Congo on 5 September 1900.",Egypt is not yet marked British. It came under British rule on 18 December 1914.,ANGLO-EGYPTIAN SUDAN / EGYPT / CHAD (FR.),26.767,21.592,868,north africa
H0060,H,1,1897-02-27,1895-06-16,1904-04-07,9,French West Africa is on the map. It appeared on 16 June 1895.,French West Africa is still on the map. It disappeared on 8 April 1904.,FRENCH WEST AFRICA / SPANISH WEST AFRICA / SENEGAL (FR.),-12.871,19.32,813,north africa
H0061,H,1,1906-06-16,1898-10-20,1910-05-29,12,"The map says Southern Rhodesia (Br.), a name in use from 20 October 1898.",Transvaal is still on the map. It disappeared on 30 May 1910.,MOZAMBIQUE (PORT.) / SOUTHERN RHODESIA (BR.) / TRANSVAAL,32.95,-21.54,773,sub-saharan africa
H0062,H,1,1910-05-15,1908-11-15,1910-06-15,2,"The map says Belgian Congo, a name in use from 15 November 1908.",The border between Belgian Congo and Anglo-Egyptian Sudan has not moved yet. It moved on 16 June 1910.,ANGLO-EGYPTIAN SUDAN / BELGIAN CONGO / ETHIOPIA,31.444,6.628,530,sub-saharan africa
H0063,H,1,1906-02-26,1904-04-08,1912-11-26,8,There is no French West Africa. It disappeared on 8 April 1904.,Morocco is not yet marked French. It came under French rule on 27 November 1912.,ALGERIA (FR.) / MOROCCO / MAURITANIA (FR.),-5.546,28.224,559,north africa
H0064,H,1,1902-02-28,1900-09-05,1904-04-07,4,"Chad (Fr.) holds this area, which passed to it from French Congo on 5 September 1900.",French West Africa is still on the map. It disappeared on 8 April 1904.,CHAD (FR.) / FRENCH WEST AFRICA / EGYPT,15.859,18.644,881,north africa
H0065,H,1,1903-02-03,1893-10-03,1904-02-17,11,Laos (Fr.) is on the map. It appeared on 3 October 1893.,The border between Siam and Cambodia (Fr.) has not moved yet. It moved on 18 February 1904.,SIAM / CAMBODIA (FR.) / LAOS (FR.),103.235,13.85,534,southeast asia
H0066,H,1,1898-12-26,1893-11-12,1922-12-29,29,"The border between Afghanistan and India (Br.) is already in its new place, set on 12 November 1893.",The map still says Russia. The name changed to U.S.S.R. on 30 December 1922.,AFGHANISTAN / RUSSIA / INDIA (BR.),64.993,33.448,697,south asia
H0067,H,1,1904-07-10,1904-04-08,1904-10-02,0,"Mauritania (Fr.) holds this area, which passed to it from French West Africa on 8 April 1904.",Mauritania (Fr.) still holds land it gave up on 3 October 1904.,MOROCCO / MAURITANIA (FR.) / ALGERIA (FR.),-9.512,29.88,786,north africa
H0068,H,1,1906-07-13,1905-01-01,1920-12-03,15,Upper Senegal and Niger (Fr.) is on the map. It appeared in 1905.,The map still says Upper Senegal and Niger (Fr.). The name changed to French Sudan in December 1920.,MAURITANIA (FR.) / UPPER SENEGAL AND NIGER (FR.) / SENEGAL (FR.),-11.968,16.893,839,north africa
H0069,H,1,1903-09-29,1902-12-25,1904-04-07,2,"The border between Algeria (Fr.) and Algeria (Fr.) is already in its new place, set on 25 December 1902.",French West Africa is still on the map. It disappeared on 8 April 1904.,ALGERIA (FR.) / OTTOMAN EMPIRE / FRENCH WEST AFRICA,11.089,26.827,836,north africa
H0070,H,1,1898-03-31,1891-06-11,1903-12-28,12,Congo Free State already holds land it gained on 11 June 1891.,The map still says French Congo. The name changed to Middle Congo (Fr.) in 1903.,ANGOLA (PORT.) / CONGO FREE STATE / FRENCH CONGO,18.475,-7.217,955,sub-saharan africa
H0071,H,1,1899-06-23,1899-01-19,1900-09-04,1,Anglo-Egyptian Sudan is on the map. It appeared on 19 January 1899.,There is no Chad (Fr.) yet. It appeared on 5 September 1900.,FRENCH CONGO / ANGLO-EGYPTIAN SUDAN / CONGO FREE STATE,21.165,10.209,1285,sub-saharan africa
H0072,H,1,1908-02-29,1906-02-11,1934-07-19,28,"Ubangi-Shari (Fr.) holds this area, which passed to it from Middle Congo (Fr.) on 11 February 1906.",There is no Libya (It.) yet. It appeared on 20 July 1934.,ANGLO-EGYPTIAN SUDAN / CHAD (FR.) / UBANGI-SHARI (FR.),25.644,15.223,1174,north africa
H0073,H,1,1901-03-09,1895-06-16,1902-12-24,7,French West Africa is on the map. It appeared on 16 June 1895.,The border between French West Africa and French West Africa has not moved yet. It moved on 25 December 1902.,FRENCH WEST AFRICA / MOROCCO / ALGERIA (FR.),-2.766,27.677,1486,north africa
H0074,H,1,1900-08-01,1898-06-14,1900-09-04,2,French Congo is on the map. It appeared on 14 June 1898.,There is no Chad (Fr.) yet. It appeared on 5 September 1900.,FRENCH CONGO / KAMERUN (GER.) / FRENCH WEST AFRICA,16.64,11.948,873,sub-saharan africa
H0075,H,1,1897-07-20,1895-05-03,1898-10-19,3,"The map says Rhodesia (Br.), a name in use from May 1895.",The map still says Rhodesia (Br.). The name changed to Southern Rhodesia (Br.) on 20 October 1898.,RHODESIA (BR.) / CONGO FREE STATE / GERMAN EAST AFRICA,29.056,-9.642,880,sub-saharan africa
H0076,H,1,1907-07-29,1905-08-26,1917-12-05,12,Norway is on the map. It appeared on 26 August 1905.,There is no Finland yet. It appeared on 6 December 1917.,RUSSIA / SWEDEN / NORWAY,21.972,65.781,796,scandinavia and baltic
H0077,H,1,1894-03-18,1893-11-12,1912-12-31,19,There is no Afghanistan. It disappeared on 12 November 1893.,There is no Tibet yet. It appeared in 1913.,INDIA (BR.) / CHINA / NEPAL,78.793,33.591,709,south asia
H0078,H,1,1898-10-01,1895-05-03,1898-10-19,3,"The map says Rhodesia (Br.), a name in use from May 1895.",The map still says Rhodesia (Br.). The name changed to Southern Rhodesia (Br.) on 20 October 1898.,MOZAMBIQUE (PORT.) / RHODESIA (BR.) / GERMAN EAST AFRICA,35.403,-16.051,1214,sub-saharan africa
H0079,H,1,1912-09-03,1899-01-19,1914-12-17,15,Anglo-Egyptian Sudan is on the map. It appeared on 19 January 1899.,Egypt is not yet marked British. It came under British rule on 18 December 1914.,ANGLO-EGYPTIAN SUDAN / EGYPT / ERITREA (IT.),35.71,19.902,784,middle east
H0080,H,1,1902-08-28,1895-06-16,1902-12-24,7,French West Africa is on the map. It appeared on 16 June 1895.,There is no Algeria (Fr.) yet. It appeared on 25 December 1902.,FRENCH WEST AFRICA / SPANISH WEST AFRICA / MOROCCO,-7.818,22.95,1514,north africa
H0081,H,1,1897-02-08,1894-08-14,1898-06-13,4,Congo Free State already holds land it gained on 14 August 1894.,There is no French Congo yet. It appeared on 14 June 1898.,CONGO FREE STATE / GERMAN EAST AFRICA / UGANDA (BR.),29.424,-1.491,1393,sub-saharan africa
H0082,H,1,1910-01-01,1904-04-08,1912-11-26,8,There is no French West Africa. It disappeared on 8 April 1904.,The border between Mauritania (Fr.) and Spanish West Africa has not moved yet. It moved on 27 November 1912.,MAURITANIA (FR.) / SPANISH WEST AFRICA / SENEGAL (FR.),-15.307,20.827,1153,north africa
H0083,H,1,1904-01-18,1902-05-15,1907-12-05,5,"The border between Uganda (Br.) and British East Africa is already in its new place, set on 15 May 1902.",There is no Ethiopia yet. It appeared on 6 December 1907.,BRITISH EAST AFRICA / UGANDA (BR.) / GERMAN EAST AFRICA,36.417,0.908,714,sub-saharan africa
H0084,H,1,1911-02-07,1899-01-19,1912-10-17,13,Anglo-Egyptian Sudan is on the map. It appeared on 19 January 1899.,There is no Libya (It.) yet. It appeared on 18 October 1912.,EGYPT / ANGLO-EGYPTIAN SUDAN / OTTOMAN EMPIRE,30.381,24.916,1301,middle east
H0085,H,1,1913-02-28,1913-01-01,1914-04-16,1,Tibet is on the map. It appeared in 1913.,The border between China and Russia has not moved yet. It moved on 17 April 1914.,CHINA / RUSSIA / TIBET,110.652,47.075,2360,east asia
H0086,H,1,1911-07-29,1905-08-26,1919-06-27,14,"The map says Sweden, a name in use from 26 August 1905.",There is no Free City of Danzig yet. It appeared on 28 June 1919.,GERMANY / SWEDEN / DENMARK,13.923,54.387,636,west-central europe
H0087,H,1,1913-10-03,1912-10-18,1914-12-17,2,"Libya (It.) holds this area, which passed to it from Ottoman Empire on 18 October 1912.",Egypt is not yet marked British. It came under British rule on 18 December 1914.,EGYPT / ANGLO-EGYPTIAN SUDAN / LIBYA (IT.),27.078,25.92,1026,north africa
H0088,H,1,1909-11-22,1907-07-06,1911-08-17,4,"The map says Nyasaland (Br.), a name in use from 6 July 1907.",There is no Northern Rhodesia (Br.) yet. It appeared on 18 August 1911.,NORTH-EASTERN RHODESIA (BR.) / NYASALAND (BR.) / MOZAMBIQUE (PORT.),31.825,-12.64,477,sub-saharan africa
H0089,H,1,1912-04-10,1893-11-12,1912-12-31,19,"The border between Afghanistan and India (Br.) is already in its new place, set on 12 November 1893.",China still holds this area. It passed to Tibet in 1913.,INDIA (BR.) / AFGHANISTAN / CHINA,72.571,26.302,1569,south asia
H0090,H,1,1899-12-01,1899-01-19,1914-12-17,15,Anglo-Egyptian Sudan is on the map. It appeared on 19 January 1899.,Egypt is not yet marked British. It came under British rule on 18 December 1914.,EGYPT / ANGLO-EGYPTIAN SUDAN / OTTOMAN EMPIRE,33.396,23.136,1095,north africa
H0091,H,1,1892-07-09,1891-06-11,1900-01-28,9,Mozambique (Port.) already holds land it gained on 11 June 1891.,There is no North-Eastern Rhodesia (Br.) yet. It appeared on 29 January 1900.,MOZAMBIQUE (PORT.) / GERMAN EAST AFRICA / BRITISH CENTRAL AFRICA,36.532,-13.446,946,sub-saharan africa
H0092,H,1,1900-01-17,1895-11-16,1910-05-29,15,There is no British Bechuanaland. It disappeared on 16 November 1895.,Cape Colony (Br.) is still on the map. It disappeared on 30 May 1910.,BECHUANALAND (BR.) / TRANSVAAL / CAPE COLONY (BR.),24.297,-23.473,752,sub-saharan africa
H0093,H,1,1910-04-07,1907-07-06,1920-01-09,13,"The map says Nyasaland (Br.), a name in use from 6 July 1907.",The map still says German East Africa. The name changed to Tanganyika in 1920.,GERMAN EAST AFRICA / MOZAMBIQUE (PORT.) / NYASALAND (BR.),36.636,-8.468,821,sub-saharan africa
H0094,H,1,1904-06-01,1902-12-25,1912-10-17,10,"The border between Algeria (Fr.) and Algeria (Fr.) is already in its new place, set on 25 December 1902.",Ottoman Empire still holds this area. It passed to Libya (It.) on 18 October 1912.,ALGERIA (FR.) / OTTOMAN EMPIRE / TUNISIA (FR.),10.531,28.104,987,north africa
H0095,H,1,1897-12-19,1895-05-03,1898-10-19,3,"The map says Rhodesia (Br.), a name in use from May 1895.",The map still says Rhodesia (Br.). The name changed to Southern Rhodesia (Br.) on 20 October 1898.,ANGOLA (PORT.) / CONGO FREE STATE / RHODESIA (BR.),22.513,-10.898,1125,sub-saharan africa
H0096,H,1,1910-08-14,1900-09-05,1912-10-17,12,"Chad (Fr.) holds this area, which passed to it from French Congo on 5 September 1900.",Ottoman Empire still holds this area. It passed to Libya (It.) on 18 October 1912.,CHAD (FR.) / EGYPT / OTTOMAN EMPIRE,18.075,21.563,490,north africa
H0097,H,1,1907-05-31,1900-01-29,1908-11-14,8,North-Western Rhodesia (Br.) is on the map. It appeared on 29 January 1900.,The map still says Congo Free State. The name changed to Belgian Congo on 15 November 1908.,CONGO FREE STATE / GERMAN EAST AFRICA / NORTH-EASTERN RHODESIA (BR.),30.119,-7.756,977,sub-saharan africa
H0098,H,1,1913-09-17,1907-12-06,1920-07-22,13,"The border between British East Africa and Ethiopia is already in its new place, set on 6 December 1907.",The map still says British East Africa. The name changed to Kenya (Br.) on 23 July 1920.,ETHIOPIA / BRITISH EAST AFRICA / UGANDA (BR.),38.565,4.499,965,sub-saharan africa
H0099,H,1,1909-08-02,1908-10-07,1918-11-02,10,There is no Bosnia. It disappeared on 7 October 1908.,Austria-Hungary is still on the map. It disappeared on 3 November 1918.,AUSTRIA-HUNGARY / ROMANIA / SERBIA,22.274,46.453,555,balkans
H0100,H,1,1912-04-27,1905-08-26,1918-02-15,13,"The map says Sweden, a name in use from 26 August 1905.",There is no Lithuania yet. It appeared on 16 February 1918.,GERMANY / SWEDEN / RUSSIA,15.691,54.25,690,scandinavia and baltic
H0101,H,1,1907-07-04,1904-04-08,1913-12-31,9,"Northern Nigeria (Br.) has already given up land, on 8 April 1904.",There is no Nigeria (Br.) yet. It appeared in 1914.,NORTHERN NIGERIA (BR.) / KAMERUN (GER.) / SOUTHERN NIGERIA (BR.),10.028,9.673,669,sub-saharan africa
H0102,H,1,1911-05-30,1905-01-01,1920-12-03,15,Upper Senegal and Niger (Fr.) is on the map. It appeared in 1905.,The map still says Upper Senegal and Niger (Fr.). The name changed to French Sudan in December 1920.,ALGERIA (FR.) / NIGER (FR.) / UPPER SENEGAL AND NIGER (FR.),4.903,21.342,761,north africa
H0103,H,1,1905-01-12,1893-10-03,1912-12-31,19,Laos (Fr.) is on the map. It appeared on 3 October 1893.,There is no Tibet yet. It appeared in 1913.,CHINA / ANNAM (FR.) / LAOS (FR.),106.547,27.055,1432,southeast asia
H0104,H,1,1891-04-28,1890-08-20,1891-06-10,1,Angola (Port.) is on the map. It appeared on 20 August 1890.,There is no British South Africa Company yet. It appeared on 11 June 1891.,GERMAN SOUTH WEST AFRICA / BECHUANALAND (BR.) / ANGOLA (PORT.),20.57,-19.031,704,sub-saharan africa
H0105,H,1,1909-05-29,1908-11-15,1911-08-17,3,"The map says Belgian Congo, a name in use from 15 November 1908.",North-Eastern Rhodesia (Br.) still holds this area. It passed to Northern Rhodesia (Br.) on 18 August 1911.,BELGIAN CONGO / GERMAN EAST AFRICA / NORTH-EASTERN RHODESIA (BR.),27.435,-5.321,782,sub-saharan africa
H0106,H,1,1911-08-15,1908-11-15,1911-08-17,3,"The map says Belgian Congo, a name in use from 15 November 1908.",There is no Northern Rhodesia (Br.) yet. It appeared on 18 August 1911.,NORTH-WESTERN RHODESIA (BR.) / BELGIAN CONGO / NORTH-EASTERN RHODESIA (BR.),27.564,-11.889,782,sub-saharan africa
H0107,H,1,1904-02-25,1902-12-25,1904-04-07,2,"The border between French West Africa and Algeria (Fr.) is already in its new place, set on 25 December 1902.",There is no Mauritania (Fr.) yet. It appeared on 8 April 1904.,FRENCH WEST AFRICA / ALGERIA (FR.) / MOROCCO,-4.709,24.42,1234,north africa
H0108,H,1,1909-04-19,1905-01-01,1912-11-26,7,Upper Senegal and Niger (Fr.) is on the map. It appeared in 1905.,The border between Mauritania (Fr.) and Spanish West Africa has not moved yet. It moved on 27 November 1912.,MAURITANIA (FR.) / SPANISH WEST AFRICA / UPPER SENEGAL AND NIGER (FR.),-11.204,21.342,1014,north africa
H0109,H,1,1912-04-04,1910-05-31,1915-08-15,5,Union of South Africa is on the map. It appeared on 31 May 1910.,The map still says German South West Africa. The name changed to South West Africa on 16 August 1915.,UNION OF SOUTH AFRICA / GERMAN SOUTH WEST AFRICA / BECHUANALAND (BR.),21.727,-27.511,1522,sub-saharan africa
H0110,H,1,1899-10-10,1898-10-20,1900-01-28,2,"The map says Southern Rhodesia (Br.), a name in use from 20 October 1898.",There is no North-Western Rhodesia (Br.) yet. It appeared on 29 January 1900.,SOUTHERN RHODESIA (BR.) / BECHUANALAND (BR.) / ANGOLA (PORT.),24.58,-17.51,913,sub-saharan africa
H0111,H,1,1900-06-08,1899-01-01,1913-12-31,14,Northern Nigeria (Br.) is on the map. It appeared in 1899.,There is no Nigeria (Br.) yet. It appeared in 1914.,KAMERUN (GER.) / NORTHERN NIGERIA (BR.) / SOUTHERN NIGERIA (BR.),10.11,6.127,686,sub-saharan africa
H0112,H,1,1906-12-15,1905-01-01,1919-02-28,14,Upper Senegal and Niger (Fr.) is on the map. It appeared in 1905.,There is no Upper Volta (Fr.) yet. It appeared on 1 March 1919.,ALGERIA (FR.) / NIGER (FR.) / UPPER SENEGAL AND NIGER (FR.),4.464,19.414,1140,north africa
H0113,H,1,1900-12-29,1898-06-14,1904-04-07,6,Gold Coast (Br.) is on the map. It appeared on 14 June 1898.,French West Africa is still on the map. It disappeared on 8 April 1904.,FRENCH WEST AFRICA / DAHOMEY (FR.) / GOLD COAST (BR.),-0.383,13.654,692,sub-saharan africa
H0114,H,1,1905-04-17,1903-12-29,1906-02-10,3,"The map says Middle Congo (Fr.), a name in use from 1903.",There is no Ubangi-Shari (Fr.) yet. It appeared on 11 February 1906.,CONGO FREE STATE / MIDDLE CONGO (FR.) / ANGOLA (PORT.),20.601,-2.634,1216,sub-saharan africa
H0115,H,1,1904-06-07,1895-11-16,1910-05-29,15,There is no British Bechuanaland. It disappeared on 16 November 1895.,Cape Colony (Br.) is still on the map. It disappeared on 30 May 1910.,GERMAN SOUTH WEST AFRICA / CAPE COLONY (BR.) / ANGOLA (PORT.),14.635,-23.955,1557,sub-saharan africa
H0116,H,1,1904-11-09,1900-01-29,1911-08-17,11,North-Western Rhodesia (Br.) is on the map. It appeared on 29 January 1900.,North-Western Rhodesia (Br.) still holds this area. It passed to Northern Rhodesia (Br.) on 18 August 1911.,SOUTHERN RHODESIA (BR.) / MOZAMBIQUE (PORT.) / NORTH-WESTERN RHODESIA (BR.),31.633,-18.693,707,sub-saharan africa
H0117,H,1,1897-09-14,1895-05-03,1898-10-19,3,"The map says Rhodesia (Br.), a name in use from May 1895.",The map still says Rhodesia (Br.). The name changed to Southern Rhodesia (Br.) on 20 October 1898.,MOZAMBIQUE (PORT.) / RHODESIA (BR.) / TRANSVAAL,32.977,-20.669,952,sub-saharan africa
H0118,H,1,1903-08-09,1900-01-29,1905-05-29,5,"North-Western Rhodesia (Br.) holds this area, which passed to it from Southern Rhodesia (Br.) on 29 January 1900.",The border between Angola (Port.) and North-Western Rhodesia (Br.) has not moved yet. It moved on 30 May 1905.,ANGOLA (PORT.) / NORTH-WESTERN RHODESIA (BR.) / GERMAN SOUTH WEST AFRICA,22.24,-15.313,513,sub-saharan africa
H0119,H,1,1901-09-24,1899-01-19,1902-05-14,3,Anglo-Egyptian Sudan is on the map. It appeared on 19 January 1899.,The border between Anglo-Egyptian Sudan and Ethiopia has not moved yet. It moved on 15 May 1902.,ANGLO-EGYPTIAN SUDAN / ETHIOPIA / ERITREA (IT.),35.151,14.563,1077,middle east
H0120,H,1,1905-08-29,1900-01-29,1908-11-14,8,North-Western Rhodesia (Br.) is on the map. It appeared on 29 January 1900.,The map still says Congo Free State. The name changed to Belgian Congo on 15 November 1908.,NORTH-EASTERN RHODESIA (BR.) / CONGO FREE STATE / NORTH-WESTERN RHODESIA (BR.),28.702,-11.026,529,sub-saharan africa
H0121,H,1,1894-09-20,1890-07-01,1895-05-02,5,Bechuanaland (Br.) already holds land it gained on 1 July 1890.,The map still says British South Africa Company. The name changed to Rhodesia (Br.) in May 1895.,TRANSVAAL / BECHUANALAND (BR.) / BRITISH SOUTH AFRICA COMPANY,29.284,-23.851,536,sub-saharan africa
H0122,H,1,1910-03-23,1908-10-07,1912-12-31,4,There is no Bosnia. It disappeared on 7 October 1908.,There is no Albania yet. It appeared in 1913.,AUSTRIA-HUNGARY / ITALY / SERBIA,16.038,44.043,652,west-central europe
H0123,H,1,1907-01-26,1905-01-01,1919-02-28,14,Upper Senegal and Niger (Fr.) is on the map. It appeared in 1905.,There is no Upper Volta (Fr.) yet. It appeared on 1 March 1919.,UPPER SENEGAL AND NIGER (FR.) / MAURITANIA (FR.) / ALGERIA (FR.),-6.115,18.958,1088,north africa
H0124,H,1,1905-08-25,1904-10-03,1912-11-26,8,"Mauritania (Fr.) has already given up land, on 3 October 1904.",There is no Spanish Morocco yet. It appeared on 27 November 1912.,MAURITANIA (FR.) / SPANISH WEST AFRICA / MOROCCO,-12.025,25.643,757,north africa
H0125,H,1,1896-12-02,1895-06-16,1902-12-24,7,French West Africa is on the map. It appeared on 16 June 1895.,French West Africa is still on the map. It disappeared on 25 December 1902.,FRENCH WEST AFRICA / ALGERIA (FR.) / OTTOMAN EMPIRE,6.357,27.571,870,north africa
H0126,H,1,1901-01-23,1899-01-19,1903-12-28,4,Anglo-Egyptian Sudan is on the map. It appeared on 19 January 1899.,The map still says French Congo. The name changed to Middle Congo (Fr.) in 1903.,ANGLO-EGYPTIAN SUDAN / CONGO FREE STATE / FRENCH CONGO,29.194,6.502,704,sub-saharan africa
H0127,H,1,1898-12-04,1898-06-14,1904-04-07,6,Gold Coast (Br.) is on the map. It appeared on 14 June 1898.,There is no Mauritania (Fr.) yet. It appeared on 8 April 1904.,FRENCH WEST AFRICA / GOLD COAST (BR.) / IVORY COAST (FR.),-4.353,14.364,919,sub-saharan africa
H0128,H,1,1913-02-03,1905-01-01,1920-12-03,15,Upper Senegal and Niger (Fr.) is on the map. It appeared in 1905.,The map still says Upper Senegal and Niger (Fr.). The name changed to French Sudan in December 1920.,FRENCH GUINEA / UPPER SENEGAL AND NIGER (FR.) / SIERRA LEONE (BR.),-9.522,11.351,438,sub-saharan africa
H0129,H,1,1902-11-07,1893-11-12,1920-09-01,27,"The border between Afghanistan and India (Br.) is already in its new place, set on 12 November 1893.",Bokhara (Russ.) is still on the map. It disappeared on 2 September 1920.,AFGHANISTAN / INDIA (BR.) / BOKHARA (RUSS.),70.142,35.008,515,south asia
H0130,H,1,1909-04-26,1908-10-07,1918-11-02,10,There is no Bosnia. It disappeared on 7 October 1908.,There is no Hungary yet. It appeared on 3 November 1918.,AUSTRIA-HUNGARY / ITALY / GERMANY,13.441,45.928,733,balkans
H0131,H,1,1897-06-17,1895-06-16,1902-12-24,7,French West Africa is on the map. It appeared on 16 June 1895.,The border between Algeria (Fr.) and Algeria (Fr.) has not moved yet. It moved on 25 December 1902.,FRENCH WEST AFRICA / ALGERIA (FR.) / TUNISIA (FR.),4.773,26.737,1168,north africa
H0132,H,1,1905-10-24,1905-01-01,1912-10-17,7,Niger (Fr.) is on the map. It appeared in 1905.,Ottoman Empire still holds this area. It passed to Libya (It.) on 18 October 1912.,ALGERIA (FR.) / OTTOMAN EMPIRE / NIGER (FR.),11.34,26.076,757,north africa
H0133,H,1,1906-04-16,1903-11-17,1909-07-08,6,"The border between Bolivia and Brazil is already in its new place, set on 17 November 1903.",The border between Peru and Brazil has not moved yet. It moved on 9 July 1909.,BRAZIL / PERU / BOLIVIA,-71.285,-7.286,907,americas
H0134,H,1,1901-10-12,1894-06-08,1902-05-14,8,Uganda (Br.) is on the map. It appeared on 8 June 1894.,The border between Uganda (Br.) and British East Africa has not moved yet. It moved on 15 May 1902.,GERMAN EAST AFRICA / BRITISH EAST AFRICA / UGANDA (BR.),37.173,-5.234,1206,sub-saharan africa
H0135,H,1,1902-12-08,1900-09-05,1904-04-07,4,"Chad (Fr.) holds this area, which passed to it from French Congo on 5 September 1900.",French West Africa is still on the map. It disappeared on 8 April 1904.,CHAD (FR.) / FRENCH WEST AFRICA / KAMERUN (GER.),15.596,13.888,492,sub-saharan africa
H0136,H,1,1905-02-22,1892-03-08,1916-11-02,24,Trucial States (Br.) is on the map. It appeared on 8 March 1892.,There is no Qatar (Br.) yet. It appeared on 3 November 1916.,PERSIA / TRUCIAL STATES (BR.) / MUSCAT AND OMAN,54.823,26.548,749,middle east
H0137,H,1,1910-07-26,1902-05-15,1920-01-09,18,"The border between Uganda (Br.) and British East Africa is already in its new place, set on 15 May 1902.",The map still says German East Africa. The name changed to Tanganyika in 1920.,GERMAN EAST AFRICA / UGANDA (BR.) / BRITISH EAST AFRICA,33.06,-3.525,666,sub-saharan africa
H0138,H,1,1909-11-11,1905-01-01,1919-02-28,14,Upper Senegal and Niger (Fr.) is on the map. It appeared in 1905.,There is no Upper Volta (Fr.) yet. It appeared on 1 March 1919.,NIGER (FR.) / UPPER SENEGAL AND NIGER (FR.) / DAHOMEY (FR.),2.24,13.441,421,sub-saharan africa
H0139,H,1,1910-04-29,1905-01-01,1919-02-28,14,Upper Senegal and Niger (Fr.) is on the map. It appeared in 1905.,There is no Upper Volta (Fr.) yet. It appeared on 1 March 1919.,UPPER SENEGAL AND NIGER (FR.) / IVORY COAST (FR.) / FRENCH GUINEA,-7.046,11.536,608,sub-saharan africa
H0140,H,1,1906-10-14,1905-01-01,1920-12-03,15,Upper Senegal and Niger (Fr.) is on the map. It appeared in 1905.,The map still says Upper Senegal and Niger (Fr.). The name changed to French Sudan in December 1920.,UPPER SENEGAL AND NIGER (FR.) / MAURITANIA (FR.) / ALGERIA (FR.),-7.236,19.774,1065,north africa
H0141,H,1,1900-01-06,1898-06-14,1903-12-28,5,French Congo already holds land it gained on 14 June 1898.,The map still says French Congo. The name changed to Middle Congo (Fr.) in 1903.,FRENCH CONGO / KAMERUN (GER.) / GABON (FR.),14.832,2.591,653,sub-saharan africa
H0142,H,1,1894-11-05,1891-06-11,1895-05-02,4,Congo Free State already holds land it gained on 11 June 1891.,The map still says British South Africa Company. The name changed to Rhodesia (Br.) in May 1895.,ANGOLA (PORT.) / BRITISH SOUTH AFRICA COMPANY / CONGO FREE STATE,22.178,-13.309,935,sub-saharan africa
H0143,H,1,1895-03-31,1890-07-01,1895-11-15,5,Bechuanaland (Br.) already holds land it gained on 1 July 1890.,British Bechuanaland is still on the map. It disappeared on 16 November 1895.,BECHUANALAND (BR.) / GERMAN SOUTH WEST AFRICA / BRITISH BECHUANALAND,22.84,-22.613,721,sub-saharan africa
H0144,H,1,1903-03-20,1899-01-01,1904-04-07,5,Northern Nigeria (Br.) is on the map. It appeared in 1899.,French West Africa is still on the map. It disappeared on 8 April 1904.,NORTHERN NIGERIA (BR.) / FRENCH WEST AFRICA / DAHOMEY (FR.),6.048,12.267,713,sub-saharan africa
H0145,H,1,1890-08-25,1890-07-01,1895-11-15,5,Bechuanaland (Br.) already holds land it gained on 1 July 1890.,British Bechuanaland is still on the map. It disappeared on 16 November 1895.,BECHUANALAND (BR.) / BRITISH BECHUANALAND / TRANSVAAL,23.73,-23.241,773,sub-saharan africa
H0146,H,1,1898-03-22,1895-05-03,1898-10-19,3,"The map says Rhodesia (Br.), a name in use from May 1895.",The map still says Rhodesia (Br.). The name changed to Southern Rhodesia (Br.) on 20 October 1898.,GERMAN EAST AFRICA / BRITISH CENTRAL AFRICA / RHODESIA (BR.),34.804,-9.288,430,sub-saharan africa
H0147,H,1,1900-02-09,1899-01-19,1900-09-04,1,"The border between Egypt and Egypt is already in its new place, set on 19 January 1899.",French Congo still holds this area. It passed to Chad (Fr.) on 5 September 1900.,EGYPT / OTTOMAN EMPIRE / FRENCH CONGO,20.555,27.662,1091,north africa
H0148,H,1,1906-02-15,1905-01-01,1906-02-15,1,Niger (Fr.) is on the map. It appeared in 1905.,Lagos (Br.) is still on the map. It disappeared on 16 February 1906.,NORTHERN NIGERIA (BR.) / NIGER (FR.) / LAGOS (BR.),6.268,10.645,734,sub-saharan africa
H0149,H,1,1893-09-18,1891-03-24,1894-06-07,3,"The border between British East Africa and British East Africa is already in its new place, set on 24 March 1891.",British East Africa still holds this area. It passed to Uganda (Br.) on 8 June 1894.,GERMAN EAST AFRICA / CONGO FREE STATE / BRITISH EAST AFRICA,31.748,-3.702,844,sub-saharan africa
H0150,H,1,1899-05-02,1899-01-01,1906-02-15,7,Northern Nigeria (Br.) is on the map. It appeared in 1899.,Lagos (Br.) is still on the map. It disappeared on 16 February 1906.,NORTHERN NIGERIA (BR.) / SOUTHERN NIGERIA (BR.) / LAGOS (BR.),6.964,7.94,535,sub-saharan africa
H0151,H,1,1911-04-12,1902-05-15,1914-12-17,12,"The border between Anglo-Egyptian Sudan and Ethiopia is already in its new place, set on 15 May 1902.",Egypt is not yet marked British. It came under British rule on 18 December 1914.,ANGLO-EGYPTIAN SUDAN / EGYPT / ETHIOPIA,31.457,16.549,1372,middle east
H0152,H,1,1913-02-21,1910-06-16,1920-01-09,10,"The border between Belgian Congo and Uganda (Br.) is already in its new place, set on 16 June 1910.",The map still says German East Africa. The name changed to Tanganyika in 1920.,UGANDA (BR.) / GERMAN EAST AFRICA / BELGIAN CONGO,32.14,0.805,613,sub-saharan africa
H0153,H,1,1908-12-23,1905-01-01,1913-12-31,8,Upper Senegal and Niger (Fr.) is on the map. It appeared in 1905.,Northern Nigeria (Br.) still holds this area. It passed to Nigeria (Br.) in 1914.,NIGER (FR.) / UPPER SENEGAL AND NIGER (FR.) / NORTHERN NIGERIA (BR.),3.607,16.233,602,north africa
H0154,H,1,1910-03-16,1907-12-06,1920-07-22,13,"The border between British East Africa and Ethiopia is already in its new place, set on 6 December 1907.",The map still says British East Africa. The name changed to Kenya (Br.) on 23 July 1920.,ETHIOPIA / ITALIAN SOMALILAND / BRITISH EAST AFRICA,42.653,5.218,706,sub-saharan africa
H0155,H,1,1899-05-04,1898-10-20,1900-01-28,2,"The map says Southern Rhodesia (Br.), a name in use from 20 October 1898.",There is no North-Eastern Rhodesia (Br.) yet. It appeared on 29 January 1900.,SOUTHERN RHODESIA (BR.) / CONGO FREE STATE / MOZAMBIQUE (PORT.),28.636,-12.982,810,sub-saharan africa
H0156,H,1,1902-08-01,1900-01-29,1905-05-29,5,"North-Western Rhodesia (Br.) holds this area, which passed to it from Southern Rhodesia (Br.) on 29 January 1900.",The border between Angola (Port.) and North-Western Rhodesia (Br.) has not moved yet. It moved on 30 May 1905.,CONGO FREE STATE / ANGOLA (PORT.) / NORTH-WESTERN RHODESIA (BR.),23.89,-10.626,906,sub-saharan africa
H0157,H,1,1899-08-28,1894-08-14,1908-11-14,14,Congo Free State already holds land it gained on 14 August 1894.,The map still says Congo Free State. The name changed to Belgian Congo on 15 November 1908.,CONGO FREE STATE / UGANDA (BR.) / GERMAN EAST AFRICA,29.856,1.461,622,sub-saharan africa
H0158,H,1,1905-08-29,1903-12-29,1906-02-10,3,"The map says Middle Congo (Fr.), a name in use from 1903.",Middle Congo (Fr.) still holds this area. It passed to Ubangi-Shari (Fr.) on 11 February 1906.,ANGLO-EGYPTIAN SUDAN / MIDDLE CONGO (FR.) / CONGO FREE STATE,27.227,8.458,856,sub-saharan africa
H0159,H,1,1897-08-23,1895-06-16,1902-12-24,7,French West Africa is on the map. It appeared on 16 June 1895.,The border between French West Africa and French West Africa has not moved yet. It moved on 25 December 1902.,MOROCCO / FRENCH WEST AFRICA / SPAIN,-6.519,32.217,933,north africa
H0160,H,1,1906-12-17,1903-12-29,1908-11-14,5,"The map says Middle Congo (Fr.), a name in use from 1903.",The map still says Congo Free State. The name changed to Belgian Congo on 15 November 1908.,CONGO FREE STATE / ANGOLA (PORT.) / MIDDLE CONGO (FR.),20.609,-4.557,1184,sub-saharan africa
H0161,H,1,1897-03-24,1895-05-03,1898-10-19,3,"The map says Rhodesia (Br.), a name in use from May 1895.",The map still says Rhodesia (Br.). The name changed to Southern Rhodesia (Br.) on 20 October 1898.,RHODESIA (BR.) / CONGO FREE STATE / MOZAMBIQUE (PORT.),28.508,-14.476,770,sub-saharan africa
H0162,H,1,1902-07-06,1900-09-05,1903-12-28,3,Chad (Fr.) is on the map. It appeared on 5 September 1900.,The map still says French Congo. The name changed to Middle Congo (Fr.) in 1903.,ANGLO-EGYPTIAN SUDAN / FRENCH CONGO / CHAD (FR.),23.673,10.512,1153,sub-saharan africa
H0163,H,1,1901-10-16,1900-09-05,1902-05-14,2,Chad (Fr.) is on the map. It appeared on 5 September 1900.,There is no Ethiopia yet. It appeared on 15 May 1902.,ANGLO-EGYPTIAN SUDAN / CHAD (FR.) / FRENCH CONGO,28.268,14.57,1381,middle east
H0164,H,1,1901-12-24,1900-09-05,1902-12-24,2,"Chad (Fr.) holds this area, which passed to it from French Congo on 5 September 1900.",There is no Algeria (Fr.) yet. It appeared on 25 December 1902.,FRENCH WEST AFRICA / OTTOMAN EMPIRE / CHAD (FR.),12.311,21.43,866,north africa
H0165,H,1,1908-01-27,1899-01-19,1912-10-17,13,Egypt already holds land it gained on 19 January 1899.,There is no Libya (It.) yet. It appeared on 18 October 1912.,EGYPT / OTTOMAN EMPIRE / GREECE,25.379,30.821,1657,middle east
H0166,H,1,1913-05-02,1911-08-18,1920-06-27,9,Northern Rhodesia (Br.) is on the map. It appeared on 18 August 1911.,There is no Ruanda-Urundi (Belg.) yet. It appeared on 28 June 1920.,BELGIAN CONGO / NORTHERN RHODESIA (BR.) / ANGOLA (PORT.),24.7,-9.879,1170,sub-saharan africa
H0167,H,1,1897-01-16,1895-06-16,1902-12-24,7,French West Africa is on the map. It appeared on 16 June 1895.,French West Africa is still on the map. It disappeared on 25 December 1902.,OTTOMAN EMPIRE / FRENCH WEST AFRICA / TUNISIA (FR.),12.118,30.209,536,north africa
H0168,H,1,1905-01-01,1905-01-01,1919-02-28,14,Upper Senegal and Niger (Fr.) is on the map. It appeared in 1905.,There is no Upper Volta (Fr.) yet. It appeared on 1 March 1919.,UPPER SENEGAL AND NIGER (FR.) / MAURITANIA (FR.) / FRENCH GUINEA,-7.939,14.478,738,sub-saharan africa
H0169,H,1,1904-01-07,1902-12-25,1904-04-07,2,"The border between French West Africa and Algeria (Fr.) is already in its new place, set on 25 December 1902.",There is no Mauritania (Fr.) yet. It appeared on 8 April 1904.,FRENCH WEST AFRICA / ALGERIA (FR.) / NORTHERN NIGERIA (BR.),2.075,21.904,1817,north africa
H0170,H,1,1905-10-23,1900-01-29,1907-07-05,7,"North-Eastern Rhodesia (Br.) holds this area, which passed to it from Southern Rhodesia (Br.) on 29 January 1900.",The map still says British Central Africa. The name changed to Nyasaland (Br.) on 6 July 1907.,MOZAMBIQUE (PORT.) / BRITISH CENTRAL AFRICA / NORTH-EASTERN RHODESIA (BR.),33.981,-13.702,409,sub-saharan africa
H0171,H,1,1907-07-24,1891-06-11,1920-01-09,29,Mozambique (Port.) already holds land it gained on 11 June 1891.,The map still says German East Africa. The name changed to Tanganyika in 1920.,GERMAN EAST AFRICA / MOZAMBIQUE (PORT.) / BRITISH EAST AFRICA,39.152,-7.515,858,sub-saharan africa
H0172,H,1,1899-11-24,1899-01-19,1900-09-04,1,Anglo-Egyptian Sudan is on the map. It appeared on 19 January 1899.,French Congo still holds this area. It passed to Chad (Fr.) on 5 September 1900.,EGYPT / ANGLO-EGYPTIAN SUDAN / FRENCH CONGO,23.729,24.455,811,north africa
H0173,H,1,1910-05-06,1907-07-06,1911-08-17,4,"The map says Nyasaland (Br.), a name in use from 6 July 1907.",North-Eastern Rhodesia (Br.) still holds this area. It passed to Northern Rhodesia (Br.) on 18 August 1911.,NORTH-EASTERN RHODESIA (BR.) / GERMAN EAST AFRICA / NYASALAND (BR.),32.873,-10.131,469,sub-saharan africa
H0174,H,1,1900-03-01,1897-05-14,1907-12-05,10,"The border between Ethiopia and Ethiopia is already in its new place, set on 14 May 1897.",The border between British East Africa and Ethiopia has not moved yet. It moved on 6 December 1907.,ETHIOPIA / BRITISH EAST AFRICA / ITALIAN SOMALILAND,40.61,7.247,688,sub-saharan africa
H0175,H,1,1901-09-05,1899-01-19,1920-04-25,21,Anglo-Egyptian Sudan is on the map. It appeared on 19 January 1899.,Ottoman Empire is still on the map. It disappeared on 26 April 1920.,ANGLO-EGYPTIAN SUDAN / OTTOMAN EMPIRE / ERITREA (IT.),38.443,19.096,581,middle east
H0176,H,1,1909-12-25,1908-10-07,1918-11-02,10,There is no Bosnia. It disappeared on 7 October 1908.,Austria-Hungary is still on the map. It disappeared on 3 November 1918.,AUSTRIA-HUNGARY / SERBIA / GERMANY,19.277,46.917,668,balkans
H0177,H,1,1907-09-22,1905-01-01,1913-12-31,8,Niger (Fr.) is on the map. It appeared in 1905.,Northern Nigeria (Br.) still holds this area. It passed to Nigeria (Br.) in 1914.,NORTHERN NIGERIA (BR.) / NIGER (FR.) / KAMERUN (GER.),9.081,11.673,763,sub-saharan africa
H0178,H,1,1911-05-31,1908-10-07,1912-12-31,4,There is no Bosnia. It disappeared on 7 October 1908.,There is no Albania yet. It appeared in 1913.,AUSTRIA-HUNGARY / ITALY / GERMANY,15.894,44.86,643,balkans
H0179,H,1,1910-10-08,1908-11-15,1912-03-29,4,"The map says Belgian Congo, a name in use from 15 November 1908.",There is no Kamerun (Ger.) yet. It appeared on 30 March 1912.,BELGIAN CONGO / ANGOLA (PORT.) / MIDDLE CONGO (FR.),19.728,-6.854,1232,sub-saharan africa
H0180,H,1,1905-07-18,1903-12-29,1906-02-10,3,"The map says Middle Congo (Fr.), a name in use from 1903.",There is no Ubangi-Shari (Fr.) yet. It appeared on 11 February 1906.,MIDDLE CONGO (FR.) / CHAD (FR.) / CONGO FREE STATE,18.716,7.166,816,sub-saharan africa
H0181,H,1,1899-06-10,1898-10-20,1900-01-28,2,"The map says Southern Rhodesia (Br.), a name in use from 20 October 1898.",There is no North-Eastern Rhodesia (Br.) yet. It appeared on 29 January 1900.,CONGO FREE STATE / ANGOLA (PORT.) / SOUTHERN RHODESIA (BR.),22.445,-9.864,1376,sub-saharan africa
H0182,H,1,1900-12-12,1895-11-16,1910-05-29,15,There is no British Bechuanaland. It disappeared on 16 November 1895.,Orange Free State is still on the map. It disappeared on 30 May 1910.,CAPE COLONY (BR.) / ORANGE FREE STATE / BASUTOLAND (BR.),25.052,-32.416,994,sub-saharan africa
H0183,H,1,1901-01-25,1899-01-19,1912-10-17,13,Egypt already holds land it gained on 19 January 1899.,There is no Libya (It.) yet. It appeared on 18 October 1912.,OTTOMAN EMPIRE / EGYPT / BULGARIA,30.98,32.632,2072,middle east
H0184,H,1,1907-08-09,1905-01-01,1920-12-03,15,Upper Senegal and Niger (Fr.) is on the map. It appeared in 1905.,The map still says Upper Senegal and Niger (Fr.). The name changed to French Sudan in December 1920.,UPPER SENEGAL AND NIGER (FR.) / FRENCH GUINEA / SENEGAL (FR.),-9.965,13.328,442,sub-saharan africa
H0185,H,1,1892-10-16,1891-06-11,1900-01-28,9,Angola (Port.) already holds land it gained on 11 June 1891.,There is no North-Western Rhodesia (Br.) yet. It appeared on 29 January 1900.,ANGOLA (PORT.) / GERMAN SOUTH WEST AFRICA / BECHUANALAND (BR.),19.4,-18.212,1346,sub-saharan africa
H0186,H,1,1895-08-25,1890-08-20,1903-12-28,13,Angola (Port.) already holds land it gained on 20 August 1890.,The map still says French Congo. The name changed to Middle Congo (Fr.) in 1903.,ANGOLA (PORT.) / FRENCH CONGO / CONGO FREE STATE,12.784,-7.064,730,sub-saharan africa
H0187,H,1,1899-09-08,1898-06-14,1902-12-24,4,"French West Africa has already given up land, on 14 June 1898.",The border between French West Africa and Algeria (Fr.) has not moved yet. It moved on 25 December 1902.,FRENCH WEST AFRICA / ALGERIA (FR.) / MOROCCO,1.964,22.475,1786,north africa
H0188,H,1,1906-01-27,1898-06-14,1914-08-30,16,Gold Coast (Br.) already holds land it gained on 14 June 1898.,Togoland is still marked German. It became independent on 31 August 1914.,GOLD COAST (BR.) / IVORY COAST (FR.) / TOGOLAND (GER.),-1.455,5.697,771,sub-saharan africa
H0189,H,1,1911-01-04,1899-01-19,1912-10-17,13,Egypt already holds land it gained on 19 January 1899.,There is no Libya (It.) yet. It appeared on 18 October 1912.,EGYPT / OTTOMAN EMPIRE / ITALY,25.505,32.299,1795,middle east
H0190,H,1,1897-03-05,1895-06-16,1904-04-07,9,French West Africa is on the map. It appeared on 16 June 1895.,French West Africa is still on the map. It disappeared on 8 April 1904.,IVORY COAST (FR.) / FRENCH WEST AFRICA / FRENCH GUINEA,-6.197,9.872,528,sub-saharan africa
H0191,H,1,1899-07-19,1898-10-20,1900-01-28,2,"The map says Southern Rhodesia (Br.), a name in use from 20 October 1898.",There is no North-Western Rhodesia (Br.) yet. It appeared on 29 January 1900.,MOZAMBIQUE (PORT.) / SOUTHERN RHODESIA (BR.) / GERMAN EAST AFRICA,34.454,-14.085,1251,sub-saharan africa
H0192,H,1,1905-03-19,1902-05-15,1907-12-05,5,"The border between Anglo-Egyptian Sudan and Ethiopia is already in its new place, set on 15 May 1902.",The border between British East Africa and Ethiopia has not moved yet. It moved on 6 December 1907.,ANGLO-EGYPTIAN SUDAN / ETHIOPIA / BRITISH EAST AFRICA,33.88,7.91,680,sub-saharan africa
H0193,H,1,1900-05-05,1899-01-19,1900-09-04,1,Anglo-Egyptian Sudan is on the map. It appeared on 19 January 1899.,There is no Chad (Fr.) yet. It appeared on 5 September 1900.,ANGLO-EGYPTIAN SUDAN / ETHIOPIA / FRENCH CONGO,30.613,13.3,1678,sub-saharan africa
H0194,H,1,1908-10-20,1904-10-03,1912-11-26,8,"Morocco has already given up land, on 3 October 1904.",Morocco is not yet marked French. It came under French rule on 27 November 1912.,MOROCCO / SPAIN / PORTUGAL,-4.872,35.509,658,north africa
H0195,H,1,1897-04-25,1895-06-16,1898-06-13,3,French West Africa is on the map. It appeared on 16 June 1895.,There is no French Congo yet. It appeared on 14 June 1898.,FRENCH WEST AFRICA / OTTOMAN EMPIRE / ALGERIA (FR.),5.385,21.849,2173,north africa
H0196,H,1,1899-09-14,1898-10-20,1900-01-28,2,"The map says Southern Rhodesia (Br.), a name in use from 20 October 1898.",Southern Rhodesia (Br.) still holds this area. It passed to North-Eastern Rhodesia (Br.) on 29 January 1900.,GERMAN EAST AFRICA / CONGO FREE STATE / SOUTHERN RHODESIA (BR.),30.308,-6.29,815,sub-saharan africa
H0197,H,1,1898-11-08,1897-05-14,1902-05-14,5,Unclaimed Land already holds land it gained on 14 May 1897.,The border between Uganda (Br.) and British East Africa has not moved yet. It moved on 15 May 1902.,ETHIOPIA / BRITISH EAST AFRICA / UGANDA (BR.),38.864,5.905,1169,sub-saharan africa
H0198,H,1,1898-11-25,1895-06-16,1902-12-24,7,French West Africa is on the map. It appeared on 16 June 1895.,There is no Algeria (Fr.) yet. It appeared on 25 December 1902.,FRENCH WEST AFRICA / SPANISH WEST AFRICA / SENEGAL (FR.),-10.586,20.754,1092,north africa
H0199,H,1,1913-09-21,1907-03-23,1937-03-31,30,"The border between Siam and Cambodia (Fr.) is already in its new place, set on 23 March 1907.",India (Br.) still holds this area. It passed to Burma (Br.) on 1 April 1937.,SIAM / CAMBODIA (FR.) / INDIA (BR.),101.081,13.828,803,southeast asia
H0200,H,1,1903-04-03,1895-06-16,1904-04-07,9,French West Africa is on the map. It appeared on 16 June 1895.,French West Africa is still on the map. It disappeared on 8 April 1904.,FRENCH WEST AFRICA / SENEGAL (FR.) / GAMBIA (BR.),-15.324,16.454,738,north africa
H0201,H,1,1905-09-30,1905-05-30,1908-11-14,3,There is no Angola (Port.). It disappeared on 30 May 1905.,The map still says Congo Free State. The name changed to Belgian Congo on 15 November 1908.,CONGO FREE STATE / NORTH-EASTERN RHODESIA (BR.) / NORTH-WESTERN RHODESIA (BR.),27.44,-9.694,603,sub-saharan africa
H0202,H,1,1901-02-18,1898-06-14,1903-12-28,5,French Congo already holds land it gained on 14 June 1898.,The map still says French Congo. The name changed to Middle Congo (Fr.) in 1903.,CONGO FREE STATE / FRENCH CONGO / KAMERUN (GER.),18.27,-0.015,916,sub-saharan africa
H0203,H,1,1900-09-23,1895-11-16,1910-05-29,15,There is no British Bechuanaland. It disappeared on 16 November 1895.,Orange Free State is still on the map. It disappeared on 30 May 1910.,CAPE COLONY (BR.) / ORANGE FREE STATE / TRANSVAAL,24.222,-29.87,751,sub-saharan africa
H0204,H,1,1896-12-25,1895-05-03,1898-10-19,3,"The map says Rhodesia (Br.), a name in use from May 1895.",The map still says Rhodesia (Br.). The name changed to Southern Rhodesia (Br.) on 20 October 1898.,RHODESIA (BR.) / MOZAMBIQUE (PORT.) / BECHUANALAND (BR.),29.077,-16.465,873,sub-saharan africa
H0205,H,1,1893-12-02,1891-06-11,1895-05-02,4,Mozambique (Port.) already holds land it gained on 11 June 1891.,The map still says British South Africa Company. The name changed to Rhodesia (Br.) in May 1895.,BRITISH SOUTH AFRICA COMPANY / CONGO FREE STATE / MOZAMBIQUE (PORT.),30.096,-12.395,681,sub-saharan africa
H0206,H,1,1910-09-26,1908-11-15,1911-08-17,3,"The map says Belgian Congo, a name in use from 15 November 1908.",There is no Northern Rhodesia (Br.) yet. It appeared on 18 August 1911.,NORTH-WESTERN RHODESIA (BR.) / BELGIAN CONGO / ANGOLA (PORT.),25.256,-13.571,757,sub-saharan africa
H0207,H,1,1907-08-27,1899-01-19,1914-12-17,15,Anglo-Egyptian Sudan is on the map. It appeared on 19 January 1899.,Egypt is not yet marked British. It came under British rule on 18 December 1914.,ANGLO-EGYPTIAN SUDAN / EGYPT / ETHIOPIA,32.231,17.514,1149,north africa
H0208,H,1,1892-06-26,1891-06-11,1895-05-02,4,Angola (Port.) is on the map. It appeared on 11 June 1891.,The map still says British South Africa Company. The name changed to Rhodesia (Br.) in May 1895.,BECHUANALAND (BR.) / BRITISH SOUTH AFRICA COMPANY / ANGOLA (PORT.),23.988,-19.34,727,sub-saharan africa
H0209,H,1,1912-08-05,1905-01-01,1914-12-17,9,Niger (Fr.) is on the map. It appeared in 1905.,Egypt is not yet marked British. It came under British rule on 18 December 1914.,CHAD (FR.) / NIGER (FR.) / EGYPT,17.687,19.809,634,north africa
H0210,H,1,1911-06-24,1905-05-30,1911-08-17,6,"The border between Angola (Port.) and North-Western Rhodesia (Br.) is already in its new place, set on 30 May 1905.",North-Western Rhodesia (Br.) still holds this area. It passed to Northern Rhodesia (Br.) on 18 August 1911.,NORTH-WESTERN RHODESIA (BR.) / ANGOLA (PORT.) / GERMAN SOUTH WEST AFRICA,22.69,-15.437,534,sub-saharan africa
H0211,H,1,1913-09-22,1913-01-01,1914-07-02,1,Tibet is on the map. It appeared in 1913.,The border between Tibet and India (Br.) has not moved yet. It moved on 3 July 1914.,CHINA / TIBET / INDIA (BR.),106.701,36.358,2418,east asia
H0212,H,1,1902-10-13,1899-01-19,1902-12-24,3,Egypt is on the map. It appeared on 19 January 1899.,There is no Algeria (Fr.) yet. It appeared on 25 December 1902.,OTTOMAN EMPIRE / FRENCH WEST AFRICA / EGYPT,14.183,26.491,651,north africa
H0213,H,1,1895-09-09,1891-06-11,1898-06-13,7,Congo Free State already holds land it gained on 11 June 1891.,French Congo has not yet taken in land it gained on 14 June 1898.,CONGO FREE STATE / FRENCH CONGO / ANGOLA (PORT.),20.937,-1.936,1170,sub-saharan africa
H0214,H,1,1907-03-02,1905-08-26,1919-06-27,14,Norway is on the map. It appeared on 26 August 1905.,There is no Free City of Danzig yet. It appeared on 28 June 1919.,SWEDEN / GERMANY / NORWAY,15.563,56.945,698,scandinavia and baltic
H0215,H,1,1907-07-31,1905-01-01,1916-03-03,11,Niger (Fr.) is on the map. It appeared in 1905.,Kamerun is still marked German. It became independent on 4 March 1916.,CHAD (FR.) / NIGER (FR.) / KAMERUN (GER.),17.092,16.139,1001,north africa
H0216,H,1,1913-01-08,1911-08-18,1920-01-09,9,"Northern Rhodesia (Br.) holds this area, which passed to it from North-Eastern Rhodesia (Br.) on 18 August 1911.",The map still says German East Africa. The name changed to Tanganyika in 1920.,GERMAN EAST AFRICA / BELGIAN CONGO / NORTHERN RHODESIA (BR.),31.449,-6.269,1002,sub-saharan africa
H0217,H,1,1911-10-22,1905-01-01,1912-11-26,7,Upper Senegal and Niger (Fr.) is on the map. It appeared in 1905.,There is no Spanish Morocco yet. It appeared on 27 November 1912.,UPPER SENEGAL AND NIGER (FR.) / MAURITANIA (FR.) / ALGERIA (FR.),-6.111,21.787,1230,north africa
H0218,H,1,1894-06-06,1891-06-11,1895-05-02,4,British South Africa Company is on the map. It appeared on 11 June 1891.,The map still says British South Africa Company. The name changed to Rhodesia (Br.) in May 1895.,ANGOLA (PORT.) / BRITISH SOUTH AFRICA COMPANY / GERMAN SOUTH WEST AFRICA,22.975,-15.775,425,sub-saharan africa
H0219,H,1,1903-10-27,1899-01-19,1914-11-02,15,Anglo-Egyptian Sudan is on the map. It appeared on 19 January 1899.,Ottoman Empire still holds land it gave up on 3 November 1914.,EGYPT / OTTOMAN EMPIRE / ANGLO-EGYPTIAN SUDAN,33.19,28.436,1412,north africa
H0220,H,1,1902-06-02,1900-01-29,1907-07-05,7,"North-Eastern Rhodesia (Br.) holds this area, which passed to it from Southern Rhodesia (Br.) on 29 January 1900.",The map still says British Central Africa. The name changed to Nyasaland (Br.) on 6 July 1907.,NORTH-EASTERN RHODESIA (BR.) / GERMAN EAST AFRICA / BRITISH CENTRAL AFRICA,32.8,-10.586,513,sub-saharan africa
H0221,H,1,1894-08-10,1893-10-03,1895-04-16,2,Laos (Fr.) is on the map. It appeared on 3 October 1893.,There is no Formosa (Jap.) yet. It appeared on 17 April 1895.,CHINA / ANNAM (FR.) / LAOS (FR.),110.636,29.441,2227,east asia
H0222,H,1,1907-04-20,1905-05-30,1908-11-14,3,"The border between Angola (Port.) and North-Western Rhodesia (Br.) is already in its new place, set on 30 May 1905.",The map still says Congo Free State. The name changed to Belgian Congo on 15 November 1908.,ANGOLA (PORT.) / CONGO FREE STATE / NORTH-WESTERN RHODESIA (BR.),22.013,-10.891,1163,sub-saharan africa
H0223,H,1,1897-10-31,1895-05-03,1898-10-19,3,"The map says Rhodesia (Br.), a name in use from May 1895.",The map still says Rhodesia (Br.). The name changed to Southern Rhodesia (Br.) on 20 October 1898.,GERMAN EAST AFRICA / RHODESIA (BR.) / BRITISH EAST AFRICA,35.325,-6.742,974,sub-saharan africa
H0224,H,1,1913-12-15,1912-10-18,1914-12-17,2,"Libya (It.) holds this area, which passed to it from Ottoman Empire on 18 October 1912.",Egypt is not yet marked British. It came under British rule on 18 December 1914.,LIBYA (IT.) / EGYPT / ALGERIA (FR.),16.495,30.636,1175,north africa
H0225,H,1,1910-06-13,1906-02-11,1912-03-29,6,"Ubangi-Shari (Fr.) holds this area, which passed to it from Middle Congo (Fr.) on 11 February 1906.",The border between Chad (Fr.) and Kamerun (Ger.) has not moved yet. It moved on 30 March 1912.,UBANGI-SHARI (FR.) / CHAD (FR.) / KAMERUN (GER.),16.526,6.776,517,sub-saharan africa
H0226,H,1,1909-10-05,1908-10-07,1912-12-31,4,There is no Bosnia. It disappeared on 7 October 1908.,There is no Albania yet. It appeared in 1913.,AUSTRIA-HUNGARY / SERBIA / OTTOMAN EMPIRE,19.427,44.751,658,balkans
H0227,H,1,1893-02-19,1893-01-02,1893-10-02,0,"Annam is marked French, which it became on 2 January 1893.",There is no Laos (Fr.) yet. It appeared on 3 October 1893.,CHINA / ANNAM (FR.) / SIAM,103.655,22.602,574,southeast asia
H0228,H,1,1899-09-17,1899-01-01,1900-09-04,1,Northern Nigeria (Br.) is on the map. It appeared in 1899.,French Congo still holds this area. It passed to Chad (Fr.) on 5 September 1900.,NORTHERN NIGERIA (BR.) / KAMERUN (GER.) / FRENCH CONGO,12.569,11.209,547,sub-saharan africa
H0229,H,1,1901-11-20,1900-09-05,1903-12-28,3,Chad (Fr.) is on the map. It appeared on 5 September 1900.,The map still says French Congo. The name changed to Middle Congo (Fr.) in 1903.,FRENCH CONGO / CHAD (FR.) / CONGO FREE STATE,20.427,8.354,816,sub-saharan africa
H0230,H,1,1904-04-14,1899-01-19,1908-11-14,9,Anglo-Egyptian Sudan is on the map. It appeared on 19 January 1899.,The map still says Congo Free State. The name changed to Belgian Congo on 15 November 1908.,CONGO FREE STATE / UGANDA (BR.) / ANGLO-EGYPTIAN SUDAN,28.039,2.095,632,sub-saharan africa
H0231,H,1,1903-12-16,1902-12-25,1904-10-02,2,There is no French West Africa. It disappeared on 25 December 1902.,Morocco still holds land it gave up on 3 October 1904.,ALGERIA (FR.) / MOROCCO / SPAIN,-1.41,34.614,981,north africa
H0232,H,1,1900-02-15,1895-11-16,1905-05-29,10,There is no British Bechuanaland. It disappeared on 16 November 1895.,There is no North-Western Rhodesia (Br.) yet. It appeared on 30 May 1905.,GERMAN SOUTH WEST AFRICA / ANGOLA (PORT.) / CAPE COLONY (BR.),16.189,-21.926,1347,sub-saharan africa
H0233,H,1,1903-12-11,1902-12-25,1904-04-07,2,Algeria (Fr.) is on the map. It appeared on 25 December 1902.,French West Africa is still on the map. It disappeared on 8 April 1904.,FRENCH WEST AFRICA / ALGERIA (FR.) / SPANISH WEST AFRICA,-9.282,22.735,1198,north africa
H0234,H,1,1900-01-22,1899-01-01,1906-02-15,7,Northern Nigeria (Br.) is on the map. It appeared in 1899.,Lagos (Br.) is still on the map. It disappeared on 16 February 1906.,DAHOMEY (FR.) / LAGOS (BR.) / NORTHERN NIGERIA (BR.),3.439,8.479,459,sub-saharan africa
H0235,H,1,1896-11-23,1894-08-14,1898-06-13,4,Congo Free State already holds land it gained on 14 August 1894.,French Congo has not yet taken in land it gained on 14 June 1898.,CONGO FREE STATE / FRENCH CONGO / ANGOLA (PORT.),19.807,-1.336,1121,sub-saharan africa
H0236,H,1,1900-11-01,1891-06-11,1908-11-14,17,Congo Free State is on the map. It appeared on 11 June 1891.,The map still says Congo Free State. The name changed to Belgian Congo on 15 November 1908.,ANGOLA (PORT.) / GERMAN SOUTH WEST AFRICA / CONGO FREE STATE,14.784,-12.385,1206,sub-saharan africa
H0237,H,1,1900-01-17,1899-01-19,1902-05-14,3,Anglo-Egyptian Sudan is on the map. It appeared on 19 January 1899.,The border between Anglo-Egyptian Sudan and Ethiopia has not moved yet. It moved on 15 May 1902.,ANGLO-EGYPTIAN SUDAN / EGYPT / ETHIOPIA,31.581,16.906,1266,north africa
H0238,H,1,1893-01-02,1891-06-11,1894-06-07,3,Mozambique (Port.) already holds land it gained on 11 June 1891.,There is no Uganda (Br.) yet. It appeared on 8 June 1894.,GERMAN EAST AFRICA / BRITISH EAST AFRICA / MOZAMBIQUE (PORT.),39.338,-7.18,1250,sub-saharan africa
H0239,H,1,1898-02-13,1895-11-16,1898-10-19,3,There is no British Bechuanaland. It disappeared on 16 November 1895.,The map still says Rhodesia (Br.). The name changed to Southern Rhodesia (Br.) on 20 October 1898.,BECHUANALAND (BR.) / TRANSVAAL / RHODESIA (BR.),25.988,-23.033,573,sub-saharan africa
H0240,H,1,1906-01-17,1903-12-29,1906-02-10,3,"The map says Middle Congo (Fr.), a name in use from 1903.",There is no Ubangi-Shari (Fr.) yet. It appeared on 11 February 1906.,KAMERUN (GER.) / MIDDLE CONGO (FR.) / CHAD (FR.),13.959,5.48,594,sub-saharan africa
H0241,H,1,1905-08-02,1900-01-29,1911-08-17,11,North-Western Rhodesia (Br.) is on the map. It appeared on 29 January 1900.,There is no Northern Rhodesia (Br.) yet. It appeared on 18 August 1911.,GERMAN EAST AFRICA / MOZAMBIQUE (PORT.) / NORTH-EASTERN RHODESIA (BR.),34.624,-9.582,1131,sub-saharan africa
H0242,H,1,1913-09-15,1913-08-10,1918-11-02,5,Serbia already holds land it gained on 10 August 1913.,Austria-Hungary is still on the map. It disappeared on 3 November 1918.,AUSTRIA-HUNGARY / SERBIA / ROMANIA,19.276,46.726,700,balkans
H0243,H,1,1900-07-02,1897-05-14,1918-10-29,21,Ethiopia already holds land it gained on 14 May 1897.,There is no Yemen yet. It appeared on 30 October 1918.,ETHIOPIA / ERITREA (IT.) / FRENCH SOMALILAND,40.062,13.871,681,middle east
H0244,H,1,1908-03-05,1906-02-11,1908-11-14,2,"Ubangi-Shari (Fr.) holds this area, which passed to it from Middle Congo (Fr.) on 11 February 1906.",The map still says Congo Free State. The name changed to Belgian Congo on 15 November 1908.,CONGO FREE STATE / ANGLO-EGYPTIAN SUDAN / UBANGI-SHARI (FR.),27.396,3.059,605,sub-saharan africa
H0245,H,1,1899-08-27,1899-01-19,1902-05-14,3,Anglo-Egyptian Sudan is on the map. It appeared on 19 January 1899.,The border between Uganda (Br.) and British East Africa has not moved yet. It moved on 15 May 1902.,UGANDA (BR.) / ANGLO-EGYPTIAN SUDAN / BRITISH EAST AFRICA,34.442,3.54,468,sub-saharan africa
H0246,H,1,1907-12-26,1906-02-11,1908-11-14,2,Ubangi-Shari (Fr.) is on the map. It appeared on 11 February 1906.,The map still says Congo Free State. The name changed to Belgian Congo on 15 November 1908.,CONGO FREE STATE / UBANGI-SHARI (FR.) / MIDDLE CONGO (FR.),20.997,1.545,1295,sub-saharan africa
H0247,H,1,1899-03-06,1899-01-01,1902-12-24,3,Northern Nigeria (Br.) is on the map. It appeared in 1899.,There is no Algeria (Fr.) yet. It appeared on 25 December 1902.,FRENCH WEST AFRICA / NORTHERN NIGERIA (BR.) / DAHOMEY (FR.),6.957,16.044,1205,north africa
H0248,H,1,1903-02-10,1900-09-05,1904-04-07,4,"Chad (Fr.) holds this area, which passed to it from French Congo on 5 September 1900.",French West Africa is still on the map. It disappeared on 8 April 1904.,CHAD (FR.) / FRENCH WEST AFRICA / NORTHERN NIGERIA (BR.),15.606,16.825,892,north africa
H0249,H,1,1899-10-30,1899-01-01,1902-12-24,3,Northern Nigeria (Br.) is on the map. It appeared in 1899.,There is no Algeria (Fr.) yet. It appeared on 25 December 1902.,FRENCH WEST AFRICA / NORTHERN NIGERIA (BR.) / OTTOMAN EMPIRE,4.677,20.732,1633,north africa
H0250,H,1,1912-05-03,1908-10-07,1912-12-31,4,There is no Bosnia. It disappeared on 7 October 1908.,There is no Albania yet. It appeared in 1913.,AUSTRIA-HUNGARY / SERBIA / MONTENEGRO,16.958,45.009,518,balkans
H0251,H,1,1913-11-09,1906-02-16,1913-12-31,7,There is no Lagos (Br.). It disappeared on 16 February 1906.,There is no Nigeria (Br.) yet. It appeared in 1914.,SOUTHERN NIGERIA (BR.) / NORTHERN NIGERIA (BR.) / DAHOMEY (FR.),5.454,6.264,817,sub-saharan africa
H0252,H,1,1911-02-10,1908-10-07,1913-08-09,5,There is no Bosnia. It disappeared on 7 October 1908.,Serbia has not yet taken in land it gained on 10 August 1913.,AUSTRIA-HUNGARY / SERBIA / GERMANY,17.645,46.867,694,balkans
H0253,H,1,1911-11-23,1911-08-18,1912-03-29,1,Northern Rhodesia (Br.) is on the map. It appeared on 18 August 1911.,There is no Kamerun (Ger.) yet. It appeared on 30 March 1912.,BELGIAN CONGO / ANGOLA (PORT.) / NORTHERN RHODESIA (BR.),23.691,-6.984,1434,sub-saharan africa
H0254,H,1,1903-03-12,1900-09-05,1903-12-28,3,Chad (Fr.) is on the map. It appeared on 5 September 1900.,The map still says French Congo. The name changed to Middle Congo (Fr.) in 1903.,KAMERUN (GER.) / FRENCH CONGO / CHAD (FR.),13.982,6.062,509,sub-saharan africa
H0255,H,2,1919-03-11,1913-08-10,1919-11-26,6,Bulgaria already holds land it gained on 10 August 1913.,The border between Bulgaria and Greece has not moved yet. It moved on 27 November 1919.,BULGARIA / GREECE / OTTOMAN EMPIRE,24.492,41.4,403,balkans
H0256,H,2,1919-09-01,1914-12-18,1922-02-27,8,"Egypt is marked British, which it became on 18 December 1914.",Egypt is still marked British. It became independent on 28 February 1922.,EGYPT (BR.) / ANGLO-EGYPTIAN SUDAN / CHAD (FR.),24.884,23.933,924,north africa
H0257,H,2,1922-02-18,1920-04-26,1922-02-27,2,Transjordan (Br.) is on the map. It appeared on 26 April 1920.,Egypt is still marked British. It became independent on 28 February 1922.,EGYPT (BR.) / ANGLO-EGYPTIAN SUDAN / LIBYA (IT.),29.244,27.732,1266,middle east
H0258,H,2,1918-05-27,1914-12-18,1920-04-25,6,"Egypt is marked British, which it became on 18 December 1914.",There is no Syria (Fr.) yet. It appeared on 26 April 1920.,EGYPT (BR.) / ANGLO-EGYPTIAN SUDAN / LIBYA (IT.),28.615,28.523,1604,north africa
H0259,H,2,1939-12-20,1919-09-12,1943-05-12,24,"The border between Algeria (Fr.) and Libya (It.) is already in its new place, set on 12 September 1919.",Libya is still marked Italian. It became independent on 13 May 1943.,NIGER (FR.) / ALGERIA (FR.) / LIBYA (IT.),8.431,19.264,1099,north africa
H0260,H,2,1927-02-09,1922-12-30,1940-06-27,18,"The map says U.S.S.R., a name in use from 30 December 1922.",The border between Romania and U.S.S.R. has not moved yet. It moved on 28 June 1940.,ROMANIA / U.S.S.R. / BULGARIA,29.553,44.845,531,balkans
H0261,H,2,1931-09-21,1922-12-30,1935-03-20,13,"The map says U.S.S.R., a name in use from 30 December 1922.",The map still says Persia. The name changed to Iran on 21 March 1935.,U.S.S.R. / PERSIA / AFGHANISTAN,60.075,37.659,1069,middle east
H0262,H,2,1932-01-13,1923-09-29,1932-10-02,9,"The border between Transjordan (Br.) and Transjordan (Br.) is already in its new place, set on 29 September 1923.",Iraq is still marked British. It became independent on 3 October 1932.,SYRIA (FR.) / IRAQ (BR.) / TRANSJORDAN (BR.),39.225,34.226,435,middle east
H0263,H,2,1927-08-28,1922-12-30,1940-06-27,18,"The map says U.S.S.R., a name in use from 30 December 1922.",The border between Romania and U.S.S.R. has not moved yet. It moved on 28 June 1940.,U.S.S.R. / POLAND / ROMANIA,29.581,49.715,882,eastern europe
H0264,H,2,1923-09-07,1922-12-30,1940-03-11,18,"The map says U.S.S.R., a name in use from 30 December 1922.",The border between Finland and U.S.S.R. has not moved yet. It moved on 12 March 1940.,U.S.S.R. / FINLAND / SWEDEN,44.906,58.391,2488,eastern europe
H0265,H,2,1940-05-27,1920-02-10,1945-05-07,25,"The border between Germany and Denmark is already in its new place, set on 10 February 1920.",There is no Germany (Soviet Zone) yet. It appeared on 8 May 1945.,GERMANY / DENMARK / NETHERLANDS,8.376,53.826,529,west-central europe
H0266,H,2,1927-07-27,1925-12-06,1943-05-12,18,There is no Egypt. It disappeared on 6 December 1925.,Libya is still marked Italian. It became independent on 13 May 1943.,NIGER (FR.) / LIBYA (IT.) / CHAD (FR.),13.811,22.374,493,north africa
H0267,H,2,1919-04-27,1919-03-01,1932-09-04,13,Upper Volta (Fr.) is on the map. It appeared on 1 March 1919.,Upper Volta (Fr.) is still on the map. It disappeared on 5 September 1932.,IVORY COAST (FR.) / GOLD COAST (BR.) / UPPER VOLTA (FR.),-3.217,8.658,598,sub-saharan africa
H0268,H,2,1944-04-12,1943-05-13,1960-08-02,17,"Libya is shown independent, which it became on 13 May 1943.",Niger is still marked French. It became independent on 3 August 1960.,LIBYA / CHAD (FR.) / NIGER (FR.),16.735,23.744,766,north africa
H0269,H,2,1932-01-15,1921-03-13,1945-08-14,24,Mongolia is on the map. It appeared on 13 March 1921.,There is no Korea (U.S. Zone) yet. It appeared on 15 August 1945.,CHINA / MONGOLIA / KOREA (JAP.),118.171,37.958,1602,east asia
H0270,H,2,1923-02-14,1914-07-03,1937-03-31,23,"The border between Tibet and India (Br.) is already in its new place, set on 3 July 1914.",There is no Burma (Br.) yet. It appeared on 1 April 1937.,INDIA (BR.) / TIBET / BHUTAN,93.154,27.674,653,south asia
H0271,H,2,1945-12-16,1943-05-13,1955-12-31,12,"Libya is shown independent, which it became on 13 May 1943.",Tunisia is still marked French. It became independent in 1956.,ALGERIA (FR.) / TUNISIA (FR.) / LIBYA,6.101,32.271,846,north africa
H0272,H,2,1916-11-15,1905-08-26,1920-02-09,15,"The map says Sweden, a name in use from 26 August 1905.",The border between Germany and Denmark has not moved yet. It moved on 10 February 1920.,GERMANY / DENMARK / SWEDEN,10.029,55.298,529,scandinavia and baltic
H0273,H,2,1938-06-08,1922-12-30,1940-06-01,18,"The map says U.S.S.R., a name in use from 30 December 1922.",Lithuania is still on the map. It disappeared on 2 June 1940.,U.S.S.R. / POLAND / LITHUANIA,27.86,51.733,684,eastern europe
H0274,H,2,1941-04-10,1932-09-23,1955-12-31,23,Saudi Arabia is on the map. It appeared on 23 September 1932.,The map still says Anglo-Egyptian Sudan. The name changed to Sudan in 1956.,SAUDI ARABIA / ANGLO-EGYPTIAN SUDAN / EGYPT,39.824,22.593,918,middle east
H0275,H,2,1942-03-03,1940-06-02,1945-05-07,5,There is no Latvia. It disappeared on 2 June 1940.,The border between Poland and U.S.S.R. has not moved yet. It moved on 8 May 1945.,U.S.S.R. / FINLAND / POLAND,33.645,57.963,1274,eastern europe
H0276,H,2,1928-04-07,1923-10-29,1940-03-11,17,"The map says Turkey, a name in use from 29 October 1923.",The border between Finland and U.S.S.R. has not moved yet. It moved on 12 March 1940.,U.S.S.R. / TURKEY / FINLAND,48.959,53.699,2904,central asia
H0277,H,2,1927-06-09,1922-12-30,1947-08-14,25,"The map says U.S.S.R., a name in use from 30 December 1922.",India (Br.) is still on the map. It disappeared on 15 August 1947.,CHINA / U.S.S.R. / INDIA (BR.),78.07,40.373,883,central asia
H0278,H,2,1918-11-09,1918-11-03,1918-11-30,0,Austria is on the map. It appeared on 3 November 1918.,"There is no Serbs, Croats and Slovenes yet. It appeared on 1 December 1918.",HUNGARY / AUSTRIA / SERBIA,17.542,46.029,519,balkans
H0279,H,2,1941-10-23,1939-06-24,1945-09-07,6,"The map says Thailand, a name in use from 24 June 1939.",The map still says Thailand. The name changed to Siam in September 1945.,THAILAND / BURMA (BR.) / CAMBODIA (FR.),99.599,13.544,866,southeast asia
H0280,H,2,1941-11-14,1923-10-29,1945-12-31,22,"The map says Turkey, a name in use from 29 October 1923.",Syria is still marked French. It became independent in 1946.,TURKEY / EGYPT / SYRIA (FR.),31.056,35.254,1145,middle east
H0281,H,2,1937-10-02,1937-04-01,1947-08-14,10,Burma (Br.) is on the map. It appeared on 1 April 1937.,There is no Pakistan yet. It appeared on 15 August 1947.,INDIA (BR.) / TIBET / BURMA (BR.),94.503,27.568,624,southeast asia
H0282,H,2,1945-04-10,1937-04-01,1948-01-03,11,Burma (Br.) is on the map. It appeared on 1 April 1937.,Burma is still marked British. It became independent on 4 January 1948.,CHINA / BURMA (BR.) / TIBET,99.211,27.315,396,southeast asia
H0283,H,2,1927-06-25,1922-12-30,1932-10-02,10,"The map says U.S.S.R., a name in use from 30 December 1922.",Iraq is still marked British. It became independent on 3 October 1932.,U.S.S.R. / PERSIA / IRAQ (BR.),51.935,40.784,1608,middle east
H0284,H,2,1922-11-15,1920-09-02,1922-12-29,2,There is no Bokhara (Russ.). It disappeared on 2 September 1920.,The map still says Russia. The name changed to U.S.S.R. on 30 December 1922.,RUSSIA / PERSIA / AFGHANISTAN,60.286,36.083,1149,south asia
H0285,H,2,1920-10-05,1920-04-26,1922-02-27,2,There is no Ottoman Empire. It disappeared on 26 April 1920.,Egypt is still marked British. It became independent on 28 February 1922.,ANGLO-EGYPTIAN SUDAN / EGYPT (BR.) / ERITREA (IT.),34.383,21.618,1110,middle east
H0286,H,2,1928-09-07,1920-04-26,1941-05-18,21,There is no Ottoman Empire. It disappeared on 26 April 1920.,Eritrea is still marked Italian. It became independent on 19 May 1941.,ANGLO-EGYPTIAN SUDAN / ETHIOPIA / ERITREA (IT.),35.359,14.944,1347,middle east
H0287,H,2,1923-02-24,1920-10-28,1923-10-28,3,There is no Russia. It disappeared on 28 October 1920.,The map still says Ottoman Empire. The name changed to Turkey on 29 October 1923.,ROMANIA / BULGARIA / OTTOMAN EMPIRE,27.309,43.617,459,balkans
H0288,H,2,1938-01-27,1921-03-18,1938-09-29,17,There is no Russia. It disappeared on 18 March 1921.,The border between Czechoslovakia and Germany has not moved yet. It moved on 30 September 1938.,POLAND / CZECHOSLOVAKIA / GERMANY,20.921,51.375,535,west-central europe
H0289,H,2,1928-08-02,1923-10-29,1935-03-20,12,"The map says Turkey, a name in use from 29 October 1923.",The map still says Persia. The name changed to Iran on 21 March 1935.,U.S.S.R. / PERSIA / TURKEY,46.414,40.059,583,middle east
H0290,H,2,1924-10-10,1914-07-03,1937-03-31,23,"The border between Tibet and India (Br.) is already in its new place, set on 3 July 1914.",There is no Burma (Br.) yet. It appeared on 1 April 1937.,CHINA / TIBET / INDIA (BR.),104.112,32.354,1527,east asia
H0291,H,2,1925-10-17,1922-02-28,1925-12-05,3,"Egypt is shown independent, which it became on 28 February 1922.",There is no Libya (It.) yet. It appeared on 6 December 1925.,ANGLO-EGYPTIAN SUDAN / EGYPT / ETHIOPIA,30.412,16.542,1399,middle east
H0292,H,2,1921-03-10,1918-11-11,1940-06-01,22,"Estonia holds this area, which passed to it from Russia on 11 November 1918.",Estonia still holds this area. It passed to U.S.S.R. on 2 June 1940.,FINLAND / ESTONIA / SWEDEN,21.991,60.684,532,scandinavia and baltic
H0293,H,2,1921-09-14,1910-08-23,1922-12-29,12,"Korea is marked Japanese, which it became on 23 August 1910.",The map still says Russia. The name changed to U.S.S.R. on 30 December 1922.,CHINA / KOREA (JAP.) / RUSSIA,128.079,43.626,724,east asia
H0294,H,2,1931-11-06,1921-03-13,1950-10-01,29,Mongolia is on the map. It appeared on 13 March 1921.,Tibet is still on the map. It disappeared on 2 October 1950.,CHINA / TIBET / MONGOLIA,100.322,39.375,1495,east asia
H0295,H,2,1935-09-28,1913-01-01,1937-03-31,24,Tibet is on the map. It appeared in 1913.,There is no Burma (Br.) yet. It appeared on 1 April 1937.,CHINA / TIBET / INDIA (BR.),100.582,29.817,689,east asia
H0296,H,2,1922-12-20,1920-12-04,1932-09-04,12,"The map says French Sudan, a name in use from December 1920.",Upper Volta (Fr.) is still on the map. It disappeared on 5 September 1932.,FRENCH SUDAN / UPPER VOLTA (FR.) / NIGER (FR.),-0.345,15.419,663,north africa
H0297,H,2,1918-12-09,1918-12-01,1919-11-26,1,"Serbs, Croats and Slovenes holds this area, which passed to it from Serbia on 1 December 1918.",The border between Bulgaria and Greece has not moved yet. It moved on 27 November 1919.,"GREECE / BULGARIA / SERBS, CROATS AND SLOVENES",24.044,39.78,410,balkans
H0298,H,2,1923-07-02,1918-11-18,1940-06-01,22,Latvia is on the map. It appeared on 18 November 1918.,There is no U.S.S.R. yet. It appeared on 2 June 1940.,SWEDEN / FINLAND / LATVIA,17.51,58.549,623,west-central europe
H0299,H,2,1928-09-27,1919-09-12,1943-05-12,24,"The border between Algeria (Fr.) and Libya (It.) is already in its new place, set on 12 September 1919.",Libya is still marked Italian. It became independent on 13 May 1943.,ALGERIA (FR.) / LIBYA (IT.) / TUNISIA (FR.),9.753,30.436,1160,north africa
H0300,H,2,1921-06-30,1919-11-27,1923-10-28,4,"The border between Bulgaria and Greece is already in its new place, set on 27 November 1919.",The map still says Ottoman Empire. The name changed to Turkey on 29 October 1923.,OTTOMAN EMPIRE / BULGARIA / GREECE,29.726,39.117,920,balkans
H0301,H,2,1926-04-25,1922-12-30,1940-03-11,18,"The map says U.S.S.R., a name in use from 30 December 1922.",The border between Finland and U.S.S.R. has not moved yet. It moved on 12 March 1940.,U.S.S.R. / FINLAND / ESTONIA,34.329,57.62,906,eastern europe
H0302,H,2,1922-07-29,1922-02-28,1925-12-05,3,"Egypt is shown independent, which it became on 28 February 1922.",Egypt is still on the map. It disappeared on 6 December 1925.,LIBYA (IT.) / EGYPT / TUNISIA (FR.),15.859,30.694,1209,north africa
H0303,H,2,1940-07-22,1920-12-04,1944-07-04,24,"The map says French Sudan, a name in use from December 1920.",The border between French Sudan and Mauritania (Fr.) has not moved yet. It moved on 5 July 1944.,FRENCH SUDAN / SENEGAL (FR.) / MAURITANIA (FR.),-11.66,14.525,419,sub-saharan africa
H0304,H,2,1944-06-25,1940-06-28,1945-05-07,5,"The border between Romania and U.S.S.R. is already in its new place, set on 28 June 1940.",The border between Poland and U.S.S.R. has not moved yet. It moved on 8 May 1945.,U.S.S.R. / POLAND / ROMANIA,33.689,53.389,1411,eastern europe
H0305,H,2,1919-01-14,1914-12-18,1920-04-25,6,"Egypt is marked British, which it became on 18 December 1914.",Ottoman Empire is still on the map. It disappeared on 26 April 1920.,EGYPT (BR.) / ANGLO-EGYPTIAN SUDAN / OTTOMAN EMPIRE,32.391,23.365,1070,north africa
H0306,H,2,1923-08-11,1922-02-28,1925-12-05,3,"Egypt is shown independent, which it became on 28 February 1922.",There is no Libya (It.) yet. It appeared on 6 December 1925.,ANGLO-EGYPTIAN SUDAN / CHAD (FR.) / EGYPT,23.02,16.669,1305,north africa
H0307,H,2,1945-12-22,1943-05-13,1955-12-31,12,"Libya is shown independent, which it became on 13 May 1943.",The map still says Anglo-Egyptian Sudan. The name changed to Sudan in 1956.,EGYPT / ANGLO-EGYPTIAN SUDAN / LIBYA,28.075,22.923,1007,middle east
H0308,H,2,1935-10-02,1935-03-21,1947-08-14,12,"The map says Iran, a name in use from 21 March 1935.",India (Br.) still holds this area. It passed to Pakistan on 15 August 1947.,IRAN / INDIA (BR.) / AFGHANISTAN,60.363,27.291,619,middle east
H0309,H,2,1920-10-01,1918-11-11,1922-12-29,4,Estonia is on the map. It appeared on 11 November 1918.,The map still says Russia. The name changed to U.S.S.R. on 30 December 1922.,FINLAND / RUSSIA / ESTONIA,27.82,60.89,535,scandinavia and baltic
H0310,H,2,1916-11-02,1913-01-01,1921-03-12,8,Tibet is on the map. It appeared in 1913.,There is no Mongolia yet. It appeared on 13 March 1921.,CHINA / TIBET / RUSSIA,107.765,41.509,1741,east asia
H0311,H,2,1916-08-23,1916-03-04,1919-06-27,3,"Kamerun is shown independent, which it became on 4 March 1916.",There is no British Cameroons yet. It appeared on 28 June 1919.,NIGERIA (BR.) / NIGER (FR.) / KAMERUN,10.137,11.564,878,sub-saharan africa
H0312,H,2,1935-11-17,1925-12-06,1943-05-12,18,There is no Egypt. It disappeared on 6 December 1925.,Libya is still marked Italian. It became independent on 13 May 1943.,LIBYA (IT.) / ALGERIA (FR.) / TUNISIA (FR.),12.5,27.973,880,north africa
H0313,H,2,1929-03-29,1925-12-06,1943-05-12,18,"The border between Egypt and Libya (It.) is already in its new place, set on 6 December 1925.",Libya is still marked Italian. It became independent on 13 May 1943.,LIBYA (IT.) / EGYPT / TURKEY,21.981,31.164,1307,north africa
H0314,H,2,1926-06-13,1920-02-10,1945-05-07,25,"The border between Germany and Denmark is already in its new place, set on 10 February 1920.",There is no Germany (Soviet Zone) yet. It appeared on 8 May 1945.,GERMANY / SWEDEN / DENMARK,11.295,55.092,559,scandinavia and baltic
H0315,H,2,1930-10-11,1919-09-10,1938-09-29,19,There is no Austria. It disappeared on 10 September 1919.,The border between Czechoslovakia and Germany has not moved yet. It moved on 30 September 1938.,GERMANY / POLAND / CZECHOSLOVAKIA,17.028,52.699,525,west-central europe
H0316,H,2,1936-08-03,1921-03-18,1938-09-29,17,There is no Russia. It disappeared on 18 March 1921.,Germany has not yet taken in land it gained on 30 September 1938.,POLAND / GERMANY / LITHUANIA,21.291,52.37,534,eastern europe
H0317,H,2,1932-07-25,1923-10-29,1945-12-31,22,"The map says Turkey, a name in use from 29 October 1923.",Syria is still marked French. It became independent in 1946.,TURKEY / SYRIA (FR.) / CYPRUS (BR.),36.394,38.299,893,middle east
H0318,H,2,1914-07-02,1902-05-15,1925-12-05,23,"The border between Anglo-Egyptian Sudan and Ethiopia is already in its new place, set on 15 May 1902.",There is no Libya (It.) yet. It appeared on 6 December 1925.,ANGLO-EGYPTIAN SUDAN / ETHIOPIA / ERITREA (IT.),31.123,14.374,1643,middle east
H0319,H,2,1915-09-09,1910-08-23,1921-03-12,11,"Korea is marked Japanese, which it became on 23 August 1910.",There is no Mongolia yet. It appeared on 13 March 1921.,CHINA / KOREA (JAP.) / RUSSIA,122.363,34.392,1962,east asia
H0320,H,2,1942-04-21,1940-06-02,1945-05-07,5,There is no Latvia. It disappeared on 2 June 1940.,Germany is still on the map. It disappeared on 8 May 1945.,U.S.S.R. / POLAND / GERMANY,24.702,57.145,609,west-central europe
H0321,H,2,1936-08-09,1932-09-05,1944-07-04,12,There is no Upper Volta (Fr.). It disappeared on 5 September 1932.,The border between French Sudan and Mauritania (Fr.) has not moved yet. It moved on 5 July 1944.,FRENCH SUDAN / MAURITANIA (FR.) / IVORY COAST (FR.),-5.434,17.135,1097,north africa
H0322,H,2,1921-06-05,1920-09-02,1922-12-29,2,There is no Bokhara (Russ.). It disappeared on 2 September 1920.,The map still says Russia. The name changed to U.S.S.R. on 30 December 1922.,INDIA (BR.) / AFGHANISTAN / RUSSIA,70.077,32.169,1118,south asia
H0323,H,2,1920-03-29,1915-08-16,1920-12-16,5,"The map says South West Africa, a name in use from 16 August 1915.",South West Africa is not yet marked South African. It came under South African rule on 17 December 1920.,UNION OF SOUTH AFRICA / BECHUANALAND (BR.) / SOUTH WEST AFRICA,21.839,-24.85,1276,sub-saharan africa
H0324,H,2,1919-06-29,1914-04-17,1921-03-12,7,"The border between China and Russia is already in its new place, set on 17 April 1914.",There is no Mongolia yet. It appeared on 13 March 1921.,CHINA / RUSSIA / TIBET,109.155,46.494,2051,east asia
H0325,H,2,1922-02-28,1919-06-28,1934-07-19,15,There is no Kamerun. It disappeared on 28 June 1919.,There is no Libya (It.) yet. It appeared on 20 July 1934.,CHAD (FR.) / NIGER (FR.) / UBANGI-SHARI (FR.),18.972,14.969,1077,sub-saharan africa
H0326,H,2,1942-03-06,1935-03-21,1947-08-14,12,"The map says Iran, a name in use from 21 March 1935.",India (Br.) still holds this area. It passed to Pakistan on 15 August 1947.,IRAN / INDIA (BR.) / MUSCAT AND OMAN,60.445,25.168,925,south asia
H0327,H,2,1942-05-29,1932-09-05,1947-01-03,15,There is no Upper Volta (Fr.). It disappeared on 5 September 1932.,There is no Upper Volta (Fr.) yet. It appeared on 4 January 1947.,IVORY COAST (FR.) / FRENCH SUDAN / GOLD COAST (BR.),-2.604,11.764,419,sub-saharan africa
H0328,H,2,1933-12-18,1932-09-23,1948-05-13,16,Saudi Arabia is on the map. It appeared on 23 September 1932.,There is no West Bank yet. It appeared on 14 May 1948.,EGYPT / PALESTINE (BR.) / SAUDI ARABIA,33.134,31.463,562,middle east
H0329,H,2,1916-01-01,1913-08-10,1918-05-06,5,Bulgaria already holds land it gained on 10 August 1913.,The border between Romania and Bulgaria has not moved yet. It moved on 7 May 1918.,OTTOMAN EMPIRE / BULGARIA / ROMANIA,29.726,40.041,868,balkans
H0330,H,2,1939-01-05,1938-09-30,1945-05-07,7,"The border between Czechoslovakia and Germany is already in its new place, set on 30 September 1938.",Germany is still on the map. It disappeared on 8 May 1945.,POLAND / GERMANY / CZECHOSLOVAKIA,18.496,51.896,547,west-central europe
H0331,H,2,1934-10-29,1932-10-03,1935-03-20,3,"Iraq is shown independent, which it became on 3 October 1932.",The map still says Persia. The name changed to Iran on 21 March 1935.,SAUDI ARABIA / IRAQ / PERSIA,45.542,26.251,967,middle east
H0332,H,2,1926-09-05,1925-12-06,1934-07-19,9,Libya (It.) is on the map. It appeared on 6 December 1925.,The border between Anglo-Egyptian Sudan and Libya (It.) has not moved yet. It moved on 20 July 1934.,ANGLO-EGYPTIAN SUDAN / EGYPT / LIBYA (IT.),27.248,21.344,725,middle east
H0333,H,2,1918-09-02,1915-08-16,1920-12-16,5,"The map says South West Africa, a name in use from 16 August 1915.",South West Africa is not yet marked South African. It came under South African rule on 17 December 1920.,ANGOLA (PORT.) / SOUTH WEST AFRICA / BELGIAN CONGO,14.147,-13.339,1325,sub-saharan africa
H0334,H,2,1943-05-25,1943-05-13,1960-08-10,17,"Libya is shown independent, which it became on 13 May 1943.",Chad is still marked French. It became independent on 11 August 1960.,LIBYA / CHAD (FR.) / EGYPT,21.422,21.223,913,north africa
H0335,H,2,1923-09-30,1922-12-30,1923-10-28,1,"The map says U.S.S.R., a name in use from 30 December 1922.",The map still says Ottoman Empire. The name changed to Turkey on 29 October 1923.,U.S.S.R. / OTTOMAN EMPIRE / PERSIA,39.812,46.141,1595,eastern europe
H0336,H,2,1933-01-09,1922-12-30,1935-03-20,13,"The map says U.S.S.R., a name in use from 30 December 1922.",The map still says Persia. The name changed to Iran on 21 March 1935.,U.S.S.R. / CHINA / PERSIA,65.739,50.889,2822,central asia
H0337,H,2,1945-11-27,1941-05-19,1952-09-14,11,"Eritrea is shown independent, which it became on 19 May 1941.",Eritrea still holds this area. It passed to Ethiopia on 15 September 1952.,SAUDI ARABIA / YEMEN / ERITREA,41.284,20.435,920,middle east
H0338,H,2,1922-09-26,1920-07-23,1924-06-30,4,"The map says Kenya (Br.), a name in use from 23 July 1920.",The border between Kenya (Br.) and Italian Somaliland has not moved yet. It moved on 1 July 1924.,ITALIAN SOMALILAND / KENYA (BR.) / ETHIOPIA,44.379,1.558,905,sub-saharan africa
H0339,H,2,1921-06-15,1920-01-10,1922-07-19,2,"The map says Tanganyika, a name in use from 1920.",Tanganyika is not yet marked British. It came under British rule on 20 July 1922.,TANGANYIKA / MOZAMBIQUE (PORT.) / NYASALAND (BR.),37.158,-10.208,905,sub-saharan africa
H0340,H,2,1930-07-28,1925-12-06,1943-05-12,18,"The border between Egypt and Libya (It.) is already in its new place, set on 6 December 1925.",Libya is still marked Italian. It became independent on 13 May 1943.,LIBYA (IT.) / EGYPT / CHAD (FR.),21.768,28.845,1374,north africa
H0341,H,2,1922-01-26,1920-12-24,1932-10-02,12,Iraq (Br.) already holds land it gained on 24 December 1920.,Iraq is still marked British. It became independent on 3 October 1932.,IRAQ (BR.) / PERSIA / SYRIA (FR.),44.142,34.379,590,middle east
H0342,H,2,1918-07-16,1918-02-16,1918-11-10,0,Lithuania is on the map. It appeared on 16 February 1918.,There is no Estonia yet. It appeared on 11 November 1918.,RUSSIA / FINLAND / LITHUANIA,24.02,58.88,742,scandinavia and baltic
H0343,H,2,1928-02-20,1923-10-29,1932-10-02,9,"The map says Turkey, a name in use from 29 October 1923.",Iraq is still marked British. It became independent on 3 October 1932.,IRAQ (BR.) / SYRIA (FR.) / TURKEY,41.834,34.67,573,middle east
H0344,H,2,1918-08-17,1918-02-16,1918-11-10,0,Lithuania is on the map. It appeared on 16 February 1918.,There is no Poland yet. It appeared on 11 November 1918.,RUSSIA / LITHUANIA / GERMANY,22.469,55.119,736,scandinavia and baltic
H0345,H,2,1934-04-03,1932-10-03,1935-03-20,3,"Iraq is shown independent, which it became on 3 October 1932.",The map still says Persia. The name changed to Iran on 21 March 1935.,PERSIA / U.S.S.R. / IRAQ,51.732,37.483,1356,middle east
H0346,H,2,1937-12-11,1923-10-29,1940-09-06,17,"The map says Turkey, a name in use from 29 October 1923.",The border between Romania and Bulgaria has not moved yet. It moved on 7 September 1940.,TURKEY / BULGARIA / ROMANIA,29.532,41.54,597,middle east
H0347,H,2,1929-11-17,1923-10-29,1940-06-27,17,"The map says Turkey, a name in use from 29 October 1923.",The border between Romania and U.S.S.R. has not moved yet. It moved on 28 June 1940.,U.S.S.R. / ROMANIA / TURKEY,34.835,46.35,1034,eastern europe
H0348,H,2,1925-06-17,1923-10-29,1925-12-05,2,"The map says Turkey, a name in use from 29 October 1923.",The border between Egypt and Libya (It.) has not moved yet. It moved on 6 December 1925.,EGYPT / LIBYA (IT.) / TURKEY,27.138,31.218,1270,middle east
H0349,H,2,1941-06-04,1941-05-19,1952-09-14,11,"Eritrea is shown independent, which it became on 19 May 1941.",Eritrea is still on the map. It disappeared on 15 September 1952.,ANGLO-EGYPTIAN SUDAN / ETHIOPIA / ERITREA,33.175,10.751,1105,sub-saharan africa
H0350,H,2,1929-06-16,1918-11-18,1940-06-01,22,Latvia is on the map. It appeared on 18 November 1918.,Latvia is still on the map. It disappeared on 2 June 1940.,FINLAND / ESTONIA / LATVIA,22.958,60.072,567,scandinavia and baltic
H0351,H,2,1915-02-12,1913-08-10,1918-11-02,5,Serbia already holds land it gained on 10 August 1913.,Austria-Hungary still holds this area. It passed to Hungary on 3 November 1918.,AUSTRIA-HUNGARY / SERBIA / MONTENEGRO,20.312,45.004,420,eastern europe
H0352,H,2,1916-01-27,1914-12-18,1922-02-27,8,"Egypt is marked British, which it became on 18 December 1914.",Egypt is still marked British. It became independent on 28 February 1922.,LIBYA (IT.) / EGYPT (BR.) / CHAD (FR.),16.705,25.307,525,north africa
H0353,H,2,1932-11-01,1932-09-23,1937-03-31,5,Saudi Arabia is on the map. It appeared on 23 September 1932.,There is no Aden (Br.) yet. It appeared on 1 April 1937.,SAUDI ARABIA / YEMEN / ETHIOPIA,46.626,18.425,1482,middle east
H0354,H,2,1941-06-07,1937-04-01,1962-04-03,25,East Aden Protectorate (Br.) is on the map. It appeared on 1 April 1937.,East Aden Protectorate (Br.) still holds this area. It passed to Federation of South Arabia (Br.) on 4 April 1962.,EAST ADEN PROTECTORATE (BR.) / SAUDI ARABIA / MUSCAT AND OMAN,51.499,16.029,779,middle east
H0355,H,2,1933-05-18,1925-12-06,1934-07-19,9,"The border between Libya (It.) and Libya (It.) is already in its new place, set on 6 December 1925.",The border between Anglo-Egyptian Sudan and Libya (It.) has not moved yet. It moved on 20 July 1934.,LIBYA (IT.) / CHAD (FR.) / ANGLO-EGYPTIAN SUDAN,20.967,22.647,877,north africa
H0356,H,2,1933-05-27,1932-09-23,1935-03-20,3,Saudi Arabia is on the map. It appeared on 23 September 1932.,The map still says Persia. The name changed to Iran on 21 March 1935.,PERSIA / SAUDI ARABIA / QATAR (BR.),51.948,27.244,610,middle east
H0357,H,2,1925-09-28,1920-06-04,1929-10-02,9,There is no Hungary. It disappeared on 4 June 1920.,"The map still says Serbs, Croats and Slovenes. The name changed to Yugoslavia on 3 October 1929.","SERBS, CROATS AND SLOVENES / ALBANIA / ITALY",17.864,43.179,456,balkans
H0358,H,2,1944-04-15,1937-04-01,1948-01-03,11,"Burma (Br.) holds this area, which passed to it from India (Br.) on 1 April 1937.",Burma is still marked British. It became independent on 4 January 1948.,CHINA / BURMA (BR.) / LAOS (FR.),99.859,23.614,610,southeast asia
H0359,H,2,1917-01-28,1913-08-10,1918-05-06,5,"The border between Bulgaria and Romania is already in its new place, set on 10 August 1913.",The border between Romania and Bulgaria has not moved yet. It moved on 7 May 1918.,RUSSIA / ROMANIA / BULGARIA,28.932,46.792,761,eastern europe
H0360,H,2,1916-06-09,1913-08-10,1918-05-06,5,"The border between Bulgaria and Romania is already in its new place, set on 10 August 1913.",The border between Romania and Bulgaria has not moved yet. It moved on 7 May 1918.,ROMANIA / BULGARIA / AUSTRIA-HUNGARY,25.306,44.765,432,eastern europe
H0361,H,2,1918-11-15,1908-11-15,1920-06-27,12,"The map says Belgian Congo, a name in use from 15 November 1908.",There is no Ruanda-Urundi (Belg.) yet. It appeared on 28 June 1920.,BELGIAN CONGO / UBANGI-SHARI (FR.) / ANGLO-EGYPTIAN SUDAN,25.12,0.382,1060,sub-saharan africa
H0362,H,2,1934-12-23,1932-10-03,1935-03-20,3,"Iraq is shown independent, which it became on 3 October 1932.",The map still says Persia. The name changed to Iran on 21 March 1935.,PERSIA / IRAQ / TURKEY,45.42,35.503,703,middle east
H0363,H,2,1920-10-15,1915-08-16,1920-12-16,5,"The map says South West Africa, a name in use from 16 August 1915.",South West Africa is not yet marked South African. It came under South African rule on 17 December 1920.,ANGOLA (PORT.) / SOUTH WEST AFRICA / BECHUANALAND (BR.),16.463,-15.817,1424,sub-saharan africa
H0364,H,2,1932-08-25,1922-12-30,1940-03-11,18,"The map says U.S.S.R., a name in use from 30 December 1922.",The border between Finland and U.S.S.R. has not moved yet. It moved on 12 March 1940.,U.S.S.R. / FINLAND / NORWAY,42.256,61.651,1891,eastern europe
H0365,H,2,1920-08-20,1920-02-02,1922-12-29,2,There is no Khiva (Russ.). It disappeared on 2 February 1920.,The map still says Russia. The name changed to U.S.S.R. on 30 December 1922.,RUSSIA / PERSIA / AFGHANISTAN,59.471,37.498,534,middle east
H0366,H,2,1941-02-18,1932-10-03,1945-12-31,13,"Iraq is shown independent, which it became on 3 October 1932.",Syria is still marked French. It became independent in 1946.,TURKEY / SYRIA (FR.) / IRAQ,39.51,36.501,798,middle east
H0367,H,2,1933-08-18,1922-12-30,1935-03-20,13,"The map says U.S.S.R., a name in use from 30 December 1922.",The map still says Persia. The name changed to Iran on 21 March 1935.,PERSIA / U.S.S.R. / INDIA (BR.),57.08,32.436,1042,middle east
H0368,H,2,1921-12-20,1920-12-24,1923-10-28,3,"The map says Iraq (Br.), a name in use from 24 December 1920.",The map still says Ottoman Empire. The name changed to Turkey on 29 October 1923.,OTTOMAN EMPIRE / SYRIA (FR.) / IRAQ (BR.),38.862,38.462,631,middle east
H0369,H,2,1917-08-25,1916-03-04,1919-06-27,3,"Kamerun is shown independent, which it became on 4 March 1916.",Kamerun is still on the map. It disappeared on 28 June 1919.,KAMERUN / UBANGI-SHARI (FR.) / CHAD (FR.),15.33,5.528,609,sub-saharan africa
H0370,H,2,1915-06-12,1914-04-17,1921-03-12,7,"The border between China and Russia is already in its new place, set on 17 April 1914.",There is no Mongolia yet. It appeared on 13 March 1921.,CHINA / RUSSIA / KOREA (JAP.),113.933,50.43,2413,east asia
H0371,H,2,1926-03-25,1921-03-18,1938-11-01,17,There is no Russia. It disappeared on 18 March 1921.,The border between Czechoslovakia and Hungary has not moved yet. It moved on 2 November 1938.,POLAND / CZECHOSLOVAKIA / HUNGARY,21.709,50.145,399,west-central europe
H0372,H,2,1938-02-08,1937-04-01,1947-08-14,10,Burma (Br.) is on the map. It appeared on 1 April 1937.,There is no Pakistan yet. It appeared on 15 August 1947.,INDIA (BR.) / BURMA (BR.) / BHUTAN,93.393,24.245,677,south asia
H0373,H,2,1914-03-24,1913-08-10,1918-11-30,5,Bulgaria already holds land it gained on 10 August 1913.,"Serbia still holds this area. It passed to Serbs, Croats and Slovenes on 1 December 1918.",GREECE / BULGARIA / SERBIA,23.797,40.408,440,balkans
H0374,H,2,1933-03-17,1932-09-23,1937-03-31,5,Saudi Arabia is on the map. It appeared on 23 September 1932.,There is no Aden (Br.) yet. It appeared on 1 April 1937.,SAUDI ARABIA / MUSCAT AND OMAN / TRUCIAL STATES (BR.),51.186,20.08,1250,middle east
H0375,H,2,1918-09-08,1918-02-16,1918-11-02,0,Lithuania is on the map. It appeared on 16 February 1918.,There is no Hungary yet. It appeared on 3 November 1918.,RUSSIA / FINLAND / LITHUANIA,35.198,56.935,1727,eastern europe
H0376,H,2,1941-09-14,1941-05-19,1952-09-14,11,"Eritrea is shown independent, which it became on 19 May 1941.",Eritrea is still on the map. It disappeared on 15 September 1952.,ETHIOPIA / ERITREA / YEMEN,40.185,12.562,863,sub-saharan africa
H0377,H,2,1926-07-01,1919-11-27,1929-10-02,10,"The border between Bulgaria and Greece is already in its new place, set on 27 November 1919.","The map still says Serbs, Croats and Slovenes. The name changed to Yugoslavia on 3 October 1929.","BULGARIA / SERBS, CROATS AND SLOVENES / GREECE",23.313,41.705,408,balkans
H0378,H,2,1943-08-10,1935-03-21,1961-06-18,26,"The map says Iran, a name in use from 21 March 1935.",There is no Kuwait yet. It appeared on 19 June 1961.,SAUDI ARABIA / IRAN / IRAQ,49.046,28.156,486,middle east
H0379,H,2,1919-03-23,1918-03-03,1922-12-29,4,"The border between Russia and Ottoman Empire is already in its new place, set on 3 March 1918.",The map still says Russia. The name changed to U.S.S.R. on 30 December 1922.,RUSSIA / OTTOMAN EMPIRE / PERSIA,40.868,44.887,1531,eastern europe
H0380,H,2,1932-06-13,1922-12-30,1932-09-22,10,"The map says U.S.S.R., a name in use from 30 December 1922.",There is no Saudi Arabia yet. It appeared on 23 September 1932.,PERSIA / U.S.S.R. / IRAQ (BR.),54.208,34.129,1520,middle east
H0381,H,2,1918-09-29,1918-03-03,1920-04-25,2,"The border between Russia and Ottoman Empire is already in its new place, set on 3 March 1918.",There is no Mesopotamia yet. It appeared on 26 April 1920.,RUSSIA / PERSIA / OTTOMAN EMPIRE,47.591,39.577,749,central asia
H0382,H,2,1943-11-26,1941-05-19,1952-09-14,11,"Eritrea is shown independent, which it became on 19 May 1941.",Eritrea is still on the map. It disappeared on 15 September 1952.,ETHIOPIA / ERITREA / FRENCH SOMALILAND,40.703,12.385,559,sub-saharan africa
H0383,H,2,1934-04-01,1921-03-18,1945-05-07,24,There is no Russia. It disappeared on 18 March 1921.,There is no U.S.S.R. yet. It appeared on 8 May 1945.,POLAND / CZECHOSLOVAKIA / GERMANY,22.447,51.352,481,eastern europe
H0384,H,2,1916-10-17,1914-11-03,1920-04-25,6,"Ottoman Empire has already given up land, on 3 November 1914.",There is no Mesopotamia yet. It appeared on 26 April 1920.,PERSIA / OTTOMAN EMPIRE / RUSSIA,49.76,32.673,1151,middle east
H0385,H,2,1915-04-11,1914-12-18,1922-02-27,8,"Egypt is marked British, which it became on 18 December 1914.",Egypt is still marked British. It became independent on 28 February 1922.,EGYPT (BR.) / ANGLO-EGYPTIAN SUDAN / LIBYA (IT.),28.231,25.237,1129,middle east
H0386,H,2,1915-07-06,1914-12-18,1922-02-27,8,"Egypt is marked British, which it became on 18 December 1914.",Egypt is still marked British. It became independent on 28 February 1922.,ANGLO-EGYPTIAN SUDAN / EGYPT (BR.) / ETHIOPIA,31.496,18.518,1444,middle east
H0387,H,2,1919-08-04,1918-11-03,1919-09-09,1,Austria is on the map. It appeared on 3 November 1918.,There is no Poland yet. It appeared on 10 September 1919.,RUSSIA / LITHUANIA / ROMANIA,31.177,50.96,861,eastern europe
H0388,H,2,1938-10-11,1932-09-23,1948-05-13,16,Saudi Arabia is on the map. It appeared on 23 September 1932.,There is no West Bank yet. It appeared on 14 May 1948.,EGYPT / ANGLO-EGYPTIAN SUDAN / SAUDI ARABIA,32.164,25.601,1317,middle east
H0389,H,2,1939-01-01,1937-04-01,1947-08-14,10,Burma (Br.) is on the map. It appeared on 1 April 1937.,There is no Pakistan yet. It appeared on 15 August 1947.,BURMA (BR.) / INDIA (BR.) / CHINA,95.042,23.266,720,southeast asia
H0390,H,2,1915-02-03,1905-01-01,1920-12-03,15,Upper Senegal and Niger (Fr.) is on the map. It appeared in 1905.,The map still says Upper Senegal and Niger (Fr.). The name changed to French Sudan in December 1920.,MAURITANIA (FR.) / UPPER SENEGAL AND NIGER (FR.) / SPANISH WEST AFRICA,-9.532,20.674,991,north africa
H0391,H,2,1917-12-27,1914-12-18,1920-04-25,6,"Egypt is marked British, which it became on 18 December 1914.",There is no Syria (Fr.) yet. It appeared on 26 April 1920.,EGYPT (BR.) / OTTOMAN EMPIRE / LIBYA (IT.),30.466,31.246,1526,middle east
H0392,H,2,1914-11-20,1914-01-01,1916-03-03,2,Nigeria (Br.) is on the map. It appeared in 1914.,Kamerun is still marked German. It became independent on 4 March 1916.,KAMERUN (GER.) / NIGERIA (BR.) / SPANISH GUINEA,11.909,5.093,727,sub-saharan africa
H0393,H,2,1933-06-01,1932-09-23,1935-03-20,3,Saudi Arabia is on the map. It appeared on 23 September 1932.,The map still says Persia. The name changed to Iran on 21 March 1935.,PERSIA / SAUDI ARABIA / TRUCIAL STATES (BR.),54.723,30.126,1357,middle east
H0394,H,2,1935-07-14,1932-09-23,1945-12-31,13,Saudi Arabia is on the map. It appeared on 23 September 1932.,Syria is still marked French. It became independent in 1946.,EGYPT / SAUDI ARABIA / SYRIA (FR.),31.335,30.397,1151,north africa
H0395,H,2,1918-12-14,1918-11-03,1919-09-09,1,Austria is on the map. It appeared on 3 November 1918.,There is no Poland yet. It appeared on 10 September 1919.,RUSSIA / ROMANIA / BULGARIA,29.584,46.135,595,balkans
H0396,H,2,1918-04-15,1908-10-07,1918-11-02,10,There is no Bosnia. It disappeared on 7 October 1908.,There is no Hungary yet. It appeared on 3 November 1918.,ITALY / AUSTRIA-HUNGARY / SWITZERLAND,12.708,43.273,723,west-central europe
H0397,H,2,1943-01-29,1935-03-21,1961-06-18,26,"The map says Iran, a name in use from 21 March 1935.",There is no Kuwait yet. It appeared on 19 June 1961.,SAUDI ARABIA / IRAN / QATAR (BR.),48.708,25.311,742,middle east
H0398,H,2,1924-01-06,1920-06-04,1929-10-02,9,Romania is on the map. It appeared on 4 June 1920.,"The map still says Serbs, Croats and Slovenes. The name changed to Yugoslavia on 3 October 1929.","SERBS, CROATS AND SLOVENES / HUNGARY / ROMANIA",19.271,45.185,451,balkans
H0399,H,2,1921-07-08,1919-09-10,1929-10-02,10,There is no Austria. It disappeared on 10 September 1919.,"The map still says Serbs, Croats and Slovenes. The name changed to Yugoslavia on 3 October 1929.","SERBS, CROATS AND SLOVENES / ALBANIA / ITALY",18.262,41.918,436,balkans
H0400,H,2,1929-10-12,1929-10-03,1940-09-06,11,"The map says Yugoslavia, a name in use from 3 October 1929.",The border between Romania and Bulgaria has not moved yet. It moved on 7 September 1940.,ROMANIA / BULGARIA / YUGOSLAVIA,24.063,44.152,490,west-central europe
H0401,H,2,1921-06-15,1920-04-26,1922-12-29,2,Syria (Fr.) is on the map. It appeared on 26 April 1920.,The map still says Russia. The name changed to U.S.S.R. on 30 December 1922.,OTTOMAN EMPIRE / SYRIA (FR.) / RUSSIA,34.908,40.328,1016,middle east
H0402,H,2,1930-09-22,1926-09-27,1955-12-31,29,"The border between Uganda (Br.) and Kenya (Br.) is already in its new place, set on 27 September 1926.",The map still says Anglo-Egyptian Sudan. The name changed to Sudan in 1956.,UGANDA (BR.) / ANGLO-EGYPTIAN SUDAN / KENYA (BR.),32.954,2.43,498,sub-saharan africa
H0403,H,2,1917-06-02,1912-10-18,1919-09-11,7,"Libya (It.) holds this area, which passed to it from Ottoman Empire on 18 October 1912.",Algeria (Fr.) is still on the map. It disappeared on 12 September 1919.,LIBYA (IT.) / ALGERIA (FR.) / TUNISIA (FR.),14.935,29.558,890,north africa
H0404,H,2,1918-09-20,1917-12-06,1918-11-10,1,Finland is on the map. It appeared on 6 December 1917.,There is no Estonia yet. It appeared on 11 November 1918.,FINLAND / RUSSIA / SWEDEN,26.43,62.052,678,scandinavia and baltic
H0405,H,2,1918-06-24,1918-05-07,1919-11-26,1,"The border between Romania and Bulgaria is already in its new place, set on 7 May 1918.",The border between Bulgaria and Romania has not moved yet. It moved on 27 November 1919.,ROMANIA / BULGARIA / RUSSIA,27.891,44.828,405,balkans
H0406,H,2,1922-03-08,1906-02-11,1925-12-05,19,"Ubangi-Shari (Fr.) holds this area, which passed to it from Middle Congo (Fr.) on 11 February 1906.",There is no Libya (It.) yet. It appeared on 6 December 1925.,ANGLO-EGYPTIAN SUDAN / CHAD (FR.) / UBANGI-SHARI (FR.),27.453,14.364,1586,sub-saharan africa
H0407,H,2,1944-08-23,1940-06-02,1945-05-07,5,U.S.S.R. is on the map. It appeared on 2 June 1940.,Germany is still on the map. It disappeared on 8 May 1945.,GERMANY / POLAND / SWEDEN,17.154,54.077,515,west-central europe
H0408,H,2,1918-09-14,1905-08-26,1919-06-27,14,Norway is on the map. It appeared on 26 August 1905.,There is no Poland yet. It appeared on 28 June 1919.,SWEDEN / NORWAY / DENMARK,13.061,58.807,822,scandinavia and baltic
H0409,H,2,1922-01-15,1921-03-18,1922-12-29,1,"The border between Russia and Poland is already in its new place, set on 18 March 1921.",The map still says Russia. The name changed to U.S.S.R. on 30 December 1922.,RUSSIA / POLAND / LATVIA,31.227,54.455,672,scandinavia and baltic
H0410,H,2,1915-03-21,1912-10-18,1919-09-11,7,"Libya (It.) holds this area, which passed to it from Ottoman Empire on 18 October 1912.",The border between Algeria (Fr.) and Libya (It.) has not moved yet. It moved on 12 September 1919.,ALGERIA (FR.) / LIBYA (IT.) / NIGER (FR.),9.33,26.272,714,north africa
H0411,H,2,1944-10-27,1932-09-23,1946-05-24,14,Saudi Arabia is on the map. It appeared on 23 September 1932.,Transjordan is still marked British. It became independent on 25 May 1946.,EGYPT / SAUDI ARABIA / TRANSJORDAN (BR.),33.85,27.212,1064,middle east
H0412,H,2,1941-12-22,1932-10-03,1945-12-31,13,"Iraq is shown independent, which it became on 3 October 1932.",Syria is still marked French. It became independent in 1946.,IRAQ / SAUDI ARABIA / SYRIA (FR.),42.68,32.334,562,middle east
H0413,H,2,1918-01-10,1914-11-03,1918-03-02,4,"Ottoman Empire has already given up land, on 3 November 1914.",The border between Russia and Ottoman Empire has not moved yet. It moved on 3 March 1918.,PERSIA / OTTOMAN EMPIRE / RUSSIA,48.249,34.555,1462,middle east
H0414,H,2,1928-06-06,1920-06-04,1929-10-02,9,"The border between Hungary and Serbs, Croats and Slovenes is already in its new place, set on 4 June 1920.","The map still says Serbs, Croats and Slovenes. The name changed to Yugoslavia on 3 October 1929.","SERBS, CROATS AND SLOVENES / HUNGARY / AUSTRIA",16.677,45.531,468,balkans
H0415,H,2,1917-05-06,1914-12-18,1922-02-27,8,"Egypt is marked British, which it became on 18 December 1914.",Egypt is still marked British. It became independent on 28 February 1922.,LIBYA (IT.) / EGYPT (BR.) / ITALY,19.782,31.366,1263,north africa
H0416,H,2,1919-09-14,1918-03-03,1920-02-01,2,"The border between Russia and Ottoman Empire is already in its new place, set on 3 March 1918.",Khiva (Russ.) is still on the map. It disappeared on 2 February 1920.,RUSSIA / OTTOMAN EMPIRE / KHIVA (RUSS.),49.72,50.329,2285,central asia
H0417,H,2,1916-07-18,1913-08-10,1918-02-15,5,"The border between Bulgaria and Romania is already in its new place, set on 10 August 1913.",There is no Lithuania yet. It appeared on 16 February 1918.,RUSSIA / ROMANIA / BULGARIA,33.394,49.519,1494,eastern europe
H0418,H,2,1942-12-26,1932-09-05,1947-01-03,15,There is no Upper Volta (Fr.). It disappeared on 5 September 1932.,There is no Upper Volta (Fr.) yet. It appeared on 4 January 1947.,NIGER (FR.) / FRENCH SUDAN / NIGERIA (BR.),3.929,14.98,553,sub-saharan africa
H0419,H,2,1919-01-08,1918-12-01,1919-09-09,1,"Serbs, Croats and Slovenes is on the map. It appeared on 1 December 1918.",Austria is still on the map. It disappeared on 10 September 1919.,"SERBS, CROATS AND SLOVENES / HUNGARY / AUSTRIA",17.041,43.892,399,balkans
H0420,H,2,1921-12-04,1920-06-04,1929-10-02,9,"The border between Hungary and Serbs, Croats and Slovenes is already in its new place, set on 4 June 1920.","The map still says Serbs, Croats and Slovenes. The name changed to Yugoslavia on 3 October 1929.","ITALY / SERBS, CROATS AND SLOVENES / HUNGARY",15.368,42.793,762,balkans
H0421,H,2,1916-02-28,1914-08-31,1919-06-27,5,"Togoland is shown independent, which it became on 31 August 1914.",There is no British Cameroons yet. It appeared on 28 June 1919.,NIGERIA (BR.) / DAHOMEY (FR.) / TOGOLAND,4.602,6.447,1056,sub-saharan africa
H0422,H,2,1942-05-23,1939-06-24,1945-09-07,6,"The map says Thailand, a name in use from 24 June 1939.",The map still says Thailand. The name changed to Siam in September 1945.,CAMBODIA (FR.) / THAILAND / ANNAM (FR.),103.31,12.815,510,southeast asia
H0423,H,2,1933-02-04,1932-09-23,1941-05-18,9,Saudi Arabia is on the map. It appeared on 23 September 1932.,Eritrea is still marked Italian. It became independent on 19 May 1941.,SAUDI ARABIA / YEMEN / ERITREA (IT.),41.868,19.246,940,middle east
H0424,H,2,1928-09-13,1923-10-29,1932-10-02,9,"The map says Turkey, a name in use from 29 October 1923.",Iraq is still marked British. It became independent on 3 October 1932.,PERSIA / IRAQ (BR.) / TURKEY,45.172,35.987,604,central asia
H0425,H,2,1920-09-28,1920-04-26,1920-12-23,0,Mesopotamia is on the map. It appeared on 26 April 1920.,The map still says Mesopotamia. The name changed to Iraq (Br.) on 24 December 1920.,PERSIA / RUSSIA / MESOPOTAMIA,46.759,37.975,521,middle east
H0426,H,2,1920-08-03,1920-06-04,1920-10-27,0,There is no Hungary. It disappeared on 4 June 1920.,The border between Russia and Romania has not moved yet. It moved on 28 October 1920.,ROMANIA / BULGARIA / RUSSIA,25.919,45.022,506,balkans
H0427,H,2,1931-08-04,1918-11-11,1940-06-01,22,There is no Russia. It disappeared on 11 November 1918.,There is no U.S.S.R. yet. It appeared on 2 June 1940.,SWEDEN / FINLAND / NORWAY,17.822,61.616,825,scandinavia and baltic
H0428,H,2,1920-02-25,1920-02-02,1920-04-25,0,There is no Khiva (Russ.). It disappeared on 2 February 1920.,There is no Mesopotamia yet. It appeared on 26 April 1920.,RUSSIA / PERSIA / OTTOMAN EMPIRE,53.082,37.972,1849,central asia
H0429,H,2,1914-09-21,1908-11-15,1915-08-15,7,"The map says Belgian Congo, a name in use from 15 November 1908.",The map still says German South West Africa. The name changed to South West Africa on 16 August 1915.,ANGOLA (PORT.) / GERMAN SOUTH WEST AFRICA / BELGIAN CONGO,14.161,-15.448,1971,sub-saharan africa
H0430,H,2,1928-11-23,1919-09-10,1938-09-29,19,There is no Austria. It disappeared on 10 September 1919.,Germany has not yet taken in land it gained on 30 September 1938.,POLAND / GERMANY / LITHUANIA,19.411,52.946,509,west-central europe
H0431,H,3,1963-04-09,1961-05-31,1966-09-29,5,"The map says South Africa, a name in use from 31 May 1961.",The map still says Bechuanaland (Br.). The name changed to Botswana on 30 September 1966.,SOUTH AFRICA / BECHUANALAND (BR.) / MOZAMBIQUE (PORT.),27.822,-29.803,1516,sub-saharan africa
H0432,H,3,1972-02-11,1954-05-01,1975-04-30,21,"North Vietnam holds this area, which passed to it from Annam (Fr.) on 1 May 1954.",The map still says North Vietnam. The name changed to Vietnam on 1 May 1975.,CHINA / NORTH VIETNAM / LAOS,103.065,24.581,583,southeast asia
H0433,H,3,1958-07-29,1956-01-01,1962-07-04,6,"Tunisia is shown independent, which it became in 1956.",Algeria is still marked French. It became independent on 5 July 1962.,ALGERIA (FR.) / TUNISIA / LIBYA,6.925,33.304,991,north africa
H0434,H,3,1962-07-19,1961-05-31,1964-01-21,3,"The map says South Africa, a name in use from 31 May 1961.",There is no Northern Rhodesia (Br.) yet. It appeared on 22 January 1964.,SOUTH AFRICA / BECHUANALAND (BR.) / RHODESIA AND NYASALAND (BR.),27.005,-23.636,1179,sub-saharan africa
H0435,H,3,1974-08-06,1970-08-09,1990-05-21,20,"The map says Oman, a name in use from 9 August 1970.",South Yemen still holds this area. It passed to Yemen on 22 May 1990.,SOUTH YEMEN / SAUDI ARABIA / OMAN,51.269,16.432,713,middle east
H0436,H,3,1970-12-24,1966-09-30,1990-03-20,24,"The map says Botswana, a name in use from 30 September 1966.",The map still says South West Africa (S. Afr.). The name changed to Namibia on 21 March 1990.,SOUTH AFRICA / SOUTH WEST AFRICA (S. AFR.) / BOTSWANA,21.221,-29.189,869,sub-saharan africa
H0437,H,3,1962-09-26,1962-04-04,1967-11-29,5,"Federation of South Arabia (Br.) holds this area, which passed to it from East Aden Protectorate (Br.) on 4 April 1962.",Federation of South Arabia (Br.) still holds this area. It passed to South Yemen on 30 November 1967.,SAUDI ARABIA / FEDERATION OF SOUTH ARABIA (BR.) / MUSCAT AND OMAN,50.474,20.333,525,middle east
H0438,H,3,1961-05-11,1960-09-22,1962-07-04,2,"The map says Mali, a name in use from 22 September 1960.",Algeria is still marked French. It became independent on 5 July 1962.,ALGERIA (FR.) / MALI / MOROCCO,-0.715,26.454,1211,north africa
H0439,H,3,1959-09-07,1956-01-01,1963-12-11,7,"The map says Sudan, a name in use from 1956.",Kenya is still marked British. It became independent on 12 December 1963.,ETHIOPIA / SUDAN / KENYA (BR.),36.26,9.075,1051,sub-saharan africa
H0440,H,3,1960-11-26,1960-06-30,1964-01-21,4,"The map says Congo (Léopoldville), a name in use from 30 June 1960.",Rhodesia and Nyasaland (Br.) still holds this area. It passed to Northern Rhodesia (Br.) on 22 January 1964.,ANGOLA (PORT.) / RHODESIA AND NYASALAND (BR.) / CONGO (LÉOPOLDVILLE),20.258,-12.811,892,sub-saharan africa
H0441,H,3,1946-08-19,1945-05-08,1949-09-20,4,Germany (Soviet Zone) is on the map. It appeared on 8 May 1945.,The map still says Germany (Allied Zones). The name changed to West Germany on 21 September 1949.,GERMANY (ALLIED ZONES) / GERMANY (SOVIET ZONE) / DENMARK,9.647,53.799,460,west-central europe
H0442,H,3,1955-03-19,1953-08-01,1960-06-29,7,"Rhodesia and Nyasaland (Br.) holds this area, which passed to it from Northern Rhodesia (Br.) on 1 August 1953.",The map still says Belgian Congo. The name changed to Congo (Léopoldville) on 30 June 1960.,BELGIAN CONGO / ANGOLA (PORT.) / RHODESIA AND NYASALAND (BR.),22.275,-6.053,1376,sub-saharan africa
H0443,H,3,1958-05-23,1956-01-01,1958-11-30,2,"The map says Sudan, a name in use from 1956.",The map still says Ubangi-Shari (Fr.). The name changed to Central African Republic (Fr.) on 1 December 1958.,SUDAN / UBANGI-SHARI (FR.) / BELGIAN CONGO,26.352,9.169,886,sub-saharan africa
H0444,H,3,1957-01-23,1944-07-05,1960-09-21,16,"The border between French Sudan and Mauritania (Fr.) is already in its new place, set on 5 July 1944.",The map still says French Sudan. The name changed to Mali on 22 September 1960.,MAURITANIA (FR.) / FRENCH SUDAN / ALGERIA (FR.),-5.8,20.588,1010,north africa
H0445,H,3,1953-10-08,1947-01-04,1960-08-04,13,Upper Volta (Fr.) is on the map. It appeared on 4 January 1947.,Upper Volta is still marked French. It became independent on 5 August 1960.,FRENCH SUDAN / MAURITANIA (FR.) / UPPER VOLTA (FR.),-3.214,17.65,719,north africa
H0446,H,3,1946-04-23,1945-09-08,1948-01-03,3,"The map says Siam, a name in use from September 1945.",Burma is still marked British. It became independent on 4 January 1948.,BURMA (BR.) / SIAM / CHINA,96.384,20.191,722,southeast asia
H0447,H,3,1971-08-21,1962-07-05,1975-11-13,13,"Algeria is shown independent, which it became on 5 July 1962.",Spanish Sahara still holds this area. It passed to Morocco on 14 November 1975.,MAURITANIA / SPANISH SAHARA / ALGERIA,-9.797,24.807,498,north africa
H0448,H,3,1975-10-30,1975-06-25,1979-05-31,4,"Mozambique is shown independent, which it became on 25 June 1975.",The map still says Rhodesia. The name changed to Zimbabwe Rhodesia on 1 June 1979.,RHODESIA / ZAMBIA / MOZAMBIQUE,29.192,-17.419,502,sub-saharan africa
H0449,H,3,1965-11-26,1964-10-24,1975-06-24,11,"The map says Zambia, a name in use from October 1964.",Mozambique is still marked Portuguese. It became independent on 25 June 1975.,ZAMBIA / MOZAMBIQUE (PORT.) / MALAWI,31.202,-12.631,458,sub-saharan africa
H0450,H,3,1959-08-01,1958-12-01,1960-06-29,2,"The map says Central African Republic (Fr.), a name in use from 1 December 1958.",The map still says Belgian Congo. The name changed to Congo (Léopoldville) on 30 June 1960.,CENTRAL AFRICAN REPUBLIC (FR.) / BELGIAN CONGO / CHAD (FR.),21.165,6.57,531,sub-saharan africa
H0451,H,3,1975-08-14,1971-12-16,1989-06-17,18,"Bangladesh holds this area, which passed to it from Pakistan on 16 December 1971.",The map still says Burma. The name changed to Myanmar on 18 June 1989.,INDIA / BANGLADESH / BURMA,91.933,23.104,669,south asia
H0452,H,3,1961-01-04,1953-08-01,1961-12-08,8,Rhodesia and Nyasaland (Br.) is on the map. It appeared on 1 August 1953.,Tanganyika is still marked British. It became independent on 9 December 1961.,RHODESIA AND NYASALAND (BR.) / TANGANYIKA (BR.) / MOZAMBIQUE (PORT.),35.991,-12.63,1811,sub-saharan africa
H0453,H,3,1962-07-31,1961-05-31,1964-01-21,3,"The map says South Africa, a name in use from 31 May 1961.",Rhodesia and Nyasaland (Br.) still holds this area. It passed to Southern Rhodesia (Br.) on 22 January 1964.,MOZAMBIQUE (PORT.) / RHODESIA AND NYASALAND (BR.) / SOUTH AFRICA,31.871,-22.231,859,sub-saharan africa
H0454,H,3,1962-08-14,1960-07-01,1963-12-11,3,"Somalia holds this area, which passed to it from Italian Somaliland on 1 July 1960.",Kenya is still marked British. It became independent on 12 December 1963.,SOMALIA / ETHIOPIA / KENYA (BR.),44.978,1.972,1152,sub-saharan africa
H0455,H,3,1972-06-19,1962-07-05,1975-11-13,13,"Algeria is shown independent, which it became on 5 July 1962.",Spanish Sahara is still on the map. It disappeared on 14 November 1975.,MOROCCO / ALGERIA / SPANISH SAHARA,-9.348,29.155,442,north africa
H0456,H,3,1946-12-05,1941-05-19,1952-09-14,11,"Eritrea is shown independent, which it became on 19 May 1941.",Eritrea still holds this area. It passed to Ethiopia on 15 September 1952.,ANGLO-EGYPTIAN SUDAN / ERITREA / EGYPT,35.904,19.077,659,middle east
H0457,H,3,1959-10-25,1954-05-01,1970-10-08,16,"Laos is shown independent, which it became on 1 May 1954.",The map still says Cambodia. The name changed to Khmer Republic on 9 October 1970.,THAILAND / LAOS / CAMBODIA,102.433,15.973,536,southeast asia
H0458,H,3,1973-10-06,1971-10-27,1975-11-10,4,"The map says Zaire, a name in use from 27 October 1971.",Angola is still marked Portuguese. It became independent on 11 November 1975.,ANGOLA (PORT.) / ZAIRE / CONGO,16.739,-9.098,1142,sub-saharan africa
H0459,H,3,1964-08-31,1960-08-13,1966-06-30,6,"Central African Republic is shown independent, which it became on 13 August 1960.",The map still says Congo (Léopoldville). The name changed to Congo (Kinshasa) in 1966.,SUDAN / CENTRAL AFRICAN REPUBLIC / CONGO (LÉOPOLDVILLE),25.778,6.664,744,sub-saharan africa
H0460,H,3,1948-01-02,1945-09-08,1949-05-10,4,"The map says Siam, a name in use from September 1945.",The map still says Siam. The name changed to Thailand on 11 May 1949.,LAOS (FR.) / SIAM / ANNAM (FR.),105.613,17.599,568,southeast asia
H0461,H,3,1973-08-22,1965-11-11,1975-06-24,10,"Rhodesia is shown independent, which it became on 11 November 1965.",Mozambique is still marked Portuguese. It became independent on 25 June 1975.,MOZAMBIQUE (PORT.) / RHODESIA / MALAWI,35.023,-17.658,682,sub-saharan africa
H0462,H,3,1958-02-08,1956-01-01,1960-06-29,4,"The map says Sudan, a name in use from 1956.",The map still says Belgian Congo. The name changed to Congo (Léopoldville) on 30 June 1960.,UGANDA (BR.) / BELGIAN CONGO / SUDAN,31.024,1.706,525,sub-saharan africa
H0463,H,3,1952-08-02,1947-01-04,1960-08-02,13,Upper Volta (Fr.) is on the map. It appeared on 4 January 1947.,Niger is still marked French. It became independent on 3 August 1960.,FRENCH SUDAN / UPPER VOLTA (FR.) / NIGER (FR.),-1.957,15.027,790,north africa
H0464,H,3,1969-06-14,1965-11-11,1975-06-24,10,"Rhodesia is shown independent, which it became on 11 November 1965.",Mozambique is still marked Portuguese. It became independent on 25 June 1975.,ZAMBIA / RHODESIA / MOZAMBIQUE (PORT.),29.037,-16.298,576,sub-saharan africa
H0465,H,3,1970-01-09,1967-11-30,1990-05-21,23,"South Yemen holds this area, which passed to it from Federation of South Arabia (Br.) on 30 November 1967.",South Yemen is still on the map. It disappeared on 22 May 1990.,SAUDI ARABIA / SOUTH YEMEN / YEMEN,48.748,20.318,942,middle east
H0466,H,3,1946-10-27,1946-05-25,1948-05-13,2,"Transjordan is shown independent, which it became on 25 May 1946.",There is no West Bank yet. It appeared on 14 May 1948.,EGYPT / SAUDI ARABIA / TRANSJORDAN,33.929,27.777,930,north africa
H0467,H,3,1970-06-09,1960-08-17,1971-10-26,11,"Gabon is shown independent, which it became on 17 August 1960.",The map still says Congo (Brazzaville). The name changed to Congo on 27 October 1971.,CAMEROON / GABON / CONGO (BRAZZAVILLE),13.382,2.849,467,sub-saharan africa
H0468,H,3,1952-01-21,1947-01-04,1957-03-05,10,Upper Volta (Fr.) is on the map. It appeared on 4 January 1947.,The map still says Gold Coast (Br.). The name changed to Ghana on 6 March 1957.,GOLD COAST (BR.) / IVORY COAST (FR.) / UPPER VOLTA (FR.),-2.922,7.564,596,sub-saharan africa
H0469,H,3,1971-09-27,1966-07-01,1971-10-26,5,"The map says Congo (Kinshasa), a name in use from 1966.",The map still says Congo (Kinshasa). The name changed to Zaire on 27 October 1971.,CONGO (KINSHASA) / UGANDA / SUDAN,29.414,2.184,546,sub-saharan africa
H0470,H,3,1962-05-04,1956-04-07,1962-07-04,6,There is no Spanish Morocco. It disappeared on 7 April 1956.,Algeria is still marked French. It became independent on 5 July 1962.,SPAIN / MOROCCO / ALGERIA (FR.),-2.934,35.999,820,north africa
H0471,H,3,1967-05-16,1966-07-01,1971-10-26,5,"The map says Congo (Kinshasa), a name in use from 1966.",The map still says Congo (Kinshasa). The name changed to Zaire on 27 October 1971.,SUDAN / CONGO (KINSHASA) / CENTRAL AFRICAN REPUBLIC,26.591,6.727,805,sub-saharan africa
H0472,H,3,1949-09-02,1943-05-13,1960-08-02,17,"Libya is shown independent, which it became on 13 May 1943.",Niger is still marked French. It became independent on 3 August 1960.,NIGER (FR.) / ALGERIA (FR.) / LIBYA,9.558,21.391,922,north africa
H0473,H,3,1956-02-24,1947-08-15,1971-12-15,24,Pakistan is on the map. It appeared on 15 August 1947.,Pakistan still holds this area. It passed to Bangladesh on 16 December 1971.,INDIA / PAKISTAN / NEPAL,84.26,20.375,1368,south asia
H0474,H,3,1962-10-13,1956-01-01,1967-06-09,11,"The map says Sudan, a name in use from 1956.",There is no Israel yet. It appeared on 10 June 1967.,SAUDI ARABIA / SUDAN / EGYPT,38.579,24.02,1023,middle east
H0475,H,3,1952-12-13,1952-09-15,1955-12-31,3,There is no Eritrea. It disappeared on 15 September 1952.,The map still says Anglo-Egyptian Sudan. The name changed to Sudan in 1956.,ANGLO-EGYPTIAN SUDAN / ETHIOPIA / SAUDI ARABIA,37.965,18.078,751,middle east
H0476,H,3,1955-05-02,1953-08-01,1960-06-29,7,Rhodesia and Nyasaland (Br.) is on the map. It appeared on 1 August 1953.,The map still says Belgian Congo. The name changed to Congo (Léopoldville) on 30 June 1960.,BELGIAN CONGO / TANGANYIKA (BR.) / RHODESIA AND NYASALAND (BR.),29.629,-7.987,904,sub-saharan africa
H0477,H,3,1946-03-03,1932-09-05,1947-01-03,15,There is no Upper Volta (Fr.). It disappeared on 5 September 1932.,There is no Upper Volta (Fr.) yet. It appeared on 4 January 1947.,IVORY COAST (FR.) / GOLD COAST (BR.) / TOGO (FR.),-2.455,6.876,814,sub-saharan africa
H0478,H,3,1971-09-22,1960-11-28,1975-11-13,15,"Mauritania is shown independent, which it became on 28 November 1960.",Spanish Sahara is still on the map. It disappeared on 14 November 1975.,MAURITANIA / SPANISH SAHARA / SENEGAL,-13.84,20.537,879,north africa
H0479,H,3,1953-04-11,1945-08-17,1963-09-15,18,"The map says Indonesia, a name in use from 17 August 1945.",There is no Malaysia yet. It appeared on 16 September 1963.,INDONESIA / SARAWAK (BR.) / NORTH BORNEO (BR.),112.992,-0.019,1117,southeast asia
H0480,H,3,1968-01-18,1960-09-22,1985-10-11,25,"The map says Mali, a name in use from 22 September 1960.",The map still says Ivory Coast. The name changed to Côte d'Ivoire in October 1985.,MALI / GUINEA / IVORY COAST,-9.291,11.832,399,sub-saharan africa
H0481,H,3,1972-06-08,1970-10-09,1975-04-16,5,"The map says Khmer Republic, a name in use from 9 October 1970.",The map still says Khmer Republic. The name changed to Cambodia on 17 April 1975.,THAILAND / KHMER REPUBLIC / SOUTH VIETNAM,102.853,12.723,599,southeast asia
H0482,H,3,1952-11-11,1952-09-15,1967-07-04,15,There is no Eritrea. It disappeared on 15 September 1952.,The map still says French Somaliland. The name changed to Afars and Issas (Fr.) on 5 July 1967.,ETHIOPIA / YEMEN / FRENCH SOMALILAND,41.207,13.82,541,middle east
H0483,H,3,1961-07-30,1960-11-28,1984-08-03,24,"Mauritania is shown independent, which it became on 28 November 1960.",The map still says Upper Volta. The name changed to Burkina Faso on 4 August 1984.,MALI / MAURITANIA / UPPER VOLTA,-6.278,18.309,1026,north africa
H0484,H,3,1951-06-11,1947-08-15,1970-08-08,23,"Pakistan holds this area, which passed to it from India (Br.) on 15 August 1947.",The map still says Muscat and Oman. The name changed to Oman on 9 August 1970.,IRAN / PAKISTAN / MUSCAT AND OMAN,61.612,25.821,743,middle east
H0485,H,3,1949-06-03,1949-05-11,1954-04-30,5,"The map says Thailand, a name in use from 11 May 1949.",Laos is still marked French. It became independent on 1 May 1954.,LAOS (FR.) / THAILAND / ANNAM (FR.),103.073,18.713,435,southeast asia
H0486,H,3,1975-04-12,1966-09-30,1979-05-31,13,"The map says Botswana, a name in use from 30 September 1966.",The map still says Rhodesia. The name changed to Zimbabwe Rhodesia on 1 June 1979.,BOTSWANA / RHODESIA / SOUTH AFRICA,24.977,-21.803,658,sub-saharan africa
H0487,H,3,1964-11-17,1962-07-01,1966-06-30,4,Burundi is on the map. It appeared on 1 July 1962.,The map still says Congo (Léopoldville). The name changed to Congo (Kinshasa) in 1966.,CONGO (LÉOPOLDVILLE) / RWANDA / BURUNDI,27.094,-0.067,629,sub-saharan africa
H0488,H,3,1961-12-07,1960-06-30,1961-12-08,1,"The map says Congo (Léopoldville), a name in use from 30 June 1960.",Tanganyika is still marked British. It became independent on 9 December 1961.,RHODESIA AND NYASALAND (BR.) / CONGO (LÉOPOLDVILLE) / TANGANYIKA (BR.),29.56,-11.087,684,sub-saharan africa
H0489,H,3,1972-09-18,1971-10-27,1997-05-16,26,"The map says Zaire, a name in use from 27 October 1971.",The map still says Zaire. The name changed to Dem. Rep. of the Congo on 17 May 1997.,ZAIRE / CENTRAL AFRICAN REPUBLIC / SUDAN,24.712,2.657,1271,sub-saharan africa
H0490,H,3,1948-06-16,1947-08-15,1949-01-04,2,Pakistan is on the map. It appeared on 15 August 1947.,Jammu and Kashmir is still on the map. It disappeared on 5 January 1949.,INDIA / PAKISTAN / JAMMU AND KASHMIR,74.339,29.879,798,south asia
H0491,H,3,1974-04-03,1960-09-22,1984-08-03,24,"The map says Mali, a name in use from 22 September 1960.",The map still says Upper Volta. The name changed to Burkina Faso on 4 August 1984.,MALI / UPPER VOLTA / IVORY COAST,-5.096,12.21,493,sub-saharan africa
H0492,H,3,1951-09-07,1946-01-01,1960-08-15,14,"Syria is shown independent, which it became in 1946.",Cyprus is still marked British. It became independent on 16 August 1960.,TURKEY / SYRIA / CYPRUS (BR.),33.813,37.035,718,middle east
H0493,H,3,1947-08-15,1944-07-05,1959-04-03,15,"The border between French Sudan and Mauritania (Fr.) is already in its new place, set on 5 July 1944.",Senegal (Fr.) is still on the map. It disappeared on 4 April 1959.,MAURITANIA (FR.) / FRENCH SUDAN / SENEGAL (FR.),-8.761,18.585,1069,north africa
H0494,H,3,1963-06-07,1961-12-09,1964-01-21,3,"Tanganyika is shown independent, which it became on 9 December 1961.",There is no Northern Rhodesia (Br.) yet. It appeared on 22 January 1964.,MOZAMBIQUE (PORT.) / TANGANYIKA / RHODESIA AND NYASALAND (BR.),38.084,-13.775,1448,sub-saharan africa
H0495,H,3,1954-03-03,1952-09-15,1955-12-31,3,There is no Eritrea. It disappeared on 15 September 1952.,The map still says Anglo-Egyptian Sudan. The name changed to Sudan in 1956.,ANGLO-EGYPTIAN SUDAN / EGYPT / ETHIOPIA,31.262,17.4,1251,middle east
H0496,H,3,1965-09-22,1960-08-15,1966-06-30,6,"The map says Congo (Brazzaville), a name in use from 15 August 1960.",The map still says Congo (Léopoldville). The name changed to Congo (Kinshasa) in 1966.,CONGO (LÉOPOLDVILLE) / ANGOLA (PORT.) / CONGO (BRAZZAVILLE),16.112,-5.584,661,sub-saharan africa
H0497,H,3,1972-09-26,1971-10-27,1997-05-16,26,"The map says Zaire, a name in use from 27 October 1971.",The map still says Zaire. The name changed to Dem. Rep. of the Congo on 17 May 1997.,SUDAN / UGANDA / ZAIRE,31.719,3.595,550,sub-saharan africa
H0498,H,3,1962-02-23,1960-10-01,1975-11-29,15,"Nigeria is shown independent, which it became on 1 October 1960.",The map still says Dahomey. The name changed to Benin on 30 November 1975.,NIGERIA / DAHOMEY / NIGER,4.326,11.233,513,sub-saharan africa
H0499,H,3,1957-12-26,1953-08-01,1961-05-30,8,Rhodesia and Nyasaland (Br.) is on the map. It appeared on 1 August 1953.,The map still says Union of South Africa. The name changed to South Africa on 31 May 1961.,MOZAMBIQUE (PORT.) / RHODESIA AND NYASALAND (BR.) / UNION OF SOUTH AFRICA,33.993,-18.224,1214,sub-saharan africa
H0500,H,3,1963-08-23,1962-04-04,1967-11-29,5,Federation of South Arabia (Br.) is on the map. It appeared on 4 April 1962.,Federation of South Arabia (Br.) still holds this area. It passed to South Yemen on 30 November 1967.,SAUDI ARABIA / FEDERATION OF SOUTH ARABIA (BR.) / YEMEN,47.367,19.639,1110,middle east
H0501,H,3,1969-02-04,1965-11-11,1975-06-24,10,"Rhodesia is shown independent, which it became on 11 November 1965.",Mozambique is still marked Portuguese. It became independent on 25 June 1975.,MOZAMBIQUE (PORT.) / SOUTH AFRICA / RHODESIA,33.554,-23.321,490,sub-saharan africa
H0502,H,3,1956-01-07,1947-01-04,1956-03-05,9,Upper Volta (Fr.) is on the map. It appeared on 4 January 1947.,Gold Coast (Br.) has not yet taken in land it gained on 6 March 1956.,UPPER VOLTA (FR.) / FRENCH SUDAN / GOLD COAST (BR.),-1.894,12.596,405,sub-saharan africa
H0503,H,3,1970-08-29,1966-07-01,1971-10-26,5,"The map says Congo (Kinshasa), a name in use from 1966.",The map still says Congo (Kinshasa). The name changed to Zaire on 27 October 1971.,CONGO (KINSHASA) / CENTRAL AFRICAN REPUBLIC / CONGO (BRAZZAVILLE),21.103,1.3,990,sub-saharan africa
H0504,H,3,1974-12-13,1967-06-10,1979-05-25,12,"The border between Egypt and Israel is already in its new place, set on 10 June 1967.",The border between Israel and Egypt has not moved yet. It moved on 26 May 1979.,EGYPT / LIBYA / ISRAEL,28.231,30.076,1145,middle east
H0505,H,3,1963-06-18,1961-05-31,1975-11-10,14,"The map says South Africa, a name in use from 31 May 1961.",Angola is still marked Portuguese. It became independent on 11 November 1975.,ANGOLA (PORT.) / SOUTH WEST AFRICA (S. AFR.) / SOUTH AFRICA,13.863,-20.485,1985,sub-saharan africa
H0506,H,3,1973-08-27,1954-05-01,1975-04-30,21,"North Vietnam holds this area, which passed to it from Annam (Fr.) on 1 May 1954.",The map still says North Vietnam. The name changed to Vietnam on 1 May 1975.,CHINA / NORTH VIETNAM / MONGOLIA,112.961,32.232,2251,east asia
H0507,H,3,1974-02-13,1960-08-01,1975-11-29,15,"Dahomey is shown independent, which it became on 1 August 1960.",The map still says Dahomey. The name changed to Benin on 30 November 1975.,GHANA / DAHOMEY / TOGO,1.177,6.422,402,sub-saharan africa
H0508,H,3,1956-09-23,1956-01-01,1960-08-10,4,"The map says Sudan, a name in use from 1956.",Chad is still marked French. It became independent on 11 August 1960.,SUDAN / CHAD (FR.) / LIBYA,23.443,15.557,1166,north africa
H0509,H,3,1959-06-01,1954-05-01,1975-04-30,21,"North Vietnam holds this area, which passed to it from Annam (Fr.) on 1 May 1954.",The map still says North Vietnam. The name changed to Vietnam on 1 May 1975.,CHINA / NORTH VIETNAM / BURMA,105.924,28.601,1511,east asia
H0510,H,3,1969-06-08,1967-06-10,1979-05-25,12,Israel is on the map. It appeared on 10 June 1967.,Israel is still on the map. It disappeared on 26 May 1979.,EGYPT / SAUDI ARABIA / ISRAEL,32.745,25.406,662,middle east
H0511,H,3,1974-03-19,1967-06-10,1979-05-25,12,Israel is on the map. It appeared on 10 June 1967.,Israel is still on the map. It disappeared on 26 May 1979.,EGYPT / SUDAN / ISRAEL,29.569,24.175,984,north africa
H0512,H,3,1967-09-12,1960-08-07,1985-10-11,25,"Ivory Coast is shown independent, which it became on 7 August 1960.",The map still says Ivory Coast. The name changed to Côte d'Ivoire in October 1985.,IVORY COAST / LIBERIA / GUINEA,-7.087,6.642,576,sub-saharan africa
H0513,H,3,1948-09-09,1947-02-10,1949-10-04,2,There is no Hungary. It disappeared on 10 February 1947.,The map still says Germany (Soviet Zone). The name changed to East Germany on 5 October 1949.,POLAND / CZECHOSLOVAKIA / GERMANY (SOVIET ZONE),16.571,51.683,593,west-central europe
H0514,H,3,1949-09-21,1948-01-04,1950-10-01,2,"Burma is shown independent, which it became on 4 January 1948.",Tibet is still on the map. It disappeared on 2 October 1950.,TIBET / INDIA / BURMA,94.809,30.033,699,south asia
H0515,H,3,1974-12-18,1966-05-26,1975-11-24,9,"The map says Guyana, a name in use from 26 May 1966.",Suriname is still marked Dutch. It became independent on 25 November 1975.,BRAZIL / GUYANA / SURINAME (NETH.),-58.104,0.626,815,americas
H0516,H,3,1946-03-23,1920-09-02,1947-08-14,27,There is no Bokhara (Russ.). It disappeared on 2 September 1920.,There is no Jammu and Kashmir yet. It appeared on 15 August 1947.,INDIA (BR.) / CHINA / AFGHANISTAN,75.161,35.084,469,central asia
H0517,H,3,1963-01-05,1960-08-17,1966-06-30,6,"Gabon is shown independent, which it became on 17 August 1960.",The map still says Congo (Léopoldville). The name changed to Congo (Kinshasa) in 1966.,GABON / CONGO (BRAZZAVILLE) / CONGO (LÉOPOLDVILLE),12.328,-3.311,529,sub-saharan africa
H0518,H,3,1961-03-27,1960-11-28,1962-07-04,2,"Mauritania is shown independent, which it became on 28 November 1960.",Algeria is still marked French. It became independent on 5 July 1962.,MAURITANIA / SPANISH SAHARA / ALGERIA (FR.),-10.442,23.244,863,north africa
H0519,H,3,1949-09-30,1945-08-15,1949-12-07,4,There is no Formosa (Jap.). It disappeared on 15 August 1945.,There is no Taiwan yet. It appeared on 8 December 1949.,CHINA / ANNAM (FR.) / LAOS (FR.),114.243,24.368,1938,east asia
H0520,H,3,1956-06-09,1956-01-01,1958-11-30,2,"The map says Sudan, a name in use from 1956.",The map still says Ubangi-Shari (Fr.). The name changed to Central African Republic (Fr.) on 1 December 1958.,UBANGI-SHARI (FR.) / SUDAN / CHAD (FR.),22.931,8.953,687,sub-saharan africa
H0521,H,3,1949-03-01,1941-05-19,1952-09-14,11,"Eritrea is shown independent, which it became on 19 May 1941.",Eritrea still holds this area. It passed to Ethiopia on 15 September 1952.,SAUDI ARABIA / ERITREA / ANGLO-EGYPTIAN SUDAN,39.945,19.216,639,middle east
H0522,H,3,1961-08-09,1960-11-28,1975-11-13,15,"Mauritania is shown independent, which it became on 28 November 1960.",Spanish Sahara is still on the map. It disappeared on 14 November 1975.,SPANISH SAHARA / MOROCCO / MAURITANIA,-10.568,28.179,484,north africa
H0523,H,3,1961-05-23,1956-04-07,1962-07-04,6,There is no Spanish Morocco. It disappeared on 7 April 1956.,Algeria is still marked French. It became independent on 5 July 1962.,ALGERIA (FR.) / TUNISIA / SPAIN,3.718,33.251,1205,north africa
H0524,H,3,1948-08-30,1945-08-15,1949-12-07,4,There is no Formosa (Jap.). It disappeared on 15 August 1945.,There is no Taiwan yet. It appeared on 8 December 1949.,CHINA / MONGOLIA / TIBET,110.257,34.433,2338,east asia
H0525,H,3,1969-09-21,1967-07-05,1977-06-26,10,"The map says Afars and Issas (Fr.), a name in use from 5 July 1967.",The map still says Afars and Issas (Fr.). The name changed to Djibouti on 27 June 1977.,ETHIOPIA / SOMALIA / AFARS AND ISSAS (FR.),41.167,8.929,692,sub-saharan africa
H0526,H,3,1969-12-07,1966-07-01,1971-10-26,5,"The map says Congo (Kinshasa), a name in use from 1966.",The map still says Congo (Kinshasa). The name changed to Zaire on 27 October 1971.,ZAMBIA / CONGO (KINSHASA) / ANGOLA (PORT.),26.268,-11.969,666,sub-saharan africa
H0527,H,3,1969-02-28,1968-09-06,1975-06-24,7,"Swaziland is shown independent, which it became on 6 September 1968.",Mozambique is still marked Portuguese. It became independent on 25 June 1975.,SOUTH AFRICA / MOZAMBIQUE (PORT.) / SWAZILAND,32.245,-27.452,684,sub-saharan africa
H0528,H,3,1966-02-03,1960-08-17,1968-10-11,8,"Gabon is shown independent, which it became on 17 August 1960.",The map still says Spanish Guinea. The name changed to Equatorial Guinea on 12 October 1968.,GABON / CONGO (BRAZZAVILLE) / SPANISH GUINEA,10.714,-1.337,648,sub-saharan africa
H0529,H,3,1951-10-28,1943-05-13,1967-06-09,24,"Libya is shown independent, which it became on 13 May 1943.",There is no Israel yet. It appeared on 10 June 1967.,EGYPT / LIBYA / GREECE,28.218,31.463,956,middle east
H0530,H,3,1947-08-18,1947-08-15,1950-10-01,3,"India is shown independent, which it became on 15 August 1947.",Tibet is still on the map. It disappeared on 2 October 1950.,CHINA / TIBET / INDIA,100.274,32.52,925,east asia
H0531,H,3,1962-02-14,1960-06-30,1962-06-30,2,"The map says Congo (Léopoldville), a name in use from 30 June 1960.",There is no Rwanda yet. It appeared on 1 July 1962.,CONGO (LÉOPOLDVILLE) / ANGOLA (PORT.) / RHODESIA AND NYASALAND (BR.),23.562,-9.206,1687,sub-saharan africa
H0532,H,3,1952-02-22,1937-04-01,1960-06-30,23,Aden (Br.) is on the map. It appeared on 1 April 1937.,There is no Somalia yet. It appeared on 1 July 1960.,BRITISH SOMALILAND / ADEN (BR.) / ETHIOPIA,46.77,10.885,507,sub-saharan africa
H0533,H,3,1970-02-21,1960-09-22,1984-08-03,24,"The map says Mali, a name in use from 22 September 1960.",The map still says Upper Volta. The name changed to Burkina Faso on 4 August 1984.,MALI / UPPER VOLTA / NIGER,-0.84,15.906,703,north africa
H0534,H,3,1968-09-03,1966-07-01,1971-10-26,5,"The map says Congo (Kinshasa), a name in use from 1966.",The map still says Congo (Kinshasa). The name changed to Zaire on 27 October 1971.,CONGO (KINSHASA) / ANGOLA (PORT.) / CONGO (BRAZZAVILLE),16.777,-4.94,518,sub-saharan africa
H0535,H,3,1975-12-13,1971-10-27,1997-05-16,26,"The map says Zaire, a name in use from 27 October 1971.",The map still says Zaire. The name changed to Dem. Rep. of the Congo on 17 May 1997.,TANZANIA / ZAIRE / BURUNDI,29.729,-4.762,406,sub-saharan africa
H0536,H,3,1959-02-28,1958-12-01,1960-06-29,2,"The map says Central African Republic (Fr.), a name in use from 1 December 1958.",The map still says Belgian Congo. The name changed to Congo (Léopoldville) on 30 June 1960.,CENTRAL AFRICAN REPUBLIC (FR.) / MIDDLE CONGO (FR.) / BELGIAN CONGO,17.726,3.196,434,sub-saharan africa
H0537,H,3,1955-03-27,1952-09-15,1955-12-31,3,There is no Eritrea. It disappeared on 15 September 1952.,The map still says Anglo-Egyptian Sudan. The name changed to Sudan in 1956.,ANGLO-EGYPTIAN SUDAN / ETHIOPIA / LIBYA,30.235,14.863,1382,middle east
H0538,H,3,1953-08-01,1937-04-01,1962-04-03,25,Aden (Br.) is on the map. It appeared on 1 April 1937.,There is no Federation of South Arabia (Br.) yet. It appeared on 4 April 1962.,SAUDI ARABIA / EAST ADEN PROTECTORATE (BR.) / ADEN (BR.),49.379,17.817,736,middle east
H0539,H,3,1963-09-18,1962-07-01,1964-04-25,2,Rwanda is on the map. It appeared on 1 July 1962.,The map still says Tanganyika. The name changed to Tanganyika and Zanzibar on 26 April 1964.,TANGANYIKA / BURUNDI / RWANDA,31.696,-4.375,461,sub-saharan africa
H0540,H,3,1974-12-07,1967-06-10,1979-05-25,12,"The border between Egypt and Israel is already in its new place, set on 10 June 1967.",The border between Israel and Egypt has not moved yet. It moved on 26 May 1979.,EGYPT / ISRAEL / CYPRUS,29.973,30.466,941,middle east
H0541,H,3,1963-11-25,1961-12-09,1963-12-11,2,"Tanganyika is shown independent, which it became on 9 December 1961.",Kenya is still marked British. It became independent on 12 December 1963.,TANGANYIKA / RHODESIA AND NYASALAND (BR.) / KENYA (BR.),35.055,-7.015,973,sub-saharan africa
H0542,H,3,1959-07-01,1959-04-04,1960-06-19,1,There is no Senegal (Fr.). It disappeared on 4 April 1959.,The border between French Sudan and French Sudan has not moved yet. It moved on 20 June 1960.,MAURITANIA (FR.) / SPANISH SAHARA / FRENCH SUDAN,-11.152,21.17,1090,north africa
H0543,H,3,1960-05-04,1960-01-01,1960-09-30,0,"The map says Cameroon, a name in use from 1960.",Nigeria is still marked British. It became independent on 1 October 1960.,CAMEROON / NIGERIA (BR.) / BRITISH CAMEROONS,10.385,4.924,561,sub-saharan africa
H0544,H,3,1974-01-24,1971-10-27,1975-11-10,4,"The map says Zaire, a name in use from 27 October 1971.",Angola is still marked Portuguese. It became independent on 11 November 1975.,ZAIRE / ANGOLA (PORT.) / ZAMBIA,21.064,-7.071,1144,sub-saharan africa
H0545,H,3,1963-11-30,1961-10-01,1968-10-11,7,There is no British Cameroons. It disappeared on 1 October 1961.,The map still says Spanish Guinea. The name changed to Equatorial Guinea on 12 October 1968.,CAMEROON / GABON / SPANISH GUINEA,11.26,2.73,634,sub-saharan africa
H0546,H,3,1953-04-23,1950-10-02,1954-04-30,4,There is no Tibet. It disappeared on 2 October 1950.,Annam (Fr.) still holds this area. It passed to North Vietnam on 1 May 1954.,CHINA / ANNAM (FR.) / LAOS (FR.),108.459,25.864,1466,east asia
H0547,H,3,1971-11-02,1967-06-10,1979-05-25,12,There is no West Bank. It disappeared on 10 June 1967.,There is no Egypt yet. It appeared on 26 May 1979.,SAUDI ARABIA / JORDAN / ISRAEL,36.894,29.913,433,middle east
H0548,H,3,1955-07-24,1943-05-13,1955-12-31,12,"Libya is shown independent, which it became on 13 May 1943.",Tunisia is still marked French. It became independent in 1956.,LIBYA / TUNISIA (FR.) / ITALY,13.449,33.307,805,north africa
H0549,H,3,1973-10-12,1967-11-30,1990-05-21,23,"South Yemen holds this area, which passed to it from Federation of South Arabia (Br.) on 30 November 1967.",South Yemen is still on the map. It disappeared on 22 May 1990.,SOMALIA / SOUTH YEMEN / YEMEN,47.976,12.2,688,middle east
H0550,H,3,1962-04-29,1953-08-01,1964-01-21,11,Rhodesia and Nyasaland (Br.) is on the map. It appeared on 1 August 1953.,There is no Northern Rhodesia (Br.) yet. It appeared on 22 January 1964.,RHODESIA AND NYASALAND (BR.) / BECHUANALAND (BR.) / MOZAMBIQUE (PORT.),28.797,-17.602,949,sub-saharan africa
H0551,H,3,1974-09-04,1960-09-22,1984-08-03,24,"The map says Mali, a name in use from 22 September 1960.",The map still says Upper Volta. The name changed to Burkina Faso on 4 August 1984.,MALI / UPPER VOLTA / GHANA,-4.006,12.842,465,sub-saharan africa
H0552,H,3,1961-05-15,1960-10-01,1961-09-30,1,"Nigeria is shown independent, which it became on 1 October 1960.",British Cameroons is still on the map. It disappeared on 1 October 1961.,CAMEROON / NIGERIA / BRITISH CAMEROONS,11.645,6.411,621,sub-saharan africa
H0553,H,3,1968-03-06,1967-11-30,1990-05-21,23,"South Yemen holds this area, which passed to it from Federation of South Arabia (Br.) on 30 November 1967.",South Yemen is still on the map. It disappeared on 22 May 1990.,SAUDI ARABIA / SOUTH YEMEN / IRAN,47.681,22.677,1119,middle east
H0554,H,3,1966-01-18,1965-11-11,1966-09-29,1,"Rhodesia is shown independent, which it became on 11 November 1965.",The map still says Bechuanaland (Br.). The name changed to Botswana on 30 September 1966.,BECHUANALAND (BR.) / RHODESIA / SOUTH AFRICA,24.122,-21.751,650,sub-saharan africa
H0555,H,3,1967-08-10,1966-07-01,1971-10-26,5,"The map says Congo (Kinshasa), a name in use from 1966.",The map still says Congo (Kinshasa). The name changed to Zaire on 27 October 1971.,ANGOLA (PORT.) / SOUTH WEST AFRICA (S. AFR.) / CONGO (KINSHASA),13.431,-14.668,1876,sub-saharan africa
H0556,H,3,1969-10-29,1966-07-01,1971-10-26,5,"The map says Congo (Kinshasa), a name in use from 1966.",The map still says Congo (Kinshasa). The name changed to Zaire on 27 October 1971.,CENTRAL AFRICAN REPUBLIC / CHAD / CONGO (KINSHASA),19.655,7.977,714,sub-saharan africa
H0557,H,3,1965-10-17,1964-10-24,1965-11-10,1,"The map says Rhodesia (Br.), a name in use from October 1964.",Rhodesia is still marked British. It became independent on 11 November 1965.,SOUTH AFRICA / BECHUANALAND (BR.) / RHODESIA (BR.),25.903,-27.83,1634,sub-saharan africa
H0558,H,3,1949-05-25,1949-01-05,1950-10-01,1,There is no Jammu and Kashmir. It disappeared on 5 January 1949.,Tibet still holds this area. It passed to China on 2 October 1950.,INDIA / PAKISTAN / TIBET,75.47,27.916,967,south asia
H0559,H,3,1946-05-30,1945-05-08,1947-02-09,2,There is no Germany. It disappeared on 8 May 1945.,The border between Hungary and Czechoslovakia has not moved yet. It moved on 10 February 1947.,POLAND / CZECHOSLOVAKIA / HUNGARY,19.835,49.81,405,west-central europe
H0560,H,3,1963-02-09,1954-05-01,1970-10-08,16,"South Vietnam holds this area, which passed to it from Annam (Fr.) on 1 May 1954.",The map still says Cambodia. The name changed to Khmer Republic on 9 October 1970.,CAMBODIA / SOUTH VIETNAM / LAOS,106.564,12.192,448,southeast asia
H0561,H,3,1971-04-30,1966-09-30,1979-05-31,13,"The map says Botswana, a name in use from 30 September 1966.",The map still says Rhodesia. The name changed to Zimbabwe Rhodesia on 1 June 1979.,RHODESIA / ZAMBIA / BOTSWANA,27.593,-18.172,662,sub-saharan africa
H0562,H,3,1948-06-10,1945-08-15,1948-09-08,3,"Korea (Soviet Zone) holds this area, which passed to it from Korea (Jap.) on 15 August 1945.",The map still says Korea (Soviet Zone). The name changed to North Korea on 9 September 1948.,U.S.S.R. / CHINA / KOREA (SOVIET ZONE),132.839,45.357,1123,east asia
H0563,H,3,1970-04-14,1966-07-01,1971-10-26,5,"The map says Congo (Kinshasa), a name in use from 1966.",The map still says Congo (Kinshasa). The name changed to Zaire on 27 October 1971.,CONGO (KINSHASA) / CONGO (BRAZZAVILLE) / GABON,15.77,-3.35,503,sub-saharan africa
H0564,H,3,1970-04-25,1968-10-12,1971-10-26,3,"The map says Equatorial Guinea, a name in use from 12 October 1968.",The map still says Congo (Brazzaville). The name changed to Congo on 27 October 1971.,GABON / CONGO (BRAZZAVILLE) / EQUATORIAL GUINEA,11.763,-1.176,577,sub-saharan africa
H0565,H,3,1952-02-25,1947-01-04,1956-03-05,9,Upper Volta (Fr.) is on the map. It appeared on 4 January 1947.,Gold Coast (Br.) has not yet taken in land it gained on 6 March 1956.,IVORY COAST (FR.) / GOLD COAST (BR.) / UPPER VOLTA (FR.),-3.051,6.826,739,sub-saharan africa
H0566,H,3,1957-04-16,1956-01-01,1962-07-04,6,"Tunisia is shown independent, which it became in 1956.",Algeria is still marked French. It became independent on 5 July 1962.,ALGERIA (FR.) / TUNISIA / ITALY,6.288,36.251,932,north africa
H0567,H,3,1961-05-26,1960-11-28,1962-07-04,2,"Mauritania is shown independent, which it became on 28 November 1960.",Algeria is still marked French. It became independent on 5 July 1962.,MAURITANIA / MALI / ALGERIA (FR.),-6.89,20.68,1060,north africa
H0568,H,3,1959-04-29,1958-10-10,1960-11-27,2,"Spanish Sahara holds this area, which passed to it from Spanish West Africa on 10 October 1958.",Mauritania is still marked French. It became independent on 28 November 1960.,MAURITANIA (FR.) / SPANISH SAHARA / ALGERIA (FR.),-9.969,24.265,648,north africa
H0569,H,3,1971-10-05,1970-10-09,1975-04-16,5,"The map says Khmer Republic, a name in use from 9 October 1970.",The map still says Khmer Republic. The name changed to Cambodia on 17 April 1975.,THAILAND / LAOS / KHMER REPUBLIC,102.713,15.937,547,southeast asia
H0570,H,3,1958-03-18,1953-08-01,1964-01-21,11,Rhodesia and Nyasaland (Br.) is on the map. It appeared on 1 August 1953.,There is no Northern Rhodesia (Br.) yet. It appeared on 22 January 1964.,BECHUANALAND (BR.) / RHODESIA AND NYASALAND (BR.) / SOUTH WEST AFRICA (S. AFR.),25.508,-20.447,579,sub-saharan africa
H0571,H,3,1961-12-12,1960-09-22,1962-07-04,2,"The map says Mali, a name in use from 22 September 1960.",Algeria is still marked French. It became independent on 5 July 1962.,ALGERIA (FR.) / MALI / NIGER,4.275,22.898,932,north africa
H0572,H,3,1948-09-05,1941-05-19,1952-09-14,11,"Eritrea is shown independent, which it became on 19 May 1941.",Eritrea is still on the map. It disappeared on 15 September 1952.,ERITREA / ETHIOPIA / SAUDI ARABIA,40.137,15.723,513,middle east
H0573,H,3,1958-04-10,1953-08-01,1958-10-13,5,Rhodesia and Nyasaland (Br.) is on the map. It appeared on 1 August 1953.,The map still says Madagascar (Fr.). The name changed to Malagasy Republic (Fr.) on 14 October 1958.,MOZAMBIQUE (PORT.) / TANGANYIKA (BR.) / MADAGASCAR (FR.),39.378,-15.057,1557,sub-saharan africa
H0574,H,3,1964-10-13,1964-04-26,1964-10-28,0,"The map says Tanganyika and Zanzibar, a name in use from 26 April 1964.",The map still says Tanganyika and Zanzibar. The name changed to Tanzania on 29 October 1964.,TANGANYIKA AND ZANZIBAR / BURUNDI / RWANDA,31.37,-4.341,436,sub-saharan africa
H0575,H,3,1947-08-20,1946-01-01,1948-05-13,2,"Syria is shown independent, which it became in 1946.",There is no West Bank yet. It appeared on 14 May 1948.,EGYPT / SAUDI ARABIA / SYRIA,31.094,29.113,1337,middle east
H0576,H,3,1966-02-28,1961-05-31,1966-09-29,5,"The map says South Africa, a name in use from 31 May 1961.",The map still says Bechuanaland (Br.). The name changed to Botswana on 30 September 1966.,SOUTH AFRICA / BECHUANALAND (BR.) / BASUTOLAND (BR.),23.953,-26.1,1009,sub-saharan africa
H0577,H,3,1954-05-18,1952-09-15,1960-06-30,8,There is no Eritrea. It disappeared on 15 September 1952.,British Somaliland still holds this area. It passed to Somalia on 1 July 1960.,ETHIOPIA / BRITISH SOMALILAND / FRENCH SOMALILAND,42.444,9.837,588,sub-saharan africa
H0578,H,3,1958-05-14,1956-03-02,1960-11-27,4,"Morocco is shown independent, which it became on 2 March 1956.",Mauritania is still marked French. It became independent on 28 November 1960.,ALGERIA (FR.) / MOROCCO / MAURITANIA (FR.),-5.591,28.217,548,north africa
H0579,H,3,1960-01-19,1958-12-01,1960-08-10,2,"The map says Central African Republic (Fr.), a name in use from 1 December 1958.",Chad is still marked French. It became independent on 11 August 1960.,SUDAN / CENTRAL AFRICAN REPUBLIC (FR.) / CHAD (FR.),25.609,10.818,1056,sub-saharan africa
H0580,H,3,1961-11-29,1960-11-28,1962-07-04,2,"Mauritania is shown independent, which it became on 28 November 1960.",Algeria is still marked French. It became independent on 5 July 1962.,ALGERIA (FR.) / MOROCCO / MAURITANIA,-4.959,28.025,592,north africa
H0581,H,3,1948-01-28,1947-08-15,1949-01-04,2,There is no India (Br.). It disappeared on 15 August 1947.,Jammu and Kashmir still holds this area. It passed to India on 5 January 1949.,CHINA / TIBET / JAMMU AND KASHMIR,80.942,36.654,654,south asia
H0582,H,3,1961-06-23,1961-05-31,1966-09-29,5,"The map says South Africa, a name in use from 31 May 1961.",The map still says Bechuanaland (Br.). The name changed to Botswana on 30 September 1966.,SOUTH AFRICA / BECHUANALAND (BR.) / SWAZILAND (BR.),28.934,-25.994,602,sub-saharan africa
H0583,H,3,1965-06-28,1964-10-29,1966-06-30,2,"The map says Tanzania, a name in use from 29 October 1964.",The map still says Congo (Léopoldville). The name changed to Congo (Kinshasa) in 1966.,CONGO (LÉOPOLDVILLE) / TANZANIA / ZAMBIA,30.27,-8.253,738,sub-saharan africa
H0584,H,3,1968-03-19,1966-07-01,1971-10-26,5,"The map says Congo (Kinshasa), a name in use from 1966.",The map still says Congo (Kinshasa). The name changed to Zaire on 27 October 1971.,CONGO (KINSHASA) / ZAMBIA / TANZANIA,27.62,-7.756,618,sub-saharan africa
H0585,H,3,1970-09-19,1950-10-02,1971-12-15,21,"China holds this area, which passed to it from Tibet on 2 October 1950.",There is no Bangladesh yet. It appeared on 16 December 1971.,INDIA / NEPAL / CHINA,81.27,21.612,1698,south asia
H0586,H,3,1953-09-23,1952-09-15,1962-04-03,10,"Ethiopia holds this area, which passed to it from Eritrea on 15 September 1952.",There is no Federation of South Arabia (Br.) yet. It appeared on 4 April 1962.,SAUDI ARABIA / YEMEN / ETHIOPIA,41.951,20.721,1132,middle east
H0587,H,3,1946-05-23,1932-09-05,1947-01-03,15,There is no Upper Volta (Fr.). It disappeared on 5 September 1932.,There is no Upper Volta (Fr.) yet. It appeared on 4 January 1947.,FRENCH SUDAN / NIGER (FR.) / ALGERIA (FR.),0.266,17.965,864,north africa
H0588,H,3,1963-06-05,1962-10-09,1963-12-11,1,"Uganda is shown independent, which it became on 9 October 1962.",Kenya is still marked British. It became independent on 12 December 1963.,TANGANYIKA / KENYA (BR.) / UGANDA,33.757,-2.464,715,sub-saharan africa
H0589,H,3,1965-02-04,1960-08-13,1966-06-30,6,"Central African Republic is shown independent, which it became on 13 August 1960.",The map still says Congo (Léopoldville). The name changed to Congo (Kinshasa) in 1966.,CENTRAL AFRICAN REPUBLIC / CHAD / CONGO (LÉOPOLDVILLE),20.039,6.717,565,sub-saharan africa
H0590,H,3,1946-01-26,1938-11-02,1947-02-09,9,There is no Czechoslovakia. It disappeared on 2 November 1938.,There is no Czechoslovakia yet. It appeared on 10 February 1947.,YUGOSLAVIA / HUNGARY / AUSTRIA,17.63,45.705,453,west-central europe
H0591,H,3,1967-01-09,1963-12-12,1993-05-23,30,"Kenya is shown independent, which it became on 12 December 1963.",There is no Eritrea yet. It appeared on 24 May 1993.,ETHIOPIA / SOMALIA / KENYA,41.823,7.437,1102,sub-saharan africa
H0592,H,3,1946-09-27,1943-05-13,1948-05-13,5,"Libya is shown independent, which it became on 13 May 1943.",There is no West Bank yet. It appeared on 14 May 1948.,EGYPT / LIBYA / SAUDI ARABIA,29.651,28.883,1362,middle east
H0593,H,3,1961-11-27,1960-08-17,1968-10-11,8,"Gabon is shown independent, which it became on 17 August 1960.",The map still says Spanish Guinea. The name changed to Equatorial Guinea on 12 October 1968.,GABON / CAMEROON / SPANISH GUINEA,11.513,0.361,553,sub-saharan africa
H0594,H,3,1963-09-03,1961-10-01,1975-11-29,14,There is no British Cameroons. It disappeared on 1 October 1961.,The map still says Dahomey. The name changed to Benin on 30 November 1975.,NIGERIA / DAHOMEY / CAMEROON,5.891,6.723,1035,sub-saharan africa
H0595,H,3,1946-11-08,1932-09-05,1947-01-03,15,There is no Upper Volta (Fr.). It disappeared on 5 September 1932.,There is no Upper Volta (Fr.) yet. It appeared on 4 January 1947.,IVORY COAST (FR.) / FRENCH SUDAN / FRENCH GUINEA,-6.233,9.41,478,sub-saharan africa
H0596,H,3,1960-03-16,1958-10-02,1961-04-26,3,"The map says Guinea, a name in use from 2 October 1958.",Sierra Leone is still marked British. It became independent on 27 April 1961.,GUINEA / SIERRA LEONE (BR.) / LIBERIA,-11.421,9.901,465,sub-saharan africa
H0597,H,3,1962-01-22,1958-04-10,1962-07-04,4,There is no Tarfaya (Sp.). It disappeared on 10 April 1958.,Algeria is still marked French. It became independent on 5 July 1962.,ALGERIA (FR.) / MOROCCO / SPAIN,-4.979,32.435,1040,north africa
H0598,H,3,1972-05-14,1967-11-30,1990-05-21,23,"South Yemen holds this area, which passed to it from Federation of South Arabia (Br.) on 30 November 1967.",South Yemen is still on the map. It disappeared on 22 May 1990.,SOUTH YEMEN / SAUDI ARABIA / SOMALIA,49.267,14.534,672,middle east
H0599,H,3,1947-09-13,1947-08-15,1950-10-01,3,There is no India (Br.). It disappeared on 15 August 1947.,Tibet is still on the map. It disappeared on 2 October 1950.,CHINA / TIBET / U.S.S.R.,83.083,38.761,906,central asia
H0600,H,3,1946-09-14,1945-05-08,1949-09-20,4,Germany (Soviet Zone) is on the map. It appeared on 8 May 1945.,The map still says Germany (Allied Zones). The name changed to West Germany on 21 September 1949.,GERMANY (ALLIED ZONES) / GERMANY (SOVIET ZONE) / CZECHOSLOVAKIA,11.058,51.7,497,west-central europe
H0601,H,3,1947-09-28,1947-01-04,1957-03-05,10,Upper Volta (Fr.) is on the map. It appeared on 4 January 1947.,The map still says Gold Coast (Br.). The name changed to Ghana on 6 March 1957.,UPPER VOLTA (FR.) / GOLD COAST (BR.) / FRENCH SUDAN,-2.612,12.191,421,sub-saharan africa
H0602,H,3,1956-05-26,1956-04-07,1960-09-21,4,There is no Spanish Morocco. It disappeared on 7 April 1956.,The map still says French Sudan. The name changed to Mali on 22 September 1960.,ALGERIA (FR.) / MOROCCO / FRENCH SUDAN,1.22,28.7,1422,north africa
H0603,H,3,1964-01-05,1961-10-01,1975-11-29,14,There is no British Cameroons. It disappeared on 1 October 1961.,The map still says Dahomey. The name changed to Benin on 30 November 1975.,NIGERIA / DAHOMEY / TOGO,5.267,6.341,1007,sub-saharan africa
H0604,H,3,1955-12-10,1953-08-01,1964-01-21,11,Rhodesia and Nyasaland (Br.) is on the map. It appeared on 1 August 1953.,There is no Southern Rhodesia (Br.) yet. It appeared on 22 January 1964.,RHODESIA AND NYASALAND (BR.) / SOUTH WEST AFRICA (S. AFR.) / ANGOLA (PORT.),25.872,-15.241,591,sub-saharan africa
H0605,H,3,1966-03-16,1964-10-29,1975-06-24,11,"The map says Tanzania, a name in use from 29 October 1964.",Mozambique is still marked Portuguese. It became independent on 25 June 1975.,TANZANIA / KENYA / MOZAMBIQUE (PORT.),39.998,-6.936,1237,sub-saharan africa
H0606,H,3,1960-08-16,1960-06-20,1960-09-21,0,"French Sudan has already given up land, on 20 June 1960.",The map still says French Sudan. The name changed to Mali on 22 September 1960.,MAURITANIA (FR.) / FRENCH SUDAN / ALGERIA (FR.),-7.133,19.465,1158,north africa
H0607,H,3,1946-06-10,1932-09-05,1947-01-03,15,There is no Upper Volta (Fr.). It disappeared on 5 September 1932.,There is no Upper Volta (Fr.) yet. It appeared on 4 January 1947.,NIGERIA (BR.) / DAHOMEY (FR.) / NIGER (FR.),5.915,7.875,1026,sub-saharan africa
H0608,H,3,1948-02-26,1947-08-15,1950-10-01,3,"India is shown independent, which it became on 15 August 1947.",Tibet still holds this area. It passed to China on 2 October 1950.,TIBET / BHUTAN / INDIA,90.635,29.804,522,south asia
H0609,H,3,1969-01-17,1967-11-30,1970-08-08,3,"South Yemen holds this area, which passed to it from Federation of South Arabia (Br.) on 30 November 1967.",The map still says Muscat and Oman. The name changed to Oman on 9 August 1970.,SAUDI ARABIA / SOUTH YEMEN / MUSCAT AND OMAN,50.82,20.802,482,middle east
H0610,H,3,1959-04-12,1958-12-01,1960-06-29,2,"The map says Central African Republic (Fr.), a name in use from 1 December 1958.",The map still says Belgian Congo. The name changed to Congo (Léopoldville) on 30 June 1960.,BELGIAN CONGO / CENTRAL AFRICAN REPUBLIC (FR.) / SUDAN,22.946,0.923,1270,sub-saharan africa
H0611,H,3,1959-10-28,1953-08-01,1964-01-21,11,Rhodesia and Nyasaland (Br.) is on the map. It appeared on 1 August 1953.,There is no Southern Rhodesia (Br.) yet. It appeared on 22 January 1964.,BECHUANALAND (BR.) / RHODESIA AND NYASALAND (BR.) / ANGOLA (PORT.),24.668,-19.293,799,sub-saharan africa
H0612,H,3,1966-09-28,1966-07-01,1971-10-26,5,"The map says Congo (Kinshasa), a name in use from 1966.",The map still says Congo (Brazzaville). The name changed to Congo on 27 October 1971.,CONGO (BRAZZAVILLE) / CONGO (KINSHASA) / CAMEROON,17.449,0.548,597,sub-saharan africa
H0613,H,3,1946-09-12,1945-08-17,1949-06-30,4,"The map says Indonesia, a name in use from 17 August 1945.",There is no Papua New Guinea (Austr.) yet. It appeared on 1 July 1949.,INDONESIA / PAPUA (AUSTR.) / NEW GUINEA (AUSTR.),139.819,-4.171,944,oceania
H0614,H,3,1964-02-14,1964-01-22,1964-10-23,0,Nyasaland (Br.) is on the map. It appeared on 22 January 1964.,The map still says Southern Rhodesia (Br.). The name changed to Rhodesia (Br.) in October 1964.,MOZAMBIQUE (PORT.) / SOUTHERN RHODESIA (BR.) / SOUTH AFRICA,35.363,-21.541,1334,sub-saharan africa
H0615,H,3,1969-10-20,1966-07-01,1971-10-26,5,"The map says Congo (Kinshasa), a name in use from 1966.",The map still says Congo (Kinshasa). The name changed to Zaire on 27 October 1971.,TANZANIA / CONGO (KINSHASA) / BURUNDI,30.043,-5.502,512,sub-saharan africa
H0616,H,3,1947-08-15,1943-05-13,1948-05-13,5,"Libya is shown independent, which it became on 13 May 1943.",There is no West Bank yet. It appeared on 14 May 1948.,EGYPT / LIBYA / ANGLO-EGYPTIAN SUDAN,29.743,27.054,1145,middle east
H0617,H,3,1974-09-28,1971-10-27,1975-11-10,4,"The map says Zaire, a name in use from 27 October 1971.",Angola is still marked Portuguese. It became independent on 11 November 1975.,ANGOLA (PORT.) / SOUTH WEST AFRICA (S. AFR.) / ZAIRE,14.048,-14.006,1348,sub-saharan africa
H0618,H,3,1954-03-27,1948-05-14,1955-12-31,7,West Bank is on the map. It appeared on 14 May 1948.,The map still says Anglo-Egyptian Sudan. The name changed to Sudan in 1956.,EGYPT / LIBYA / ANGLO-EGYPTIAN SUDAN,29.264,26.278,1293,middle east
H0619,H,3,1946-03-02,1945-09-08,1948-01-03,3,"The map says Siam, a name in use from September 1945.",Burma is still marked British. It became independent on 4 January 1948.,SIAM / CAMBODIA (FR.) / BURMA (BR.),100.893,12.48,734,southeast asia
H0620,H,3,1961-05-13,1960-07-01,1961-12-08,1,"Somalia holds this area, which passed to it from Italian Somaliland on 1 July 1960.",Tanganyika is still marked British. It became independent on 9 December 1961.,KENYA (BR.) / TANGANYIKA (BR.) / SOMALIA,39.991,-2.656,1057,sub-saharan africa
H0621,H,3,1964-05-21,1964-01-22,1964-10-23,0,"Northern Rhodesia (Br.) holds this area, which passed to it from Rhodesia and Nyasaland (Br.) on 22 January 1964.",The map still says Northern Rhodesia (Br.). The name changed to Zambia in October 1964.,CONGO (LÉOPOLDVILLE) / ANGOLA (PORT.) / NORTHERN RHODESIA (BR.),21.524,-7.474,1197,sub-saharan africa
H0622,H,3,1960-09-30,1960-08-03,1960-09-30,0,"Niger is shown independent, which it became on 3 August 1960.",Nigeria is still marked British. It became independent on 1 October 1960.,NIGER / NIGERIA (BR.) / ALGERIA (FR.),9.429,15.508,955,north africa
H0623,H,3,1963-11-27,1962-07-01,1966-06-30,4,Rwanda is on the map. It appeared on 1 July 1962.,The map still says Congo (Léopoldville). The name changed to Congo (Kinshasa) in 1966.,CONGO (LÉOPOLDVILLE) / ANGOLA (PORT.) / RWANDA,24.339,-4.154,1522,sub-saharan africa
H0624,H,3,1962-03-03,1961-12-09,1964-01-21,3,"Tanganyika is shown independent, which it became on 9 December 1961.",There is no Northern Rhodesia (Br.) yet. It appeared on 22 January 1964.,MOZAMBIQUE (PORT.) / TANGANYIKA / MALAGASY REPUBLIC,39.535,-12.28,1524,sub-saharan africa
H0625,H,3,1951-01-15,1950-10-02,1954-04-30,4,There is no Tibet. It disappeared on 2 October 1950.,Annam (Fr.) still holds this area. It passed to North Vietnam on 1 May 1954.,CHINA / BURMA / ANNAM (FR.),102.174,26.561,807,southeast asia
H0626,H,3,1951-04-09,1944-07-05,1956-03-01,12,There is no French Sudan. It disappeared on 5 July 1944.,Morocco is still marked French. It became independent on 2 March 1956.,ALGERIA (FR.) / MOROCCO (FR.) / MAURITANIA (FR.),-3.636,28.954,727,north africa
H0627,H,3,1951-12-06,1949-05-11,1953-11-08,4,"The map says Thailand, a name in use from 11 May 1949.",Cambodia is still marked French. It became independent on 9 November 1953.,THAILAND / CAMBODIA (FR.) / LAOS (FR.),102.778,14.17,728,southeast asia
H0628,H,3,1965-06-04,1962-04-04,1967-11-29,5,Federation of South Arabia (Br.) is on the map. It appeared on 4 April 1962.,Federation of South Arabia (Br.) still holds this area. It passed to South Yemen on 30 November 1967.,SOMALIA / ETHIOPIA / FEDERATION OF SOUTH ARABIA (BR.),47.663,10.64,687,sub-saharan africa
H0629,H,3,1962-01-28,1960-08-03,1962-07-04,2,"Niger is shown independent, which it became on 3 August 1960.",Algeria is still marked French. It became independent on 5 July 1962.,ALGERIA (FR.) / NIGER / LIBYA,7.3,24.566,972,north africa
H0630,H,3,1954-03-04,1953-11-09,1954-04-30,1,"Cambodia is shown independent, which it became on 9 November 1953.",Annam (Fr.) still holds this area. It passed to South Vietnam on 1 May 1954.,CAMBODIA / ANNAM (FR.) / THAILAND,103.844,11.48,498,southeast asia
H0631,H,3,1958-06-25,1958-04-10,1958-10-09,0,There is no Tarfaya (Sp.). It disappeared on 10 April 1958.,Spanish West Africa still holds this area. It passed to Spanish Sahara on 10 October 1958.,SPANISH WEST AFRICA / MOROCCO / MAURITANIA (FR.),-10.915,27.271,512,north africa
H0632,H,3,1946-05-20,1932-09-05,1947-01-03,15,There is no Upper Volta (Fr.). It disappeared on 5 September 1932.,There is no Upper Volta (Fr.) yet. It appeared on 4 January 1947.,FRENCH SUDAN / IVORY COAST (FR.) / NIGER (FR.),-1.684,13.475,430,sub-saharan africa
H0633,H,3,1963-12-31,1963-12-12,1964-01-21,1,"Kenya is shown independent, which it became on 12 December 1963.",There is no Northern Rhodesia (Br.) yet. It appeared on 22 January 1964.,TANGANYIKA / KENYA / MOZAMBIQUE (PORT.),37.339,-7.299,861,sub-saharan africa
H0634,H,3,1947-10-16,1947-08-15,1948-01-03,1,"India is shown independent, which it became on 15 August 1947.",Burma is still marked British. It became independent on 4 January 1948.,INDIA / TIBET / BURMA (BR.),94.331,27.697,498,south asia
H0635,H,3,1960-09-07,1960-08-05,1960-09-21,0,"Upper Volta is shown independent, which it became on 5 August 1960.",The map still says French Sudan. The name changed to Mali on 22 September 1960.,FRENCH SUDAN / UPPER VOLTA / MAURITANIA (FR.),-3.597,14.37,685,sub-saharan africa
H0636,H,3,1965-12-26,1962-10-09,1966-06-30,4,"Uganda is shown independent, which it became on 9 October 1962.",The map still says Congo (Léopoldville). The name changed to Congo (Kinshasa) in 1966.,CONGO (LÉOPOLDVILLE) / SUDAN / UGANDA,28.142,2.044,678,sub-saharan africa
H0637,H,3,1950-06-19,1937-04-01,1962-04-03,25,East Aden Protectorate (Br.) is on the map. It appeared on 1 April 1937.,East Aden Protectorate (Br.) still holds this area. It passed to Federation of South Arabia (Br.) on 4 April 1962.,SAUDI ARABIA / EAST ADEN PROTECTORATE (BR.) / IRAN,47.216,23.389,1216,middle east
H0638,H,3,1948-02-21,1945-08-15,1949-12-07,4,Korea (U.S. Zone) is on the map. It appeared on 15 August 1945.,There is no Taiwan yet. It appeared on 8 December 1949.,CHINA / MONGOLIA / U.S.S.R.,119.965,32.533,2551,east asia
H0639,H,3,1958-03-06,1953-08-01,1961-12-08,8,Rhodesia and Nyasaland (Br.) is on the map. It appeared on 1 August 1953.,Tanganyika is still marked British. It became independent on 9 December 1961.,TANGANYIKA (BR.) / MOZAMBIQUE (PORT.) / KENYA (BR.),38.748,-10.624,1527,sub-saharan africa
H0640,H,3,1957-06-21,1952-09-15,1960-06-30,8,There is no Eritrea. It disappeared on 15 September 1952.,British Somaliland still holds this area. It passed to Somalia on 1 July 1960.,ETHIOPIA / YEMEN / BRITISH SOMALILAND,41.01,12.024,894,middle east
H0641,H,3,1958-05-31,1956-01-01,1962-07-04,6,"Tunisia is shown independent, which it became in 1956.",Algeria is still marked French. It became independent on 5 July 1962.,ALGERIA (FR.) / TUNISIA / SPAIN,4.027,34.421,914,north africa
H0642,H,3,1964-03-29,1964-01-22,1964-07-05,0,Nyasaland (Br.) is on the map. It appeared on 22 January 1964.,The map still says Nyasaland (Br.). The name changed to Malawi on 6 July 1964.,MOZAMBIQUE (PORT.) / SOUTHERN RHODESIA (BR.) / NYASALAND (BR.),34.264,-18.52,709,sub-saharan africa
H0643,H,3,1964-09-18,1964-01-22,1964-10-23,0,Northern Rhodesia (Br.) is on the map. It appeared on 22 January 1964.,The map still says Southern Rhodesia (Br.). The name changed to Rhodesia (Br.) in October 1964.,SOUTHERN RHODESIA (BR.) / NORTHERN RHODESIA (BR.) / MOZAMBIQUE (PORT.),29.273,-16.573,639,sub-saharan africa
H0644,H,3,1972-06-26,1967-11-30,1990-05-21,23,"South Yemen holds this area, which passed to it from Federation of South Arabia (Br.) on 30 November 1967.",South Yemen still holds this area. It passed to Yemen on 22 May 1990.,SAUDI ARABIA / SOUTH YEMEN / IRAQ,44.751,23.617,1262,middle east
H0645,H,3,1946-12-24,1932-09-23,1948-05-13,16,Saudi Arabia is on the map. It appeared on 23 September 1932.,There is no West Bank yet. It appeared on 14 May 1948.,EGYPT / SAUDI ARABIA / CYPRUS (BR.),31.973,31.325,808,middle east
H0646,H,3,1972-04-30,1970-10-09,1975-04-16,5,"The map says Khmer Republic, a name in use from 9 October 1970.",The map still says Khmer Republic. The name changed to Cambodia on 17 April 1975.,THAILAND / BURMA / KHMER REPUBLIC,100.049,13.466,870,southeast asia
H0647,H,3,1957-07-04,1957-03-06,1960-08-04,3,"The map says Ghana, a name in use from 6 March 1957.",Upper Volta is still marked French. It became independent on 5 August 1960.,GHANA / IVORY COAST (FR.) / UPPER VOLTA (FR.),-2.024,8.529,500,sub-saharan africa
H0648,H,4,2011-12-25,2011-07-09,present,15,South Sudan is on the map. It appeared on 9 July 2011.,still standing today,SUDAN / ETHIOPIA / SOUTH SUDAN,30.729,16.147,1241,middle east
H0649,H,4,1986-10-04,1975-11-11,1997-05-16,22,"Angola is shown independent, which it became on 11 November 1975.",The map still says Zaire. The name changed to Dem. Rep. of the Congo on 17 May 1997.,ZAIRE / ANGOLA / ZAMBIA,23.455,-6.556,1295,sub-saharan africa
H0650,H,4,1978-01-24,1975-11-14,1979-08-04,4,There is no Spanish Sahara. It disappeared on 14 November 1975.,The border between Mauritania and Morocco has not moved yet. It moved on 5 August 1979.,MAURITANIA / MOROCCO / ALGERIA,-11.954,22.84,1072,north africa
H0651,H,4,2020-03-02,2000-06-12,present,26,"The border between Saudi Arabia and Yemen is already in its new place, set on 12 June 2000.",still standing today,SAUDI ARABIA / YEMEN / ERITREA,43.625,17.192,709,middle east
H0652,H,4,2012-01-11,1991-12-26,2014-03-17,23,Ukraine is on the map. It appeared on 26 December 1991.,The border between Ukraine and Russia has not moved yet. It moved on 18 March 2014.,UKRAINE / RUSSIA / GEORGIA,36.895,46.511,821,eastern europe
H0653,H,4,2008-02-29,1997-05-17,present,29,"The map says Dem. Rep. of the Congo, a name in use from 17 May 1997.",still standing today,CENTRAL AFRICAN REPUBLIC / DEM. REP. OF THE CONGO / CONGO,18.526,4.586,540,sub-saharan africa
H0654,H,4,2007-01-11,1997-05-17,present,29,"The map says Dem. Rep. of the Congo, a name in use from 17 May 1997.",still standing today,DEM. REP. OF THE CONGO / ANGOLA / CONGO,20.001,-5.315,1071,sub-saharan africa
H0655,H,4,2000-04-02,1993-05-24,2011-07-08,18,Eritrea is on the map. It appeared on 24 May 1993.,There is no South Sudan yet. It appeared on 9 July 2011.,SUDAN / ETHIOPIA / ERITREA,34.877,15.166,979,middle east
H0656,H,4,1991-10-29,1991-08-25,1991-11-30,0,Moldova is on the map. It appeared on 25 August 1991.,U.S.S.R. is still on the map. It disappeared on 1 December 1991.,ROMANIA / U.S.S.R. / MOLDOVA,25.279,46.554,460,balkans
H0657,H,4,2020-11-20,2011-07-09,present,15,"South Sudan holds this area, which passed to it from Sudan on 9 July 2011.",still standing today,KENYA / ETHIOPIA / SOUTH SUDAN,37.53,4.156,717,sub-saharan africa
H0658,H,4,1994-04-25,1991-12-26,2014-03-17,23,Ukraine is on the map. It appeared on 26 December 1991.,There is no Russia yet. It appeared on 18 March 2014.,UKRAINE / ROMANIA / MOLDOVA,30.087,46.488,466,eastern europe
H0659,H,4,1991-10-12,1991-09-06,1991-11-30,0,Georgia is on the map. It appeared on 6 September 1991.,U.S.S.R. still holds land it gave up on 1 December 1991.,U.S.S.R. / TURKEY / GEORGIA,38.811,45.081,1124,eastern europe
H0660,H,4,1997-07-14,1993-01-01,2016-06-30,23,"Czech Republic holds this area, which passed to it from Czechoslovakia in 1993.",The map still says Czech Republic. The name changed to Czechia on 1 July 2016.,GERMANY / POLAND / CZECH REPUBLIC,13.278,52.46,628,west-central europe
H0661,H,4,2025-06-18,2011-07-09,present,15,"South Sudan holds this area, which passed to it from Sudan on 9 July 2011.",still standing today,DEM. REP. OF THE CONGO / CENTRAL AFRICAN REPUBLIC / SOUTH SUDAN,22.716,3.615,935,sub-saharan africa
H0662,H,4,2020-05-08,2000-06-12,present,26,"The border between Saudi Arabia and Yemen is already in its new place, set on 12 June 2000.",still standing today,YEMEN / SOMALIA / SAUDI ARABIA,49.111,14.445,717,middle east
H0663,H,4,1994-07-13,1990-05-22,2000-06-11,10,There is no South Yemen. It disappeared on 22 May 1990.,The border between Saudi Arabia and Yemen has not moved yet. It moved on 12 June 2000.,YEMEN / SAUDI ARABIA / SOMALIA,48.215,14.741,911,middle east
H0664,H,4,1982-11-04,1975-11-11,1990-03-20,15,"Angola is shown independent, which it became on 11 November 1975.",The map still says South West Africa (S. Afr.). The name changed to Namibia on 21 March 1990.,ANGOLA / ZAIRE / SOUTH WEST AFRICA (S. AFR.),15.812,-11.694,1348,sub-saharan africa
H0665,H,4,1980-12-17,1963-12-12,1993-05-23,30,"Kenya is shown independent, which it became on 12 December 1963.",There is no Eritrea yet. It appeared on 24 May 1993.,ETHIOPIA / SUDAN / KENYA,37.134,9.387,1092,sub-saharan africa
H0666,H,4,1985-03-21,1975-11-11,1990-03-20,15,"Angola is shown independent, which it became on 11 November 1975.",The map still says South West Africa (S. Afr.). The name changed to Namibia on 21 March 1990.,SOUTH WEST AFRICA (S. AFR.) / BOTSWANA / ANGOLA,20.226,-20.925,695,sub-saharan africa
H0667,H,4,2022-07-28,2022-06-01,present,4,"The map says Türkiye, a name in use from 1 June 2022.",still standing today,TÜRKIYE / BULGARIA / GREECE,26.885,40.698,566,balkans
H0668,H,4,2015-05-13,2000-06-12,present,26,"The border between Saudi Arabia and Yemen is already in its new place, set on 12 June 2000.",still standing today,SAUDI ARABIA / YEMEN / ETHIOPIA,46.124,20.118,1442,middle east
H0669,H,4,2002-01-14,1997-05-17,2011-07-08,14,"The map says Dem. Rep. of the Congo, a name in use from 17 May 1997.",There is no South Sudan yet. It appeared on 9 July 2011.,CENTRAL AFRICAN REPUBLIC / SUDAN / DEM. REP. OF THE CONGO,24.163,7.231,596,sub-saharan africa
H0670,H,4,2003-03-15,1997-05-17,present,29,"The map says Dem. Rep. of the Congo, a name in use from 17 May 1997.",still standing today,DEM. REP. OF THE CONGO / ANGOLA / ZAMBIA,22.787,-10.314,1055,sub-saharan africa
H0671,H,4,1991-12-26,1971-10-27,1997-05-16,26,"The map says Zaire, a name in use from 27 October 1971.",The map still says Zaire. The name changed to Dem. Rep. of the Congo on 17 May 1997.,ZAIRE / RWANDA / UGANDA,27.444,0.472,657,sub-saharan africa
H0672,H,4,2005-12-03,1991-12-26,2014-03-17,23,Kazakhstan is on the map. It appeared on 26 December 1991.,The border between Ukraine and Russia has not moved yet. It moved on 18 March 2014.,RUSSIA / UKRAINE / KAZAKHSTAN,41.478,50.065,1458,eastern europe
H0673,H,4,1992-07-16,1971-10-27,1997-05-16,26,"The map says Zaire, a name in use from 27 October 1971.",The map still says Zaire. The name changed to Dem. Rep. of the Congo on 17 May 1997.,SUDAN / ETHIOPIA / ZAIRE,30.98,10.358,1161,sub-saharan africa
H0674,H,4,2026-05-19,2011-07-09,present,15,"South Sudan holds this area, which passed to it from Sudan on 9 July 2011.",still standing today,SOUTH SUDAN / DEM. REP. OF THE CONGO / UGANDA,29.195,4.12,808,sub-saharan africa
H0675,H,4,1994-06-16,1990-05-22,2000-06-11,10,"Yemen holds this area, which passed to it from South Yemen on 22 May 1990.",The border between Saudi Arabia and Yemen has not moved yet. It moved on 12 June 2000.,YEMEN / OMAN / SAUDI ARABIA,50.803,15.749,678,middle east
H0676,H,4,2008-10-26,1991-12-26,2014-03-17,23,Ukraine is on the map. It appeared on 26 December 1991.,The border between Russia and Russia has not moved yet. It moved on 18 March 2014.,TURKEY / UKRAINE / RUSSIA,33.359,41.986,762,middle east
H0677,H,4,2009-10-02,2000-06-12,present,26,"The border between Saudi Arabia and Yemen is already in its new place, set on 12 June 2000.",still standing today,SAUDI ARABIA / OMAN / YEMEN,52.226,20.107,497,middle east
H0678,H,4,2013-02-15,2000-06-12,present,26,"The border between Saudi Arabia and Yemen is already in its new place, set on 12 June 2000.",still standing today,SAUDI ARABIA / YEMEN / IRAN,46.227,23.618,1161,middle east
H0679,H,4,2021-11-11,2008-02-17,present,18,"Serbia has already given up land, on 17 February 2008.",still standing today,ROMANIA / BULGARIA / SERBIA,24.405,44.65,507,balkans
H0680,H,4,2019-07-17,2016-07-01,present,10,"The map says Czechia, a name in use from 1 July 2016.",still standing today,GERMANY / CZECHIA / POLAND,11.371,51.867,499,west-central europe
H0681,H,4,1982-09-03,1975-11-11,1997-05-16,22,"Angola is shown independent, which it became on 11 November 1975.",The map still says Zaire. The name changed to Dem. Rep. of the Congo on 17 May 1997.,ZAIRE / ANGOLA / CONGO,19.65,-6.581,1127,sub-saharan africa
H0682,H,4,2003-02-24,1997-05-17,present,29,"The map says Dem. Rep. of the Congo, a name in use from 17 May 1997.",still standing today,ANGOLA / NAMIBIA / DEM. REP. OF THE CONGO,15.353,-12.502,1204,sub-saharan africa
H0683,H,4,2005-12-26,2003-02-04,2006-06-02,3,"The map says Serbia and Montenegro, a name in use from 4 February 2003.",Serbia and Montenegro is still on the map. It disappeared on 3 June 2006.,ROMANIA / SERBIA AND MONTENEGRO / BULGARIA,23.368,44.667,406,eastern europe
H0684,H,4,1994-09-28,1993-01-01,2016-06-30,23,Slovakia is on the map. It appeared in 1993.,The map still says Czech Republic. The name changed to Czechia on 1 July 2016.,POLAND / CZECH REPUBLIC / SLOVAKIA,17.965,51.672,496,west-central europe
H0685,H,4,1978-12-08,1976-01-05,1989-04-29,13,"The map says Kampuchea, a name in use from 5 January 1976.",The map still says Kampuchea. The name changed to Cambodia in 1989.,THAILAND / KAMPUCHEA / LAOS,102.629,15.147,767,southeast asia
H0686,H,4,2019-06-16,1997-05-17,present,29,"The map says Dem. Rep. of the Congo, a name in use from 17 May 1997.",still standing today,ZAMBIA / ZIMBABWE / DEM. REP. OF THE CONGO,28.747,-14.85,429,sub-saharan africa
H0687,H,4,2023-01-15,2022-06-01,present,4,"The map says Türkiye, a name in use from 1 June 2022.",still standing today,IRAN / IRAQ / TÜRKIYE,46.24,36.762,576,central asia
H0688,H,4,2008-02-17,1991-12-26,2014-03-17,23,Ukraine is on the map. It appeared on 26 December 1991.,The border between Ukraine and Russia has not moved yet. It moved on 18 March 2014.,UKRAINE / MOLDOVA / RUSSIA,32.649,47.645,633,eastern europe
H0689,H,4,1995-10-10,1971-10-27,1997-05-16,26,"The map says Zaire, a name in use from 27 October 1971.",The map still says Zaire. The name changed to Dem. Rep. of the Congo on 17 May 1997.,CENTRAL AFRICAN REPUBLIC / CHAD / ZAIRE,19.352,7.517,661,sub-saharan africa
H0690,H,4,2009-12-02,2006-06-06,present,20,Serbia is on the map. It appeared on 6 June 2006.,still standing today,ROMANIA / BULGARIA / SERBIA,24.775,44.377,463,balkans
H0691,H,4,1991-10-29,1991-09-19,1991-11-30,0,"The map says Belarus, a name in use from 19 September 1991.",U.S.S.R. still holds land it gave up on 1 December 1991.,U.S.S.R. / FINLAND / BELARUS,38.19,59.191,1428,eastern europe
H0692,H,4,1992-09-14,1971-10-27,1997-05-16,26,"The map says Congo, a name in use from 27 October 1971.",The map still says Zaire. The name changed to Dem. Rep. of the Congo on 17 May 1997.,CONGO / ZAIRE / GABON,14.671,-3.702,462,sub-saharan africa
H0693,H,4,1977-11-26,1975-06-25,1979-05-31,4,"Mozambique is shown independent, which it became on 25 June 1975.",The map still says Rhodesia. The name changed to Zimbabwe Rhodesia on 1 June 1979.,MOZAMBIQUE / RHODESIA / SOUTH AFRICA,33.107,-21.165,669,sub-saharan africa
H0694,H,4,1998-02-26,1997-05-17,present,29,"The map says Dem. Rep. of the Congo, a name in use from 17 May 1997.",still standing today,DEM. REP. OF THE CONGO / BURUNDI / RWANDA,25.711,-3.098,1096,sub-saharan africa
H0695,H,4,2021-09-09,2011-07-09,present,15,"South Sudan holds this area, which passed to it from Sudan on 9 July 2011.",still standing today,UGANDA / SOUTH SUDAN / KENYA,32.641,2.405,484,sub-saharan africa
H0696,H,4,2024-11-24,2022-06-01,present,4,"The map says Türkiye, a name in use from 1 June 2022.",still standing today,EGYPT / LIBYA / TÜRKIYE,26.816,29.939,1550,middle east
H0697,H,4,1980-07-31,1976-01-05,1989-04-29,13,"The map says Kampuchea, a name in use from 5 January 1976.",The map still says Kampuchea. The name changed to Cambodia in 1989.,KAMPUCHEA / VIETNAM / THAILAND,103.924,11.354,575,southeast asia
H0698,H,4,2016-07-31,1997-05-17,present,29,"The map says Dem. Rep. of the Congo, a name in use from 17 May 1997.",still standing today,CONGO / DEM. REP. OF THE CONGO / GABON,15.233,-1.529,659,sub-saharan africa
H0699,H,4,1976-07-07,1976-01-05,1989-04-29,13,"The map says Kampuchea, a name in use from 5 January 1976.",The map still says Kampuchea. The name changed to Cambodia in 1989.,VIETNAM / LAOS / KAMPUCHEA,108.234,15.036,609,southeast asia
H0700,H,4,2003-08-14,1993-01-01,2016-06-30,23,"Czech Republic holds this area, which passed to it from Czechoslovakia in 1993.",The map still says Czech Republic. The name changed to Czechia on 1 July 2016.,GERMANY / NETHERLANDS / CZECH REPUBLIC,9.808,52.574,612,west-central europe
H0701,H,4,2020-02-26,2019-02-12,present,7,"The map says North Macedonia, a name in use from 12 February 2019.",still standing today,GREECE / BULGARIA / NORTH MACEDONIA,23.457,40.226,403,balkans
H0702,H,4,2024-08-08,2018-04-19,present,8,"The map says Eswatini, a name in use from 19 April 2018.",still standing today,SOUTH AFRICA / MOZAMBIQUE / ESWATINI,30.381,-26.024,577,sub-saharan africa
H0703,H,4,2025-04-05,2018-04-19,present,8,"The map says Eswatini, a name in use from 19 April 2018.",still standing today,SOUTH AFRICA / LESOTHO / ESWATINI,30.441,-28.314,590,sub-saharan africa
H0704,H,4,2026-01-28,2011-07-09,present,15,South Sudan is on the map. It appeared on 9 July 2011.,still standing today,SUDAN / SOUTH SUDAN / CENTRAL AFRICAN REPUBLIC,25.187,9.584,484,sub-saharan africa
H0705,H,4,2015-09-25,1993-01-01,2016-06-30,23,"Czech Republic holds this area, which passed to it from Czechoslovakia in 1993.",The map still says Czech Republic. The name changed to Czechia on 1 July 2016.,POLAND / CZECH REPUBLIC / RUSSIA,19.637,52.041,503,west-central europe
H0706,H,4,2025-12-14,2022-06-01,present,4,"The map says Türkiye, a name in use from 1 June 2022.",still standing today,TÜRKIYE / BULGARIA / ROMANIA,28.556,42.555,474,balkans
H0707,H,4,1991-10-07,1991-09-19,1991-11-30,0,"The map says Belarus, a name in use from 19 September 1991.",The border between U.S.S.R. and U.S.S.R. has not moved yet. It moved on 1 December 1991.,U.S.S.R. / BELARUS / MOLDOVA,31.811,50.777,707,eastern europe
H0708,H,4,2023-11-09,2022-06-01,present,4,"The map says Türkiye, a name in use from 1 June 2022.",still standing today,SYRIA / TÜRKIYE / IRAQ,39.178,35.442,420,middle east
H0709,H,4,2002-06-21,1992-04-27,2006-06-05,14,Croatia is on the map. It appeared on 27 April 1992.,There is no Serbia yet. It appeared on 6 June 2006.,ITALY / BOSNIA AND HERZEGOVINA / CROATIA,15.488,42.667,600,balkans
H0710,H,4,2020-08-14,2000-06-12,present,26,There is no Saudi Arabia. It disappeared on 12 June 2000.,still standing today,YEMEN / DJIBOUTI / ERITREA,44.405,13.733,489,middle east
H0711,H,4,1997-10-24,1993-01-01,2016-06-30,23,"Czech Republic holds this area, which passed to it from Czechoslovakia in 1993.",The map still says Czech Republic. The name changed to Czechia on 1 July 2016.,GERMANY / CZECH REPUBLIC / AUSTRIA,12.49,49.493,422,west-central europe
H0712,H,4,2024-11-12,2022-06-01,present,4,"The map says Türkiye, a name in use from 1 June 2022.",still standing today,SYRIA / TÜRKIYE / LEBANON,36.104,35.648,486,middle east
H0713,H,4,1994-05-14,1971-10-27,1997-05-16,26,"The map says Congo, a name in use from 27 October 1971.",The map still says Zaire. The name changed to Dem. Rep. of the Congo on 17 May 1997.,CONGO / ZAIRE / CAMEROON,17.386,1.037,498,sub-saharan africa
H0714,H,4,2006-06-21,1997-05-17,present,29,"The map says Dem. Rep. of the Congo, a name in use from 17 May 1997.",still standing today,ZAMBIA / DEM. REP. OF THE CONGO / MOZAMBIQUE,28.782,-12.732,512,sub-saharan africa
H0715,H,4,1977-07-01,1976-07-17,2002-05-19,26,There is no Portuguese Timor. It disappeared on 17 July 1976.,There is no Timor-Leste yet. It appeared on 20 May 2002.,AUSTRALIA / PAPUA NEW GUINEA / INDONESIA,136.687,-17.197,2840,oceania
H0716,H,4,2015-08-12,2000-06-12,present,26,"The border between Saudi Arabia and Yemen is already in its new place, set on 12 June 2000.",still standing today,YEMEN / SAUDI ARABIA / DJIBOUTI,45.616,15.574,727,middle east
H0717,H,4,1995-02-06,1975-06-25,1997-05-16,22,"Mozambique is shown independent, which it became on 25 June 1975.",The map still says Zaire. The name changed to Dem. Rep. of the Congo on 17 May 1997.,ZAMBIA / ZAIRE / MOZAMBIQUE,28.813,-12.223,675,sub-saharan africa
H0718,H,4,1977-10-25,1971-10-27,1997-05-16,26,"The map says Zaire, a name in use from 27 October 1971.",The map still says Zaire. The name changed to Dem. Rep. of the Congo on 17 May 1997.,ZAIRE / CONGO / CENTRAL AFRICAN REPUBLIC,20.852,-0.853,1116,sub-saharan africa
H0719,H,4,1992-08-08,1991-11-20,2019-02-11,28,"Macedonia holds this area, which passed to it from Yugoslavia on 20 November 1991.",The map still says Macedonia. The name changed to North Macedonia on 12 February 2019.,GREECE / MACEDONIA / BULGARIA,23.392,39.927,443,balkans
H0720,H,4,1992-07-19,1990-05-22,1993-05-23,3,There is no South Yemen. It disappeared on 22 May 1990.,There is no Eritrea yet. It appeared on 24 May 1993.,SAUDI ARABIA / YEMEN / ETHIOPIA,43.983,20.235,1359,middle east
H0721,H,4,1991-09-30,1991-09-19,1991-12-25,0,"The map says Belarus, a name in use from 19 September 1991.",The map still says U.S.S.R.. The name changed to Russia on 26 December 1991.,U.S.S.R. / BELARUS / FINLAND,34.076,58.182,751,eastern europe
H0722,H,4,1990-10-05,1990-05-22,1993-05-23,3,There is no South Yemen. It disappeared on 22 May 1990.,There is no Eritrea yet. It appeared on 24 May 1993.,YEMEN / SAUDI ARABIA / DJIBOUTI,45.542,14.254,665,middle east
H0723,H,4,1977-12-24,1977-06-27,1993-05-23,16,"The map says Djibouti, a name in use from 27 June 1977.",There is no Eritrea yet. It appeared on 24 May 1993.,ETHIOPIA / SOMALIA / DJIBOUTI,41.518,9.223,703,sub-saharan africa
H0724,H,4,2024-10-05,2000-06-12,present,26,"The border between Saudi Arabia and Yemen is already in its new place, set on 12 June 2000.",still standing today,SAUDI ARABIA / YEMEN / QATAR,48.033,21.947,870,middle east
H0725,H,4,1997-02-03,1990-03-21,1997-05-16,7,"The map says Namibia, a name in use from 21 March 1990.",The map still says Zaire. The name changed to Dem. Rep. of the Congo on 17 May 1997.,ANGOLA / NAMIBIA / ZAIRE,13.29,-15.548,1928,sub-saharan africa
H0726,H,4,1991-10-17,1991-09-06,1991-10-26,0,Tajikistan is on the map. It appeared on 6 September 1991.,There is no Turkmenistan yet. It appeared on 27 October 1991.,UZBEKISTAN / U.S.S.R. / TAJIKISTAN,65.936,41.192,709,central asia
H0727,H,4,1984-10-07,1975-05-01,1989-06-17,14,"The map says Vietnam, a name in use from 1 May 1975.",The map still says Burma. The name changed to Myanmar on 18 June 1989.,CHINA / BURMA / VIETNAM,101.799,25.796,718,southeast asia
H0728,H,4,1996-12-19,1980-04-18,1997-05-16,17,"The map says Zimbabwe, a name in use from 18 April 1980.",The map still says Zaire. The name changed to Dem. Rep. of the Congo on 17 May 1997.,ZAMBIA / ZAIRE / ZIMBABWE,27.221,-14.085,654,sub-saharan africa
H0729,H,4,1994-05-21,1993-05-24,2000-06-11,7,"Eritrea holds this area, which passed to it from Ethiopia on 24 May 1993.",The border between Saudi Arabia and Yemen has not moved yet. It moved on 12 June 2000.,SAUDI ARABIA / YEMEN / ERITREA,43.488,20.622,1197,middle east
H0730,H,4,1978-04-09,1977-06-27,1993-05-23,16,"The map says Djibouti, a name in use from 27 June 1977.",There is no Eritrea yet. It appeared on 24 May 1993.,ETHIOPIA / DJIBOUTI / SAUDI ARABIA,40.432,14.408,591,middle east
H0731,H,4,2011-01-12,1997-05-17,present,29,"The map says Dem. Rep. of the Congo, a name in use from 17 May 1997.",still standing today,CONGO / DEM. REP. OF THE CONGO / CAMEROON,16.524,0.533,462,sub-saharan africa
H0732,H,4,1988-04-10,1971-10-27,1993-05-23,22,"The map says Zaire, a name in use from 27 October 1971.",There is no Eritrea yet. It appeared on 24 May 1993.,SUDAN / ETHIOPIA / ZAIRE,31.038,10.905,1323,sub-saharan africa
H0733,H,4,1979-10-30,1979-06-01,1979-12-11,0,"The map says Zimbabwe Rhodesia, a name in use from 1 June 1979.",The map still says Zimbabwe Rhodesia. The name changed to Southern Rhodesia (Br.) in December 1979.,ZIMBABWE RHODESIA / MOZAMBIQUE / SOUTH AFRICA,31.366,-22.002,552,sub-saharan africa
H0734,H,4,2012-03-14,2000-06-12,present,26,There is no Saudi Arabia. It disappeared on 12 June 2000.,still standing today,YEMEN / SOMALIA / ETHIOPIA,46.673,12.451,782,middle east
H0735,H,4,1984-05-08,1977-06-27,1990-05-21,13,"The map says Djibouti, a name in use from 27 June 1977.",South Yemen is still on the map. It disappeared on 22 May 1990.,YEMEN / SOUTH YEMEN / DJIBOUTI,44.548,13.256,412,middle east
H0736,H,4,2002-09-02,1997-05-17,2011-07-08,14,"The map says Dem. Rep. of the Congo, a name in use from 17 May 1997.",Sudan still holds this area. It passed to South Sudan on 9 July 2011.,DEM. REP. OF THE CONGO / SUDAN / UGANDA,28.657,4.083,606,sub-saharan africa
H0737,H,4,2020-04-13,1997-05-17,present,29,"The map says Dem. Rep. of the Congo, a name in use from 17 May 1997.",still standing today,ZAMBIA / DEM. REP. OF THE CONGO / TANZANIA,28.659,-9.827,911,sub-saharan africa
H0738,H,4,1978-12-26,1971-10-27,1979-05-31,8,"The map says Zaire, a name in use from 27 October 1971.",The map still says Rhodesia. The name changed to Zimbabwe Rhodesia on 1 June 1979.,ZAMBIA / ZAIRE / RHODESIA,27.946,-13.537,763,sub-saharan africa
H0739,H,4,1991-09-27,1990-10-03,1992-12-31,2,"Germany holds this area, which passed to it from East Germany on 3 October 1990.",Czechoslovakia still holds this area. It passed to Czech Republic in 1993.,POLAND / CZECHOSLOVAKIA / GERMANY,16.812,51.923,459,west-central europe
H0740,H,4,1978-05-17,1975-11-14,1979-08-04,4,There is no Spanish Sahara. It disappeared on 14 November 1975.,The border between Mauritania and Morocco has not moved yet. It moved on 5 August 1979.,MAURITANIA / SENEGAL / MOROCCO,-12.977,19.932,932,north africa
H0741,H,4,1990-08-25,1990-05-22,1993-05-23,3,There is no South Yemen. It disappeared on 22 May 1990.,There is no Eritrea yet. It appeared on 24 May 1993.,YEMEN / ETHIOPIA / DJIBOUTI,42.657,13.946,513,middle east
H0742,H,4,2014-02-06,2000-06-12,present,26,There is no Saudi Arabia. It disappeared on 12 June 2000.,still standing today,YEMEN / SOMALIA / DJIBOUTI,45.271,12.992,620,middle east
H0743,H,4,2008-04-09,1993-01-01,2016-06-30,23,"Czech Republic holds this area, which passed to it from Czechoslovakia in 1993.",The map still says Czech Republic. The name changed to Czechia on 1 July 2016.,GERMANY / CZECH REPUBLIC / DENMARK,9.971,52.449,533,west-central europe
H0744,H,4,1991-12-18,1991-10-27,1991-12-20,0,Turkmenistan is on the map. It appeared on 27 October 1991.,The border between U.S.S.R. and U.S.S.R. has not moved yet. It moved on 21 December 1991.,U.S.S.R. / TURKMENISTAN / IRAN,52.214,41.27,890,central asia
H0745,H,4,2023-12-25,2022-06-01,present,4,"The map says Türkiye, a name in use from 1 June 2022.",still standing today,TÜRKIYE / GREECE / CYPRUS,29.72,37.967,802,balkans
H0746,H,4,2022-10-26,2022-06-01,present,4,"The map says Türkiye, a name in use from 1 June 2022.",still standing today,TÜRKIYE / SYRIA / CYPRUS,33.163,38.535,794,middle east
H0747,H,4,2023-06-02,2016-07-01,present,10,"The map says Czechia, a name in use from 1 July 2016.",still standing today,GERMANY / CZECHIA / FRANCE,9.791,51.509,515,west-central europe
H0748,H,4,1991-10-11,1991-09-19,1991-12-25,0,"The map says Belarus, a name in use from 19 September 1991.",The map still says U.S.S.R.. The name changed to Russia on 26 December 1991.,U.S.S.R. / BELARUS / LATVIA,30.81,55.433,450,eastern europe
H0749,H,4,1991-12-09,1991-09-06,1991-12-25,0,Estonia is on the map. It appeared on 6 September 1991.,The map still says U.S.S.R.. The name changed to Russia on 26 December 1991.,U.S.S.R. / FINLAND / ESTONIA,30.203,61.648,760,scandinavia and baltic
H0750,H,4,1991-08-30,1991-08-25,1991-09-05,0,Byelorussia is on the map. It appeared on 25 August 1991.,There is no Latvia yet. It appeared on 6 September 1991.,U.S.S.R. / BYELORUSSIA / ROMANIA,34.592,51.524,1435,eastern europe
H0751,H,4,1997-01-26,1971-10-27,1997-05-16,26,"The map says Zaire, a name in use from 27 October 1971.",The map still says Zaire. The name changed to Dem. Rep. of the Congo on 17 May 1997.,ZAIRE / ZAMBIA / RWANDA,26.484,-5.561,755,sub-saharan africa
H0752,H,4,1997-01-25,1990-05-22,2000-06-11,10,There is no South Yemen. It disappeared on 22 May 1990.,The border between Saudi Arabia and Yemen has not moved yet. It moved on 12 June 2000.,SAUDI ARABIA / IRAQ / YEMEN,44.102,23.803,1320,middle east
H0753,H,4,1991-09-07,1991-09-06,1991-09-18,0,Latvia is on the map. It appeared on 6 September 1991.,The map still says Byelorussia. The name changed to Belarus on 19 September 1991.,U.S.S.R. / BYELORUSSIA / LATVIA,32.306,53.069,987,eastern europe
H0754,H,4,1976-07-08,1975-11-14,1979-08-04,4,There is no Spanish Sahara. It disappeared on 14 November 1975.,There is no Morocco yet. It appeared on 5 August 1979.,MAURITANIA / SENEGAL / MALI,-15.124,17.585,898,north africa
H0755,H,4,2006-09-27,2006-06-06,2008-02-16,2,Serbia is on the map. It appeared on 6 June 2006.,Serbia still holds land it gave up on 17 February 2008.,ROMANIA / BULGARIA / SERBIA,24.069,44.812,452,eastern europe
H0756,H,4,2023-02-06,2016-07-01,present,10,"The map says Czechia, a name in use from 1 July 2016.",still standing today,POLAND / CZECHIA / SLOVAKIA,17.67,51.375,509,west-central europe
H0757,H,4,2003-12-16,2003-02-04,2006-06-02,3,"The map says Serbia and Montenegro, a name in use from 4 February 2003.",Serbia and Montenegro is still on the map. It disappeared on 3 June 2006.,ROMANIA / SERBIA AND MONTENEGRO / HUNGARY,21.36,45.76,411,balkans
H0758,H,4,2017-07-12,1997-05-17,present,29,"The map says Dem. Rep. of the Congo, a name in use from 17 May 1997.",still standing today,DEM. REP. OF THE CONGO / ZAMBIA / RWANDA,26.146,-5.574,824,sub-saharan africa
H0759,H,4,2008-01-19,1997-05-17,present,29,"The map says Dem. Rep. of the Congo, a name in use from 17 May 1997.",still standing today,DEM. REP. OF THE CONGO / UGANDA / TANZANIA,29.644,0.925,436,sub-saharan africa
H0760,H,4,1981-08-26,1971-10-27,1997-05-16,26,"The map says Zaire, a name in use from 27 October 1971.",The map still says Zaire. The name changed to Dem. Rep. of the Congo on 17 May 1997.,ZAIRE / BURUNDI / RWANDA,27.625,-4.461,528,sub-saharan africa
H0761,H,4,1979-05-29,1975-06-25,1979-05-31,4,"Mozambique is shown independent, which it became on 25 June 1975.",The map still says Rhodesia. The name changed to Zimbabwe Rhodesia on 1 June 1979.,MOZAMBIQUE / RHODESIA / MALAWI,34.739,-17.911,592,sub-saharan africa
H0762,H,4,1991-09-28,1990-05-22,1993-05-23,3,There is no South Yemen. It disappeared on 22 May 1990.,There is no Eritrea yet. It appeared on 24 May 1993.,YEMEN / SAUDI ARABIA / SOMALIA,47.34,14.628,1108,middle east
H0763,H,4,1992-05-12,1990-10-03,1992-12-31,2,There is no East Germany. It disappeared on 3 October 1990.,Czechoslovakia still holds this area. It passed to Czech Republic in 1993.,GERMANY / CZECHOSLOVAKIA / FRANCE,10.675,51.433,574,west-central europe
H0764,H,4,2024-03-17,2022-06-01,present,4,"The map says Türkiye, a name in use from 1 June 2022.",still standing today,TÜRKIYE / GEORGIA / IRAQ,40.025,40.076,597,middle east
H0765,H,4,1991-09-05,1991-08-25,1991-09-05,0,Byelorussia is on the map. It appeared on 25 August 1991.,There is no Latvia yet. It appeared on 6 September 1991.,U.S.S.R. / POLAND / BYELORUSSIA,22.425,55.766,631,eastern europe
H0766,H,4,1991-11-10,1991-09-19,1991-11-30,0,"The map says Belarus, a name in use from 19 September 1991.",U.S.S.R. is still on the map. It disappeared on 1 December 1991.,U.S.S.R. / POLAND / BELARUS,24.976,50.842,471,eastern europe
H0767,H,4,2016-12-19,2016-07-01,present,10,"The map says Czechia, a name in use from 1 July 2016.",still standing today,GERMANY / CZECHIA / AUSTRIA,11.433,49.644,391,west-central europe
H0768,H,4,2025-10-12,2022-06-01,present,4,"The map says Türkiye, a name in use from 1 June 2022.",still standing today,TÜRKIYE / GEORGIA / ARMENIA,41.512,40.591,461,middle east
H0769,H,4,2025-06-05,1997-05-17,present,29,"The map says Dem. Rep. of the Congo, a name in use from 17 May 1997.",still standing today,DEM. REP. OF THE CONGO / UGANDA / RWANDA,27.828,0.925,540,sub-saharan africa
H0770,H,4,2010-08-27,2000-06-12,present,26,"The border between Saudi Arabia and Yemen is already in its new place, set on 12 June 2000.",still standing today,SAUDI ARABIA / IRAQ / YEMEN,44.56,24.104,1206,middle east
H0771,H,4,1979-12-16,1979-12-12,1980-04-17,1,"The map says Southern Rhodesia (Br.), a name in use from December 1979.",The map still says Southern Rhodesia (Br.). The name changed to Zimbabwe on 18 April 1980.,MOZAMBIQUE / SOUTH AFRICA / SOUTHERN RHODESIA (BR.),32.273,-23.403,519,sub-saharan africa
H0772,H,4,1991-11-15,1991-10-27,1991-12-20,0,Turkmenistan is on the map. It appeared on 27 October 1991.,The border between U.S.S.R. and U.S.S.R. has not moved yet. It moved on 21 December 1991.,U.S.S.R. / UZBEKISTAN / TURKMENISTAN,60.648,45.503,1405,central asia
H0773,H,4,2011-06-16,1997-05-17,present,29,"The map says Dem. Rep. of the Congo, a name in use from 17 May 1997.",still standing today,DEM. REP. OF THE CONGO / ZAMBIA / BURUNDI,26.806,-6.583,775,sub-saharan africa
H0774,H,4,1976-11-28,1975-11-11,1990-03-20,15,"Angola is shown independent, which it became on 11 November 1975.",The map still says South West Africa (S. Afr.). The name changed to Namibia on 21 March 1990.,SOUTH WEST AFRICA (S. AFR.) / ANGOLA / SOUTH AFRICA,14.727,-22.084,1508,sub-saharan africa
H0775,H,4,2005-02-15,1991-11-20,2006-06-05,15,Macedonia is on the map. It appeared on 20 November 1991.,There is no Serbia yet. It appeared on 6 June 2006.,GREECE / ALBANIA / MACEDONIA,20.447,40.38,391,balkans
H0776,H,4,1985-06-27,1960-08-07,1985-10-11,25,"Ivory Coast is shown independent, which it became on 7 August 1960.",The map still says Ivory Coast. The name changed to Côte d'Ivoire in October 1985.,GHANA / IVORY COAST / TOGO,-2.379,5.923,828,sub-saharan africa
H0777,H,4,2026-04-18,2006-06-06,present,20,Serbia is on the map. It appeared on 6 June 2006.,still standing today,ROMANIA / SERBIA / HUNGARY,22.019,45.754,396,balkans
H0778,H,4,1991-12-25,1991-12-21,1991-12-25,0,"U.S.S.R. has already given up land, on 21 December 1991.",The map still says U.S.S.R.. The name changed to Russia on 26 December 1991.,U.S.S.R. / MONGOLIA / CHINA,87.104,53.522,1046,central asia
H0779,H,4,1979-10-06,1979-06-01,1979-12-11,0,"The map says Zimbabwe Rhodesia, a name in use from 1 June 1979.",The map still says Zimbabwe Rhodesia. The name changed to Southern Rhodesia (Br.) in December 1979.,ZIMBABWE RHODESIA / ZAMBIA / MOZAMBIQUE,29.657,-17.561,584,sub-saharan africa
H0780,H,4,1992-10-09,1971-10-27,1997-05-16,26,"The map says Zaire, a name in use from 27 October 1971.",The map still says Zaire. The name changed to Dem. Rep. of the Congo on 17 May 1997.,UGANDA / TANZANIA / ZAIRE,32.338,0.662,390,sub-saharan africa
H0781,H,4,1991-11-14,1991-09-19,1991-11-30,0,"The map says Belarus, a name in use from 19 September 1991.",U.S.S.R. still holds land it gave up on 1 December 1991.,U.S.S.R. / BELARUS / LATVIA,34.259,54.727,976,eastern europe
H0782,H,4,2012-01-14,2011-07-09,present,15,South Sudan is on the map. It appeared on 9 July 2011.,still standing today,SOUTH SUDAN / SUDAN / DEM. REP. OF THE CONGO,29.525,7.881,790,sub-saharan africa
H0783,H,4,2019-01-23,2016-07-01,present,10,"The map says Czechia, a name in use from 1 July 2016.",still standing today,GERMANY / NETHERLANDS / CZECHIA,9.718,52.372,593,west-central europe
H0784,H,4,1992-11-08,1990-05-22,1993-05-23,3,There is no South Yemen. It disappeared on 22 May 1990.,There is no Eritrea yet. It appeared on 24 May 1993.,YEMEN / SOMALIA / DJIBOUTI,44.855,12.425,514,middle east
H0785,H,4,1991-09-06,1991-09-06,1991-12-20,0,Georgia is on the map. It appeared on 6 September 1991.,U.S.S.R. still holds land it gave up on 21 December 1991.,U.S.S.R. / GEORGIA / TURKEY,46.122,42.337,506,central asia
H0786,H,4,2011-06-24,1991-12-26,2014-03-17,23,Ukraine is on the map. It appeared on 26 December 1991.,Ukraine still holds this area. It passed to Russia on 18 March 2014.,TURKEY / ROMANIA / UKRAINE,32.195,41.576,722,middle east
H0787,H,4,1990-11-01,1990-05-22,1993-05-23,3,There is no South Yemen. It disappeared on 22 May 1990.,There is no Eritrea yet. It appeared on 24 May 1993.,SAUDI ARABIA / YEMEN / OMAN,47.4,19.071,1279,middle east
H0788,H,4,1991-12-19,1991-12-01,1991-12-20,0,"U.S.S.R. has already given up land, on 1 December 1991.",U.S.S.R. still holds land it gave up on 21 December 1991.,U.S.S.R. / TURKEY / GEORGIA,44.288,51.203,2127,eastern europe
H0789,H,4,1984-08-25,1960-08-07,1985-10-11,25,"Ivory Coast is shown independent, which it became on 7 August 1960.",The map still says Ivory Coast. The name changed to Côte d'Ivoire in October 1985.,IVORY COAST / GHANA / LIBERIA,-5.211,6.153,661,sub-saharan africa
H0790,H,4,1991-10-16,1991-09-19,1991-11-30,0,"The map says Belarus, a name in use from 19 September 1991.",The border between U.S.S.R. and U.S.S.R. has not moved yet. It moved on 1 December 1991.,BELARUS / U.S.S.R. / LITHUANIA,29.118,53.323,489,eastern europe
H0791,H,4,1991-09-04,1991-08-25,1991-09-05,0,Byelorussia is on the map. It appeared on 25 August 1991.,There is no Latvia yet. It appeared on 6 September 1991.,U.S.S.R. / TURKEY / BYELORUSSIA,40.769,50.932,2153,eastern europe
